control_id,dataset,case_id,source_case_id,presence_stratum,class_stratum,original_text,assigned_text,original_text_sha256,assigned_text_sha256,source_is_self,text_changed
STRATIFIED_DERANGEMENT_V1_20260719,medclipseg_brisc,medclipseg_brisc:brisc2025_test_00001_gl_ax_t1,medclipseg_brisc:brisc2025_test_00254_gl_sa_t1,present,glioma,Findings indicate a glioma tumor situated in the center area.,Imaging demonstrates a glioma tumor occupying the center region.,49a9033e92c1cc8c75585e7dcb4acbd2f770be64808e725de0a9aecc4173d04f,a01ed7c9def4eda066a3b438eae4a6413519b7d146e90aff0e0b2cbe2335074a,0,1
STRATIFIED_DERANGEMENT_V1_20260719,medclipseg_brisc,medclipseg_brisc:brisc2025_test_00002_gl_ax_t1,medclipseg_brisc:brisc2025_test_00112_gl_co_t1,present,glioma,Detected a glioma neoplasm in the center region of the brain.,Detected abnormal growth of glioma tumor in the center part.,99ea01dabfc2ab57f311e00f13b1d2af004d2c83dc181a2cf4933defa46db093,4a8f6a8eef57ba18fca9754ccce00339f987f7466099e06c38a0ba7eea1a2c5b,0,1
STRATIFIED_DERANGEMENT_V1_20260719,medclipseg_brisc,medclipseg_brisc:brisc2025_test_00003_gl_ax_t1,medclipseg_brisc:brisc2025_test_00222_gl_sa_t1,present,glioma,Detected glioma lesion located at the center area.,Detected glioma lesion located at the upper area.,8106ef524d37f3628052f2aafb7c8d13fcac634c9226294f4eb5619536dcc65d,b642ce657d557a39cc6897d9d063628acaac76d1030fa89f05745e840ae15447,0,1
STRATIFIED_DERANGEMENT_V1_20260719,medclipseg_brisc,medclipseg_brisc:brisc2025_test_00004_gl_ax_t1,medclipseg_brisc:brisc2025_test_00137_gl_co_t1,present,glioma,A glioma tumor is present in the center region of the brain.,A glioma tumor is present in the upper region of the brain.,f0e2eb7a6f37bb448676b1c15e70b8e9e7eed4b9a13c461b70bd007a02b0ce75,85fe57979fda2d3e8da38e195bdbe8ebd3cc25f988f78a81533c4c45e8b7ea0d,0,1
STRATIFIED_DERANGEMENT_V1_20260719,medclipseg_brisc,medclipseg_brisc:brisc2025_test_00005_gl_ax_t1,medclipseg_brisc:brisc2025_test_00249_gl_sa_t1,present,glioma,Imaging reveals a glioma abnormality located in the center.,Imaging reveals a glioma abnormality located in the upper.,76b2f2dc3c1dff710cd5b1e8963fa97211c6059a3b8d591f4a25805fec81821c,e6c76a7c705dfa210fadd08a1ce5d14a50f751098d705df7801d243bd940c88e,0,1
STRATIFIED_DERANGEMENT_V1_20260719,medclipseg_brisc,medclipseg_brisc:brisc2025_test_00006_gl_ax_t1,medclipseg_brisc:brisc2025_test_00050_gl_ax_t1,present,glioma,The MRI shows a glioma mass located within the upper region.,The center brain region contains a detected glioma tumor.,ec06327044ca1cb463cae13b7f8301ad3d95b75ee189f4d90ed4490a7c951d88,c835f23603372fcba8de3c96acdc868564af083f48fd74d6265d3e5e36039428,0,1
STRATIFIED_DERANGEMENT_V1_20260719,medclipseg_brisc,medclipseg_brisc:brisc2025_test_00007_gl_ax_t1,medclipseg_brisc:brisc2025_test_00022_gl_ax_t1,present,glioma,A glioma tumor can be seen in the lower portion of the brain.,A glioma tumor is present in the center region of the brain.,b166f38fb56762aa76de308da80779f23af33cfadfac43718b8283d3e01c75bc,f0e2eb7a6f37bb448676b1c15e70b8e9e7eed4b9a13c461b70bd007a02b0ce75,0,1
STRATIFIED_DERANGEMENT_V1_20260719,medclipseg_brisc,medclipseg_brisc:brisc2025_test_00008_gl_ax_t1,medclipseg_brisc:brisc2025_test_00116_gl_co_t1,present,glioma,A glioma tumor can be seen in the center portion of the brain.,A glioma tumor has been identified in the center area.,ff3ec6112afd48df3de951c60f6b60b8b5ea9a99f92e2d539b059ae28c308267,5c729ca74b49bb95f650b97140a4416882bcd9839ff19a6872c1977cdb14d443,0,1
STRATIFIED_DERANGEMENT_V1_20260719,medclipseg_brisc,medclipseg_brisc:brisc2025_test_00009_gl_ax_t1,medclipseg_brisc:brisc2025_test_00107_gl_co_t1,present,glioma,Imaging identifies a glioma tumor in the center quadrant.,Imaging reveals a glioma abnormality located in the center.,976c2709a844aa12b7f0f67def4065648ff97d89849741d8a4c0215d364413e3,76b2f2dc3c1dff710cd5b1e8963fa97211c6059a3b8d591f4a25805fec81821c,0,1
STRATIFIED_DERANGEMENT_V1_20260719,medclipseg_brisc,medclipseg_brisc:brisc2025_test_00010_gl_ax_t1,medclipseg_brisc:brisc2025_test_00169_gl_sa_t1,present,glioma,A focal glioma mass is identified in the center region.,A glioma tumor can be seen in the center portion of the brain.,871db0f9243cc24f0f3a21024ba26e11de397e7a8b990df8cb2f08528ab83955,ff3ec6112afd48df3de951c60f6b60b8b5ea9a99f92e2d539b059ae28c308267,0,1
STRATIFIED_DERANGEMENT_V1_20260719,medclipseg_brisc,medclipseg_brisc:brisc2025_test_00011_gl_ax_t1,medclipseg_brisc:brisc2025_test_00187_gl_sa_t1,present,glioma,A glioma tumor is visible in the left region on the scan.,A suspicious glioma lesion is located in the upper section.,0d761fad6b1c11a6c895b47cb5fec4c4f645a3e6222a7ac1696815a5006cf189,c1ec50ee82847362b99cc35882087d9b830926ae8b32cf9eff15a90b857f5d15,0,1
STRATIFIED_DERANGEMENT_V1_20260719,medclipseg_brisc,medclipseg_brisc:brisc2025_test_00012_gl_ax_t1,medclipseg_brisc:brisc2025_test_00190_gl_sa_t1,present,glioma,Detected abnormal growth of glioma tumor in the center part.,Detected glioma lesion located at the center area.,4a8f6a8eef57ba18fca9754ccce00339f987f7466099e06c38a0ba7eea1a2c5b,8106ef524d37f3628052f2aafb7c8d13fcac634c9226294f4eb5619536dcc65d,0,1
STRATIFIED_DERANGEMENT_V1_20260719,medclipseg_brisc,medclipseg_brisc:brisc2025_test_00013_gl_ax_t1,medclipseg_brisc:brisc2025_test_00083_gl_ax_t1,present,glioma,The center area contains a confirmed glioma tumor.,The center brain region contains a detected glioma tumor.,055a1317f6259a2439eb604dbd74d6eb1b9abcad32695aa54895edecd6b59f15,c835f23603372fcba8de3c96acdc868564af083f48fd74d6265d3e5e36039428,0,1
STRATIFIED_DERANGEMENT_V1_20260719,medclipseg_brisc,medclipseg_brisc:brisc2025_test_00014_gl_ax_t1,medclipseg_brisc:brisc2025_test_00026_gl_ax_t1,present,glioma,Abnormal glioma growth observed in the right part of the brain.,An area of glioma tumor is identified in the center part of the brain.,8a0df72b86644649c34f36542d2e3651b4a93aa86e4eac2f0732d717a7f60f79,b4b1c151b86dc1df28db9f0dbee518704bec82c8e435d016df40f309296040fd,0,1
STRATIFIED_DERANGEMENT_V1_20260719,medclipseg_brisc,medclipseg_brisc:brisc2025_test_00015_gl_ax_t1,medclipseg_brisc:brisc2025_test_00017_gl_ax_t1,present,glioma,The center section of the brain contains a glioma lesion.,The right part of the brain exhibits a glioma abnormality.,91e095d27f6bfadceaf39ab8fcfd82a809f6c5d62ff2317d920fadd35a2654c5,f1803b85a384d97f0b2d250ea37197076232c8be38ffb213ecf949e45934cb07,0,1
STRATIFIED_DERANGEMENT_V1_20260719,medclipseg_brisc,medclipseg_brisc:brisc2025_test_00016_gl_ax_t1,medclipseg_brisc:brisc2025_test_00086_gl_co_t1,present,glioma,A focal glioma mass is identified in the center region.,A glioma tumor can be seen in the left portion of the brain.,871db0f9243cc24f0f3a21024ba26e11de397e7a8b990df8cb2f08528ab83955,dd7483200b3667e157a55fab7f9e6976f7988319d4eb785348c278caa39539bc,0,1
STRATIFIED_DERANGEMENT_V1_20260719,medclipseg_brisc,medclipseg_brisc:brisc2025_test_00017_gl_ax_t1,medclipseg_brisc:brisc2025_test_00236_gl_sa_t1,present,glioma,The right part of the brain exhibits a glioma abnormality.,The upper brain region contains a detected glioma tumor.,f1803b85a384d97f0b2d250ea37197076232c8be38ffb213ecf949e45934cb07,5e559cb317ac8bb5c22a73840f87759c1a34df012b3f6427ac8d444ad209426e,0,1
STRATIFIED_DERANGEMENT_V1_20260719,medclipseg_brisc,medclipseg_brisc:brisc2025_test_00018_gl_ax_t1,medclipseg_brisc:brisc2025_test_00021_gl_ax_t1,present,glioma,Imaging identifies a glioma tumor in the lower quadrant.,Imaging reveals a glioma abnormality located in the left.,a7335db614d96d39e44f88b5dee07b63692596f4e08e0dc30adcd15a154dc3b1,c84a0b0ba481653effbf4f4ba0b217d2909f9ce1cf01551ed2ace1cc400bbcc8,0,1
STRATIFIED_DERANGEMENT_V1_20260719,medclipseg_brisc,medclipseg_brisc:brisc2025_test_00019_gl_ax_t1,medclipseg_brisc:brisc2025_test_00033_gl_ax_t1,present,glioma,There is a glioma lesion affecting the center area of the brain.,There is a glioma lesion affecting the right area of the brain.,d45a1e67ce275c449af4bbd72119cb1079de7eb70b027e34155fb9aed6c4e5ac,6ac26d2d1e84a66a2ae84f331451a6366329fcabb10bf7968edd3a0a953993e0,0,1
STRATIFIED_DERANGEMENT_V1_20260719,medclipseg_brisc,medclipseg_brisc:brisc2025_test_00020_gl_ax_t1,medclipseg_brisc:brisc2025_test_00001_gl_ax_t1,present,glioma,Detected glioma lesion located at the center area.,Findings indicate a glioma tumor situated in the center area.,8106ef524d37f3628052f2aafb7c8d13fcac634c9226294f4eb5619536dcc65d,49a9033e92c1cc8c75585e7dcb4acbd2f770be64808e725de0a9aecc4173d04f,0,1
STRATIFIED_DERANGEMENT_V1_20260719,medclipseg_brisc,medclipseg_brisc:brisc2025_test_00021_gl_ax_t1,medclipseg_brisc:brisc2025_test_00025_gl_ax_t1,present,glioma,Imaging reveals a glioma abnormality located in the left.,MRI reveals a glioma tumor located in the center region.,c84a0b0ba481653effbf4f4ba0b217d2909f9ce1cf01551ed2ace1cc400bbcc8,2f555ad0f344a44874ce79f8f2c0d1363cd9ca66ff8816ae6cc45c0d2fbf1b60,0,1
STRATIFIED_DERANGEMENT_V1_20260719,medclipseg_brisc,medclipseg_brisc:brisc2025_test_00022_gl_ax_t1,medclipseg_brisc:brisc2025_test_00059_gl_ax_t1,present,glioma,A glioma tumor is present in the center region of the brain.,A glioma tumor is visible in the center region on the scan.,f0e2eb7a6f37bb448676b1c15e70b8e9e7eed4b9a13c461b70bd007a02b0ce75,85624fdb0ee76f8948ec21a965dd45db583439afa1d18d6cba9b51132314bd8e,0,1
STRATIFIED_DERANGEMENT_V1_20260719,medclipseg_brisc,medclipseg_brisc:brisc2025_test_00023_gl_ax_t1,medclipseg_brisc:brisc2025_test_00006_gl_ax_t1,present,glioma,Presence of a glioma mass detected in the center area.,The MRI shows a glioma mass located within the upper region.,a978b4c8ed667d045047dc865ec0d1fdc50dc33816656f0858701228ac4e9d72,ec06327044ca1cb463cae13b7f8301ad3d95b75ee189f4d90ed4490a7c951d88,0,1
STRATIFIED_DERANGEMENT_V1_20260719,medclipseg_brisc,medclipseg_brisc:brisc2025_test_00024_gl_ax_t1,medclipseg_brisc:brisc2025_test_00081_gl_ax_t1,present,glioma,MRI reveals a glioma tumor located in the center region.,MRI shows a glioma lesion occupying the center area.,2f555ad0f344a44874ce79f8f2c0d1363cd9ca66ff8816ae6cc45c0d2fbf1b60,f343b5b1f15ee54182c223b56ed73a87074cbe9df9696fa7e40671ae8a7c1e97,0,1
STRATIFIED_DERANGEMENT_V1_20260719,medclipseg_brisc,medclipseg_brisc:brisc2025_test_00025_gl_ax_t1,medclipseg_brisc:brisc2025_test_00194_gl_sa_t1,present,glioma,MRI reveals a glioma tumor located in the center region.,MRI shows a glioma lesion occupying the center area.,2f555ad0f344a44874ce79f8f2c0d1363cd9ca66ff8816ae6cc45c0d2fbf1b60,f343b5b1f15ee54182c223b56ed73a87074cbe9df9696fa7e40671ae8a7c1e97,0,1
STRATIFIED_DERANGEMENT_V1_20260719,medclipseg_brisc,medclipseg_brisc:brisc2025_test_00026_gl_ax_t1,medclipseg_brisc:brisc2025_test_00134_gl_co_t1,present,glioma,An area of glioma tumor is identified in the center part of the brain.,An area of glioma tumor is identified in the upper part of the brain.,b4b1c151b86dc1df28db9f0dbee518704bec82c8e435d016df40f309296040fd,e8cb46a7468d66cb69d93c6eeb04443b9a26dca30a6b035c7a08cc89c3ddaee8,0,1
STRATIFIED_DERANGEMENT_V1_20260719,medclipseg_brisc,medclipseg_brisc:brisc2025_test_00027_gl_ax_t1,medclipseg_brisc:brisc2025_test_00181_gl_sa_t1,present,glioma,The upper section of the brain contains a glioma lesion.,There is a glioma lesion affecting the left area of the brain.,a6757a03407259ebfa31aef6b16dc29fbac5b3113dac88241415b24fd9f4324c,3d0fe4976d3cc80259be41b41bc052d6a4467d3aaf381387469782194453747d,0,1
STRATIFIED_DERANGEMENT_V1_20260719,medclipseg_brisc,medclipseg_brisc:brisc2025_test_00028_gl_ax_t1,medclipseg_brisc:brisc2025_test_00144_gl_co_t1,present,glioma,A glioma tumor is present in the upper region of the brain.,A suspicious glioma lesion is located in the center section.,85fe57979fda2d3e8da38e195bdbe8ebd3cc25f988f78a81533c4c45e8b7ea0d,4c730d5ea71c66c2c0d988dc2af5858148cddd7dd5e07481b5b3561bd66c0897,0,1
STRATIFIED_DERANGEMENT_V1_20260719,medclipseg_brisc,medclipseg_brisc:brisc2025_test_00029_gl_ax_t1,medclipseg_brisc:brisc2025_test_00146_gl_co_t1,present,glioma,The center region shows signs of a glioma tumor.,The center section of the brain contains a glioma lesion.,631cd0589f14ef387578d98de4537640373544da0265a24ebde45eda36e6b53a,91e095d27f6bfadceaf39ab8fcfd82a809f6c5d62ff2317d920fadd35a2654c5,0,1
STRATIFIED_DERANGEMENT_V1_20260719,medclipseg_brisc,medclipseg_brisc:brisc2025_test_00030_gl_ax_t1,medclipseg_brisc:brisc2025_test_00090_gl_co_t1,present,glioma,Detected a glioma neoplasm in the upper region of the brain.,Detected glioma lesion located at the center area.,851c25261f67f36ec7b502261c12dcfd82242ceaf4f479d76327db1af98af117,8106ef524d37f3628052f2aafb7c8d13fcac634c9226294f4eb5619536dcc65d,0,1
STRATIFIED_DERANGEMENT_V1_20260719,medclipseg_brisc,medclipseg_brisc:brisc2025_test_00031_gl_ax_t1,medclipseg_brisc:brisc2025_test_00039_gl_ax_t1,present,glioma,Imaging reveals a glioma abnormality located in the center.,MRI findings reveal a glioma tumor in the center zone.,76b2f2dc3c1dff710cd5b1e8963fa97211c6059a3b8d591f4a25805fec81821c,276cce60ebb928eb66ea199c9e004b1bc65016b0b1e3244f46161f7d57a08f2b,0,1
STRATIFIED_DERANGEMENT_V1_20260719,medclipseg_brisc,medclipseg_brisc:brisc2025_test_00032_gl_ax_t1,medclipseg_brisc:brisc2025_test_00173_gl_sa_t1,present,glioma,MRI reveals a glioma tumor located in the center region.,MRI shows a glioma lesion occupying the left area.,2f555ad0f344a44874ce79f8f2c0d1363cd9ca66ff8816ae6cc45c0d2fbf1b60,a615e59d74997d39a0da9117fec2ca0d6d3db35fbb366e8e5ce1f66dc5aacdc8,0,1
STRATIFIED_DERANGEMENT_V1_20260719,medclipseg_brisc,medclipseg_brisc:brisc2025_test_00033_gl_ax_t1,medclipseg_brisc:brisc2025_test_00241_gl_sa_t1,present,glioma,There is a glioma lesion affecting the right area of the brain.,A focal glioma mass is identified in the center region.,6ac26d2d1e84a66a2ae84f331451a6366329fcabb10bf7968edd3a0a953993e0,871db0f9243cc24f0f3a21024ba26e11de397e7a8b990df8cb2f08528ab83955,0,1
STRATIFIED_DERANGEMENT_V1_20260719,medclipseg_brisc,medclipseg_brisc:brisc2025_test_00034_gl_ax_t1,medclipseg_brisc:brisc2025_test_00009_gl_ax_t1,present,glioma,Imaging demonstrates a glioma tumor occupying the center region.,Imaging identifies a glioma tumor in the center quadrant.,a01ed7c9def4eda066a3b438eae4a6413519b7d146e90aff0e0b2cbe2335074a,976c2709a844aa12b7f0f67def4065648ff97d89849741d8a4c0215d364413e3,0,1
STRATIFIED_DERANGEMENT_V1_20260719,medclipseg_brisc,medclipseg_brisc:brisc2025_test_00035_gl_ax_t1,medclipseg_brisc:brisc2025_test_00095_gl_co_t1,present,glioma,Presence of a glioma mass detected in the upper area.,The center area contains a confirmed glioma tumor.,cb5557233e8984238ad13e7baaf1fd7118bb5fc70d7baa833d8ab2d1b7a0d793,055a1317f6259a2439eb604dbd74d6eb1b9abcad32695aa54895edecd6b59f15,0,1
STRATIFIED_DERANGEMENT_V1_20260719,medclipseg_brisc,medclipseg_brisc:brisc2025_test_00036_gl_ax_t1,medclipseg_brisc:brisc2025_test_00042_gl_ax_t1,present,glioma,The lower-right section of the brain contains a glioma lesion.,The upper area contains a confirmed glioma tumor.,27605889e6198d43f947ef2771006cce9a1d144c61d6989d248c488f54edd29f,54a2108b51712a9430928fcfbe84b669a6dfe2a0be6829a2b9469c5c52a51e55,0,1
STRATIFIED_DERANGEMENT_V1_20260719,medclipseg_brisc,medclipseg_brisc:brisc2025_test_00037_gl_ax_t1,medclipseg_brisc:brisc2025_test_00221_gl_sa_t1,present,glioma,The center part of the brain exhibits a glioma abnormality.,The center region shows signs of a glioma tumor.,bf7d5d0af60c23c05be2ddc91fd42591e74752429eac89d3958b99bbe22cf2d8,631cd0589f14ef387578d98de4537640373544da0265a24ebde45eda36e6b53a,0,1
STRATIFIED_DERANGEMENT_V1_20260719,medclipseg_brisc,medclipseg_brisc:brisc2025_test_00038_gl_ax_t1,medclipseg_brisc:brisc2025_test_00102_gl_co_t1,present,glioma,The center area contains a confirmed glioma tumor.,The center brain region contains a detected glioma tumor.,055a1317f6259a2439eb604dbd74d6eb1b9abcad32695aa54895edecd6b59f15,c835f23603372fcba8de3c96acdc868564af083f48fd74d6265d3e5e36039428,0,1
STRATIFIED_DERANGEMENT_V1_20260719,medclipseg_brisc,medclipseg_brisc:brisc2025_test_00039_gl_ax_t1,medclipseg_brisc:brisc2025_test_00077_gl_ax_t1,present,glioma,MRI findings reveal a glioma tumor in the center zone.,MRI reveals a glioma tumor located in the center region.,276cce60ebb928eb66ea199c9e004b1bc65016b0b1e3244f46161f7d57a08f2b,2f555ad0f344a44874ce79f8f2c0d1363cd9ca66ff8816ae6cc45c0d2fbf1b60,0,1
STRATIFIED_DERANGEMENT_V1_20260719,medclipseg_brisc,medclipseg_brisc:brisc2025_test_00040_gl_ax_t1,medclipseg_brisc:brisc2025_test_00220_gl_sa_t1,present,glioma,A suspicious glioma lesion is located in the left section.,An abnormal glioma mass is found in the center section.,49f90333c441feb0c1546d85229ebdf46b9e7d3dc89bb19ab3594e2077645186,13952551b6bda4c1381a3adba8553ab9ec52cf6c91f6f13cdec17c6add80aa61,0,1
STRATIFIED_DERANGEMENT_V1_20260719,medclipseg_brisc,medclipseg_brisc:brisc2025_test_00041_gl_ax_t1,medclipseg_brisc:brisc2025_test_00166_gl_co_t1,present,glioma,MRI reveals a glioma tumor located in the center region.,MRI shows a glioma lesion occupying the upper area.,2f555ad0f344a44874ce79f8f2c0d1363cd9ca66ff8816ae6cc45c0d2fbf1b60,07b8645e864b40002f2b6defbb890e69e474deb30756ae4f71f340c05d606ea1,0,1
STRATIFIED_DERANGEMENT_V1_20260719,medclipseg_brisc,medclipseg_brisc:brisc2025_test_00042_gl_ax_t1,medclipseg_brisc:brisc2025_test_00162_gl_co_t1,present,glioma,The upper area contains a confirmed glioma tumor.,There is a glioma lesion affecting the center area of the brain.,54a2108b51712a9430928fcfbe84b669a6dfe2a0be6829a2b9469c5c52a51e55,d45a1e67ce275c449af4bbd72119cb1079de7eb70b027e34155fb9aed6c4e5ac,0,1
STRATIFIED_DERANGEMENT_V1_20260719,medclipseg_brisc,medclipseg_brisc:brisc2025_test_00043_gl_ax_t1,medclipseg_brisc:brisc2025_test_00014_gl_ax_t1,present,glioma,A suspicious glioma lesion is located in the center section.,Abnormal glioma growth observed in the right part of the brain.,4c730d5ea71c66c2c0d988dc2af5858148cddd7dd5e07481b5b3561bd66c0897,8a0df72b86644649c34f36542d2e3651b4a93aa86e4eac2f0732d717a7f60f79,0,1
STRATIFIED_DERANGEMENT_V1_20260719,medclipseg_brisc,medclipseg_brisc:brisc2025_test_00044_gl_ax_t1,medclipseg_brisc:brisc2025_test_00115_gl_co_t1,present,glioma,Detected glioma lesion located at the right area.,Imaging demonstrates a glioma tumor occupying the center region.,ff32855ede5b5eda98b0766b2c160b9aa5084d43aed5511abafc331644057b4c,a01ed7c9def4eda066a3b438eae4a6413519b7d146e90aff0e0b2cbe2335074a,0,1
STRATIFIED_DERANGEMENT_V1_20260719,medclipseg_brisc,medclipseg_brisc:brisc2025_test_00045_gl_ax_t1,medclipseg_brisc:brisc2025_test_00123_gl_co_t1,present,glioma,Imaging identifies a glioma tumor in the center quadrant.,Imaging reveals a glioma abnormality located in the center.,976c2709a844aa12b7f0f67def4065648ff97d89849741d8a4c0215d364413e3,76b2f2dc3c1dff710cd5b1e8963fa97211c6059a3b8d591f4a25805fec81821c,0,1
STRATIFIED_DERANGEMENT_V1_20260719,medclipseg_brisc,medclipseg_brisc:brisc2025_test_00046_gl_ax_t1,medclipseg_brisc:brisc2025_test_00214_gl_sa_t1,present,glioma,The upper region shows signs of a glioma tumor.,There is a glioma lesion affecting the center area of the brain.,d2ada3ae44cac73abfcf470a573a6e3a8ffc2a89dc55890a44c37e3e68247ac0,d45a1e67ce275c449af4bbd72119cb1079de7eb70b027e34155fb9aed6c4e5ac,0,1
STRATIFIED_DERANGEMENT_V1_20260719,medclipseg_brisc,medclipseg_brisc:brisc2025_test_00047_gl_ax_t1,medclipseg_brisc:brisc2025_test_00104_gl_co_t1,present,glioma,An abnormal glioma mass is found in the upper section.,An area of glioma tumor is identified in the upper part of the brain.,fbafdb9325e5c70f27bcce84b62437572c96cc9b4d1bc290cf8573f09b26e50d,e8cb46a7468d66cb69d93c6eeb04443b9a26dca30a6b035c7a08cc89c3ddaee8,0,1
STRATIFIED_DERANGEMENT_V1_20260719,medclipseg_brisc,medclipseg_brisc:brisc2025_test_00048_gl_ax_t1,medclipseg_brisc:brisc2025_test_00138_gl_co_t1,present,glioma,Detected glioma lesion located at the upper area.,Imaging demonstrates a glioma tumor occupying the center region.,b642ce657d557a39cc6897d9d063628acaac76d1030fa89f05745e840ae15447,a01ed7c9def4eda066a3b438eae4a6413519b7d146e90aff0e0b2cbe2335074a,0,1
STRATIFIED_DERANGEMENT_V1_20260719,medclipseg_brisc,medclipseg_brisc:brisc2025_test_00049_gl_ax_t1,medclipseg_brisc:brisc2025_test_00094_gl_co_t1,present,glioma,MRI findings reveal a glioma tumor in the center zone.,MRI reveals a glioma tumor located in the center region.,276cce60ebb928eb66ea199c9e004b1bc65016b0b1e3244f46161f7d57a08f2b,2f555ad0f344a44874ce79f8f2c0d1363cd9ca66ff8816ae6cc45c0d2fbf1b60,0,1
STRATIFIED_DERANGEMENT_V1_20260719,medclipseg_brisc,medclipseg_brisc:brisc2025_test_00050_gl_ax_t1,medclipseg_brisc:brisc2025_test_00252_gl_sa_t1,present,glioma,The center brain region contains a detected glioma tumor.,The center part of the brain exhibits a glioma abnormality.,c835f23603372fcba8de3c96acdc868564af083f48fd74d6265d3e5e36039428,bf7d5d0af60c23c05be2ddc91fd42591e74752429eac89d3958b99bbe22cf2d8,0,1
STRATIFIED_DERANGEMENT_V1_20260719,medclipseg_brisc,medclipseg_brisc:brisc2025_test_00051_gl_ax_t1,medclipseg_brisc:brisc2025_test_00147_gl_co_t1,present,glioma,The center region shows signs of a glioma tumor.,The center section of the brain contains a glioma lesion.,631cd0589f14ef387578d98de4537640373544da0265a24ebde45eda36e6b53a,91e095d27f6bfadceaf39ab8fcfd82a809f6c5d62ff2317d920fadd35a2654c5,0,1
STRATIFIED_DERANGEMENT_V1_20260719,medclipseg_brisc,medclipseg_brisc:brisc2025_test_00052_gl_ax_t1,medclipseg_brisc:brisc2025_test_00127_gl_co_t1,present,glioma,There is a glioma lesion affecting the center area of the brain.,There is a glioma lesion affecting the right area of the brain.,d45a1e67ce275c449af4bbd72119cb1079de7eb70b027e34155fb9aed6c4e5ac,6ac26d2d1e84a66a2ae84f331451a6366329fcabb10bf7968edd3a0a953993e0,0,1
STRATIFIED_DERANGEMENT_V1_20260719,medclipseg_brisc,medclipseg_brisc:brisc2025_test_00053_gl_ax_t1,medclipseg_brisc:brisc2025_test_00167_gl_sa_t1,present,glioma,The MRI shows a glioma mass located within the center region.,The center area contains a confirmed glioma tumor.,0737b0bbd79debb2a5599150a77d5d8ff13cddcafc1fc6b9709116ddb828f1a2,055a1317f6259a2439eb604dbd74d6eb1b9abcad32695aa54895edecd6b59f15,0,1
STRATIFIED_DERANGEMENT_V1_20260719,medclipseg_brisc,medclipseg_brisc:brisc2025_test_00054_gl_ax_t1,medclipseg_brisc:brisc2025_test_00226_gl_sa_t1,present,glioma,A glioma tumor can be seen in the center portion of the brain.,A glioma tumor has been identified in the center area.,ff3ec6112afd48df3de951c60f6b60b8b5ea9a99f92e2d539b059ae28c308267,5c729ca74b49bb95f650b97140a4416882bcd9839ff19a6872c1977cdb14d443,0,1
STRATIFIED_DERANGEMENT_V1_20260719,medclipseg_brisc,medclipseg_brisc:brisc2025_test_00055_gl_ax_t1,medclipseg_brisc:brisc2025_test_00100_gl_co_t1,present,glioma,Imaging demonstrates a glioma tumor occupying the left region.,Imaging identifies a glioma tumor in the upper quadrant.,0886109a85805c8472290768b692a221037920468a5e4024224d793bf59d8d02,0671b93219c89d38df195f28d2d4cb065a64fb78cac4570f53290e03d2d94f2c,0,1
STRATIFIED_DERANGEMENT_V1_20260719,medclipseg_brisc,medclipseg_brisc:brisc2025_test_00056_gl_ax_t1,medclipseg_brisc:brisc2025_test_00109_gl_co_t1,present,glioma,Detected glioma lesion located at the left area.,Imaging demonstrates a glioma tumor occupying the center region.,5dab47f4fc74307fa701a2d1d132130d9e9a929f6762b333bae49b9bfedaf898,a01ed7c9def4eda066a3b438eae4a6413519b7d146e90aff0e0b2cbe2335074a,0,1
STRATIFIED_DERANGEMENT_V1_20260719,medclipseg_brisc,medclipseg_brisc:brisc2025_test_00057_gl_ax_t1,medclipseg_brisc:brisc2025_test_00044_gl_ax_t1,present,glioma,Detected abnormal growth of glioma tumor in the lower-left part.,Detected glioma lesion located at the right area.,8826711e275178a8ab7377a1a4eb1f3c60f3ead1a77c65c8fcd2e092e6031d92,ff32855ede5b5eda98b0766b2c160b9aa5084d43aed5511abafc331644057b4c,0,1
STRATIFIED_DERANGEMENT_V1_20260719,medclipseg_brisc,medclipseg_brisc:brisc2025_test_00058_gl_ax_t1,medclipseg_brisc:brisc2025_test_00175_gl_sa_t1,present,glioma,The MRI shows a glioma mass located within the center region.,The center area contains a confirmed glioma tumor.,0737b0bbd79debb2a5599150a77d5d8ff13cddcafc1fc6b9709116ddb828f1a2,055a1317f6259a2439eb604dbd74d6eb1b9abcad32695aa54895edecd6b59f15,0,1
STRATIFIED_DERANGEMENT_V1_20260719,medclipseg_brisc,medclipseg_brisc:brisc2025_test_00059_gl_ax_t1,medclipseg_brisc:brisc2025_test_00245_gl_sa_t1,present,glioma,A glioma tumor is visible in the center region on the scan.,A suspicious glioma lesion is located in the center section.,85624fdb0ee76f8948ec21a965dd45db583439afa1d18d6cba9b51132314bd8e,4c730d5ea71c66c2c0d988dc2af5858148cddd7dd5e07481b5b3561bd66c0897,0,1
STRATIFIED_DERANGEMENT_V1_20260719,medclipseg_brisc,medclipseg_brisc:brisc2025_test_00060_gl_ax_t1,medclipseg_brisc:brisc2025_test_00243_gl_sa_t1,present,glioma,An area of glioma tumor is identified in the lower part of the brain.,Detected a glioma neoplasm in the center region of the brain.,666a858ac9b76d22d21753630a2d546ac34f7bc8939149efecde5d929d14b839,99ea01dabfc2ab57f311e00f13b1d2af004d2c83dc181a2cf4933defa46db093,0,1
STRATIFIED_DERANGEMENT_V1_20260719,medclipseg_brisc,medclipseg_brisc:brisc2025_test_00061_gl_ax_t1,medclipseg_brisc:brisc2025_test_00207_gl_sa_t1,present,glioma,The lower region shows signs of a glioma tumor.,The scan shows a glioma tumor positioned in the upper.,126b139c4afd0b6a67cb892deeab9007534ff8b1d785e6cad681f8f1de8b995e,0a822d87ab7545acfda36d092e7719d085505d7352c508ed13a9dc816eb62aec,0,1
STRATIFIED_DERANGEMENT_V1_20260719,medclipseg_brisc,medclipseg_brisc:brisc2025_test_00062_gl_ax_t1,medclipseg_brisc:brisc2025_test_00110_gl_co_t1,present,glioma,A glioma tumor is present in the lower region of the brain.,A suspicious glioma lesion is located in the center section.,2c3d4097e373848bce1620a8509145c31c98d067660bf94806b65dc996e94ea4,4c730d5ea71c66c2c0d988dc2af5858148cddd7dd5e07481b5b3561bd66c0897,0,1
STRATIFIED_DERANGEMENT_V1_20260719,medclipseg_brisc,medclipseg_brisc:brisc2025_test_00063_gl_ax_t1,medclipseg_brisc:brisc2025_test_00237_gl_sa_t1,present,glioma,An area of glioma tumor is identified in the center part of the brain.,An area of glioma tumor is identified in the upper part of the brain.,b4b1c151b86dc1df28db9f0dbee518704bec82c8e435d016df40f309296040fd,e8cb46a7468d66cb69d93c6eeb04443b9a26dca30a6b035c7a08cc89c3ddaee8,0,1
STRATIFIED_DERANGEMENT_V1_20260719,medclipseg_brisc,medclipseg_brisc:brisc2025_test_00064_gl_ax_t1,medclipseg_brisc:brisc2025_test_00013_gl_ax_t1,present,glioma,Presence of a glioma mass detected in the center area.,The center area contains a confirmed glioma tumor.,a978b4c8ed667d045047dc865ec0d1fdc50dc33816656f0858701228ac4e9d72,055a1317f6259a2439eb604dbd74d6eb1b9abcad32695aa54895edecd6b59f15,0,1
STRATIFIED_DERANGEMENT_V1_20260719,medclipseg_brisc,medclipseg_brisc:brisc2025_test_00065_gl_ax_t1,medclipseg_brisc:brisc2025_test_00145_gl_co_t1,present,glioma,A glioma tumor has been identified in the center area.,A glioma tumor is present in the center region of the brain.,5c729ca74b49bb95f650b97140a4416882bcd9839ff19a6872c1977cdb14d443,f0e2eb7a6f37bb448676b1c15e70b8e9e7eed4b9a13c461b70bd007a02b0ce75,0,1
STRATIFIED_DERANGEMENT_V1_20260719,medclipseg_brisc,medclipseg_brisc:brisc2025_test_00066_gl_ax_t1,medclipseg_brisc:brisc2025_test_00057_gl_ax_t1,present,glioma,Detected a glioma neoplasm in the center region of the brain.,Detected abnormal growth of glioma tumor in the lower-left part.,99ea01dabfc2ab57f311e00f13b1d2af004d2c83dc181a2cf4933defa46db093,8826711e275178a8ab7377a1a4eb1f3c60f3ead1a77c65c8fcd2e092e6031d92,0,1
STRATIFIED_DERANGEMENT_V1_20260719,medclipseg_brisc,medclipseg_brisc:brisc2025_test_00067_gl_ax_t1,medclipseg_brisc:brisc2025_test_00132_gl_co_t1,present,glioma,The center area contains a confirmed glioma tumor.,The center brain region contains a detected glioma tumor.,055a1317f6259a2439eb604dbd74d6eb1b9abcad32695aa54895edecd6b59f15,c835f23603372fcba8de3c96acdc868564af083f48fd74d6265d3e5e36039428,0,1
STRATIFIED_DERANGEMENT_V1_20260719,medclipseg_brisc,medclipseg_brisc:brisc2025_test_00068_gl_ax_t1,medclipseg_brisc:brisc2025_test_00225_gl_sa_t1,present,glioma,An area of glioma tumor is identified in the left part of the brain.,Detected a glioma neoplasm in the center region of the brain.,5badd52125d621e8e8bada234f2dabdee92000db5046c910e6c73cbae667478a,99ea01dabfc2ab57f311e00f13b1d2af004d2c83dc181a2cf4933defa46db093,0,1
STRATIFIED_DERANGEMENT_V1_20260719,medclipseg_brisc,medclipseg_brisc:brisc2025_test_00069_gl_ax_t1,medclipseg_brisc:brisc2025_test_00007_gl_ax_t1,present,glioma,A focal glioma mass is identified in the center region.,A glioma tumor can be seen in the lower portion of the brain.,871db0f9243cc24f0f3a21024ba26e11de397e7a8b990df8cb2f08528ab83955,b166f38fb56762aa76de308da80779f23af33cfadfac43718b8283d3e01c75bc,0,1
STRATIFIED_DERANGEMENT_V1_20260719,medclipseg_brisc,medclipseg_brisc:brisc2025_test_00070_gl_ax_t1,medclipseg_brisc:brisc2025_test_00177_gl_sa_t1,present,glioma,An area of glioma tumor is identified in the right part of the brain.,Detected a glioma neoplasm in the left region of the brain.,a2e2585b83e16e4988a51c38161e314b2dfe6220097f5a91d21f1deb5674f001,4891e9ff314be2bbd66c7b8f7cfda7f857c86bc62bb811a74418f2d17c22c7bd,0,1
STRATIFIED_DERANGEMENT_V1_20260719,medclipseg_brisc,medclipseg_brisc:brisc2025_test_00071_gl_ax_t1,medclipseg_brisc:brisc2025_test_00148_gl_co_t1,present,glioma,MRI reveals a glioma tumor located in the center region.,Presence of a glioma growth observed in the center brain area.,2f555ad0f344a44874ce79f8f2c0d1363cd9ca66ff8816ae6cc45c0d2fbf1b60,5697e88b576b84c5eea19d85b299f53b823303b7b0f563e28f92fc916e64b1c8,0,1
STRATIFIED_DERANGEMENT_V1_20260719,medclipseg_brisc,medclipseg_brisc:brisc2025_test_00072_gl_ax_t1,medclipseg_brisc:brisc2025_test_00191_gl_sa_t1,present,glioma,Detected abnormal growth of glioma tumor in the center part.,Detected glioma lesion located at the center area.,4a8f6a8eef57ba18fca9754ccce00339f987f7466099e06c38a0ba7eea1a2c5b,8106ef524d37f3628052f2aafb7c8d13fcac634c9226294f4eb5619536dcc65d,0,1
STRATIFIED_DERANGEMENT_V1_20260719,medclipseg_brisc,medclipseg_brisc:brisc2025_test_00073_gl_ax_t1,medclipseg_brisc:brisc2025_test_00046_gl_ax_t1,present,glioma,The scan shows a glioma tumor positioned in the center.,The upper region shows signs of a glioma tumor.,c9f00df6a7cd13c17cc42f8d837be9afd4002999db16ad69ca6d3de3a58e7da9,d2ada3ae44cac73abfcf470a573a6e3a8ffc2a89dc55890a44c37e3e68247ac0,0,1
STRATIFIED_DERANGEMENT_V1_20260719,medclipseg_brisc,medclipseg_brisc:brisc2025_test_00074_gl_ax_t1,medclipseg_brisc:brisc2025_test_00030_gl_ax_t1,present,glioma,An area of glioma tumor is identified in the right part of the brain.,Detected a glioma neoplasm in the upper region of the brain.,a2e2585b83e16e4988a51c38161e314b2dfe6220097f5a91d21f1deb5674f001,851c25261f67f36ec7b502261c12dcfd82242ceaf4f479d76327db1af98af117,0,1
STRATIFIED_DERANGEMENT_V1_20260719,medclipseg_brisc,medclipseg_brisc:brisc2025_test_00075_gl_ax_t1,medclipseg_brisc:brisc2025_test_00062_gl_ax_t1,present,glioma,A glioma tumor has been identified in the right area.,A glioma tumor is present in the lower region of the brain.,85cafab85bc7663335ad1f66a67b18e4f2fbe3fecd6438b17bccf5a36fd3de20,2c3d4097e373848bce1620a8509145c31c98d067660bf94806b65dc996e94ea4,0,1
STRATIFIED_DERANGEMENT_V1_20260719,medclipseg_brisc,medclipseg_brisc:brisc2025_test_00076_gl_ax_t1,medclipseg_brisc:brisc2025_test_00048_gl_ax_t1,present,glioma,Detected abnormal growth of glioma tumor in the right part.,Detected glioma lesion located at the upper area.,564bff0ff3b5e91c8a9e816c0568039de9c3d3f56f6be9e73b95fd62d5f5b0b2,b642ce657d557a39cc6897d9d063628acaac76d1030fa89f05745e840ae15447,0,1
STRATIFIED_DERANGEMENT_V1_20260719,medclipseg_brisc,medclipseg_brisc:brisc2025_test_00077_gl_ax_t1,medclipseg_brisc:brisc2025_test_00170_gl_sa_t1,present,glioma,MRI reveals a glioma tumor located in the center region.,Presence of a glioma growth observed in the center brain area.,2f555ad0f344a44874ce79f8f2c0d1363cd9ca66ff8816ae6cc45c0d2fbf1b60,5697e88b576b84c5eea19d85b299f53b823303b7b0f563e28f92fc916e64b1c8,0,1
STRATIFIED_DERANGEMENT_V1_20260719,medclipseg_brisc,medclipseg_brisc:brisc2025_test_00078_gl_ax_t1,medclipseg_brisc:brisc2025_test_00152_gl_co_t1,present,glioma,A glioma tumor is present in the center region of the brain.,A glioma tumor is visible in the center region on the scan.,f0e2eb7a6f37bb448676b1c15e70b8e9e7eed4b9a13c461b70bd007a02b0ce75,85624fdb0ee76f8948ec21a965dd45db583439afa1d18d6cba9b51132314bd8e,0,1
STRATIFIED_DERANGEMENT_V1_20260719,medclipseg_brisc,medclipseg_brisc:brisc2025_test_00079_gl_ax_t1,medclipseg_brisc:brisc2025_test_00080_gl_ax_t1,present,glioma,There is a glioma lesion affecting the center area of the brain.,There is evidence of a glioma lesion in the center part of the brain.,d45a1e67ce275c449af4bbd72119cb1079de7eb70b027e34155fb9aed6c4e5ac,aeef02bc4449bc79edb3e932dd28e6128b90f471ed7c2ebd7ea42311161cce29,0,1
STRATIFIED_DERANGEMENT_V1_20260719,medclipseg_brisc,medclipseg_brisc:brisc2025_test_00080_gl_ax_t1,medclipseg_brisc:brisc2025_test_00118_gl_co_t1,present,glioma,There is evidence of a glioma lesion in the center part of the brain.,A focal glioma mass is identified in the upper region.,aeef02bc4449bc79edb3e932dd28e6128b90f471ed7c2ebd7ea42311161cce29,799b88e880586e019ed58c411f6b1a08c7c5f09abface3f7377e7f05c411bf25,0,1
STRATIFIED_DERANGEMENT_V1_20260719,medclipseg_brisc,medclipseg_brisc:brisc2025_test_00081_gl_ax_t1,medclipseg_brisc:brisc2025_test_00064_gl_ax_t1,present,glioma,MRI shows a glioma lesion occupying the center area.,Presence of a glioma mass detected in the center area.,f343b5b1f15ee54182c223b56ed73a87074cbe9df9696fa7e40671ae8a7c1e97,a978b4c8ed667d045047dc865ec0d1fdc50dc33816656f0858701228ac4e9d72,0,1
STRATIFIED_DERANGEMENT_V1_20260719,medclipseg_brisc,medclipseg_brisc:brisc2025_test_00082_gl_ax_t1,medclipseg_brisc:brisc2025_test_00203_gl_sa_t1,present,glioma,There is a glioma lesion affecting the center area of the brain.,There is evidence of a glioma lesion in the center part of the brain.,d45a1e67ce275c449af4bbd72119cb1079de7eb70b027e34155fb9aed6c4e5ac,aeef02bc4449bc79edb3e932dd28e6128b90f471ed7c2ebd7ea42311161cce29,0,1
STRATIFIED_DERANGEMENT_V1_20260719,medclipseg_brisc,medclipseg_brisc:brisc2025_test_00083_gl_ax_t1,medclipseg_brisc:brisc2025_test_00029_gl_ax_t1,present,glioma,The center brain region contains a detected glioma tumor.,The center region shows signs of a glioma tumor.,c835f23603372fcba8de3c96acdc868564af083f48fd74d6265d3e5e36039428,631cd0589f14ef387578d98de4537640373544da0265a24ebde45eda36e6b53a,0,1
STRATIFIED_DERANGEMENT_V1_20260719,medclipseg_brisc,medclipseg_brisc:brisc2025_test_00084_gl_ax_t1,medclipseg_brisc:brisc2025_test_00210_gl_sa_t1,present,glioma,The scan shows a glioma tumor positioned in the center.,The upper region shows signs of a glioma tumor.,c9f00df6a7cd13c17cc42f8d837be9afd4002999db16ad69ca6d3de3a58e7da9,d2ada3ae44cac73abfcf470a573a6e3a8ffc2a89dc55890a44c37e3e68247ac0,0,1
STRATIFIED_DERANGEMENT_V1_20260719,medclipseg_brisc,medclipseg_brisc:brisc2025_test_00085_gl_ax_t1,medclipseg_brisc:brisc2025_test_00151_gl_co_t1,present,glioma,MRI findings reveal a glioma tumor in the center zone.,MRI reveals a glioma tumor located in the center region.,276cce60ebb928eb66ea199c9e004b1bc65016b0b1e3244f46161f7d57a08f2b,2f555ad0f344a44874ce79f8f2c0d1363cd9ca66ff8816ae6cc45c0d2fbf1b60,0,1
STRATIFIED_DERANGEMENT_V1_20260719,medclipseg_brisc,medclipseg_brisc:brisc2025_test_00086_gl_co_t1,medclipseg_brisc:brisc2025_test_00004_gl_ax_t1,present,glioma,A glioma tumor can be seen in the left portion of the brain.,A glioma tumor is present in the center region of the brain.,dd7483200b3667e157a55fab7f9e6976f7988319d4eb785348c278caa39539bc,f0e2eb7a6f37bb448676b1c15e70b8e9e7eed4b9a13c461b70bd007a02b0ce75,0,1
STRATIFIED_DERANGEMENT_V1_20260719,medclipseg_brisc,medclipseg_brisc:brisc2025_test_00087_gl_co_t1,medclipseg_brisc:brisc2025_test_00230_gl_sa_t1,present,glioma,A glioma tumor can be seen in the center portion of the brain.,A glioma tumor has been identified in the center area.,ff3ec6112afd48df3de951c60f6b60b8b5ea9a99f92e2d539b059ae28c308267,5c729ca74b49bb95f650b97140a4416882bcd9839ff19a6872c1977cdb14d443,0,1
STRATIFIED_DERANGEMENT_V1_20260719,medclipseg_brisc,medclipseg_brisc:brisc2025_test_00088_gl_co_t1,medclipseg_brisc:brisc2025_test_00079_gl_ax_t1,present,glioma,The scan shows a glioma tumor positioned in the left.,There is a glioma lesion affecting the center area of the brain.,bc767837f5a044eeaab56196ea2902ee5520a85716fbc2d200012413ec4edfc9,d45a1e67ce275c449af4bbd72119cb1079de7eb70b027e34155fb9aed6c4e5ac,0,1
STRATIFIED_DERANGEMENT_V1_20260719,medclipseg_brisc,medclipseg_brisc:brisc2025_test_00089_gl_co_t1,medclipseg_brisc:brisc2025_test_00047_gl_ax_t1,present,glioma,Abnormal glioma growth observed in the center part of the brain.,An abnormal glioma mass is found in the upper section.,103eb87b285cdfb7e8c409493972d8b5e8e5472297fbd41e8e1e5d8b35b4ab80,fbafdb9325e5c70f27bcce84b62437572c96cc9b4d1bc290cf8573f09b26e50d,0,1
STRATIFIED_DERANGEMENT_V1_20260719,medclipseg_brisc,medclipseg_brisc:brisc2025_test_00090_gl_co_t1,medclipseg_brisc:brisc2025_test_00114_gl_co_t1,present,glioma,Detected glioma lesion located at the center area.,Findings indicate a glioma tumor situated in the center area.,8106ef524d37f3628052f2aafb7c8d13fcac634c9226294f4eb5619536dcc65d,49a9033e92c1cc8c75585e7dcb4acbd2f770be64808e725de0a9aecc4173d04f,0,1
STRATIFIED_DERANGEMENT_V1_20260719,medclipseg_brisc,medclipseg_brisc:brisc2025_test_00091_gl_co_t1,medclipseg_brisc:brisc2025_test_00075_gl_ax_t1,present,glioma,A glioma tumor can be seen in the center portion of the brain.,A glioma tumor has been identified in the right area.,ff3ec6112afd48df3de951c60f6b60b8b5ea9a99f92e2d539b059ae28c308267,85cafab85bc7663335ad1f66a67b18e4f2fbe3fecd6438b17bccf5a36fd3de20,0,1
STRATIFIED_DERANGEMENT_V1_20260719,medclipseg_brisc,medclipseg_brisc:brisc2025_test_00093_gl_co_t1,medclipseg_brisc:brisc2025_test_00073_gl_ax_t1,present,glioma,The center section of the brain contains a glioma lesion.,The scan shows a glioma tumor positioned in the center.,91e095d27f6bfadceaf39ab8fcfd82a809f6c5d62ff2317d920fadd35a2654c5,c9f00df6a7cd13c17cc42f8d837be9afd4002999db16ad69ca6d3de3a58e7da9,0,1
STRATIFIED_DERANGEMENT_V1_20260719,medclipseg_brisc,medclipseg_brisc:brisc2025_test_00094_gl_co_t1,medclipseg_brisc:brisc2025_test_00215_gl_sa_t1,present,glioma,MRI reveals a glioma tumor located in the center region.,Presence of a glioma growth observed in the center brain area.,2f555ad0f344a44874ce79f8f2c0d1363cd9ca66ff8816ae6cc45c0d2fbf1b60,5697e88b576b84c5eea19d85b299f53b823303b7b0f563e28f92fc916e64b1c8,0,1
STRATIFIED_DERANGEMENT_V1_20260719,medclipseg_brisc,medclipseg_brisc:brisc2025_test_00095_gl_co_t1,medclipseg_brisc:brisc2025_test_00158_gl_co_t1,present,glioma,The center area contains a confirmed glioma tumor.,The center brain region contains a detected glioma tumor.,055a1317f6259a2439eb604dbd74d6eb1b9abcad32695aa54895edecd6b59f15,c835f23603372fcba8de3c96acdc868564af083f48fd74d6265d3e5e36039428,0,1
STRATIFIED_DERANGEMENT_V1_20260719,medclipseg_brisc,medclipseg_brisc:brisc2025_test_00096_gl_co_t1,medclipseg_brisc:brisc2025_test_00063_gl_ax_t1,present,glioma,An abnormal glioma mass is found in the center section.,An area of glioma tumor is identified in the center part of the brain.,13952551b6bda4c1381a3adba8553ab9ec52cf6c91f6f13cdec17c6add80aa61,b4b1c151b86dc1df28db9f0dbee518704bec82c8e435d016df40f309296040fd,0,1
STRATIFIED_DERANGEMENT_V1_20260719,medclipseg_brisc,medclipseg_brisc:brisc2025_test_00097_gl_co_t1,medclipseg_brisc:brisc2025_test_00227_gl_sa_t1,present,glioma,Detected abnormal growth of glioma tumor in the center part.,Detected glioma lesion located at the center area.,4a8f6a8eef57ba18fca9754ccce00339f987f7466099e06c38a0ba7eea1a2c5b,8106ef524d37f3628052f2aafb7c8d13fcac634c9226294f4eb5619536dcc65d,0,1
STRATIFIED_DERANGEMENT_V1_20260719,medclipseg_brisc,medclipseg_brisc:brisc2025_test_00098_gl_co_t1,medclipseg_brisc:brisc2025_test_00180_gl_sa_t1,present,glioma,The center region shows signs of a glioma tumor.,The left brain region contains a detected glioma tumor.,631cd0589f14ef387578d98de4537640373544da0265a24ebde45eda36e6b53a,371eff3f3e48c02197843e907496543e77d5ad0e636011a64c060f56a5219298,0,1
STRATIFIED_DERANGEMENT_V1_20260719,medclipseg_brisc,medclipseg_brisc:brisc2025_test_00099_gl_co_t1,medclipseg_brisc:brisc2025_test_00142_gl_co_t1,present,glioma,The center region shows signs of a glioma tumor.,The left part of the brain exhibits a glioma abnormality.,631cd0589f14ef387578d98de4537640373544da0265a24ebde45eda36e6b53a,b4fd7a0c9f2fe44b6f057c4824ab063ce49b761b1115f6a6b7e6cbd65851ac1b,0,1
STRATIFIED_DERANGEMENT_V1_20260719,medclipseg_brisc,medclipseg_brisc:brisc2025_test_00100_gl_co_t1,medclipseg_brisc:brisc2025_test_00120_gl_co_t1,present,glioma,Imaging identifies a glioma tumor in the upper quadrant.,Imaging reveals a glioma abnormality located in the upper.,0671b93219c89d38df195f28d2d4cb065a64fb78cac4570f53290e03d2d94f2c,e6c76a7c705dfa210fadd08a1ce5d14a50f751098d705df7801d243bd940c88e,0,1
STRATIFIED_DERANGEMENT_V1_20260719,medclipseg_brisc,medclipseg_brisc:brisc2025_test_00101_gl_co_t1,medclipseg_brisc:brisc2025_test_00159_gl_co_t1,present,glioma,Imaging identifies a glioma tumor in the center quadrant.,Imaging reveals a glioma abnormality located in the center.,976c2709a844aa12b7f0f67def4065648ff97d89849741d8a4c0215d364413e3,76b2f2dc3c1dff710cd5b1e8963fa97211c6059a3b8d591f4a25805fec81821c,0,1
STRATIFIED_DERANGEMENT_V1_20260719,medclipseg_brisc,medclipseg_brisc:brisc2025_test_00102_gl_co_t1,medclipseg_brisc:brisc2025_test_00051_gl_ax_t1,present,glioma,The center brain region contains a detected glioma tumor.,The center region shows signs of a glioma tumor.,c835f23603372fcba8de3c96acdc868564af083f48fd74d6265d3e5e36039428,631cd0589f14ef387578d98de4537640373544da0265a24ebde45eda36e6b53a,0,1
STRATIFIED_DERANGEMENT_V1_20260719,medclipseg_brisc,medclipseg_brisc:brisc2025_test_00103_gl_co_t1,medclipseg_brisc:brisc2025_test_00143_gl_co_t1,present,glioma,There is a glioma lesion affecting the center area of the brain.,There is evidence of a glioma lesion in the left part of the brain.,d45a1e67ce275c449af4bbd72119cb1079de7eb70b027e34155fb9aed6c4e5ac,cb2ce293d4a56f85f5ee1f4bf47051e07f7fa46def6bce05d0d5e69ff97d8618,0,1
STRATIFIED_DERANGEMENT_V1_20260719,medclipseg_brisc,medclipseg_brisc:brisc2025_test_00104_gl_co_t1,medclipseg_brisc:brisc2025_test_00250_gl_sa_t1,present,glioma,An area of glioma tumor is identified in the upper part of the brain.,Detected a glioma neoplasm in the upper region of the brain.,e8cb46a7468d66cb69d93c6eeb04443b9a26dca30a6b035c7a08cc89c3ddaee8,851c25261f67f36ec7b502261c12dcfd82242ceaf4f479d76327db1af98af117,0,1
STRATIFIED_DERANGEMENT_V1_20260719,medclipseg_brisc,medclipseg_brisc:brisc2025_test_00105_gl_co_t1,medclipseg_brisc:brisc2025_test_00150_gl_co_t1,present,glioma,An abnormal glioma mass is found in the center section.,An area of glioma tumor is identified in the center part of the brain.,13952551b6bda4c1381a3adba8553ab9ec52cf6c91f6f13cdec17c6add80aa61,b4b1c151b86dc1df28db9f0dbee518704bec82c8e435d016df40f309296040fd,0,1
STRATIFIED_DERANGEMENT_V1_20260719,medclipseg_brisc,medclipseg_brisc:brisc2025_test_00106_gl_co_t1,medclipseg_brisc:brisc2025_test_00192_gl_sa_t1,present,glioma,Imaging identifies a glioma tumor in the center quadrant.,Imaging reveals a glioma abnormality located in the center.,976c2709a844aa12b7f0f67def4065648ff97d89849741d8a4c0215d364413e3,76b2f2dc3c1dff710cd5b1e8963fa97211c6059a3b8d591f4a25805fec81821c,0,1
STRATIFIED_DERANGEMENT_V1_20260719,medclipseg_brisc,medclipseg_brisc:brisc2025_test_00107_gl_co_t1,medclipseg_brisc:brisc2025_test_00049_gl_ax_t1,present,glioma,Imaging reveals a glioma abnormality located in the center.,MRI findings reveal a glioma tumor in the center zone.,76b2f2dc3c1dff710cd5b1e8963fa97211c6059a3b8d591f4a25805fec81821c,276cce60ebb928eb66ea199c9e004b1bc65016b0b1e3244f46161f7d57a08f2b,0,1
STRATIFIED_DERANGEMENT_V1_20260719,medclipseg_brisc,medclipseg_brisc:brisc2025_test_00108_gl_co_t1,medclipseg_brisc:brisc2025_test_00242_gl_sa_t1,present,glioma,A suspicious glioma lesion is located in the upper section.,An abnormal glioma mass is found in the center section.,c1ec50ee82847362b99cc35882087d9b830926ae8b32cf9eff15a90b857f5d15,13952551b6bda4c1381a3adba8553ab9ec52cf6c91f6f13cdec17c6add80aa61,0,1
STRATIFIED_DERANGEMENT_V1_20260719,medclipseg_brisc,medclipseg_brisc:brisc2025_test_00109_gl_co_t1,medclipseg_brisc:brisc2025_test_00045_gl_ax_t1,present,glioma,Imaging demonstrates a glioma tumor occupying the center region.,Imaging identifies a glioma tumor in the center quadrant.,a01ed7c9def4eda066a3b438eae4a6413519b7d146e90aff0e0b2cbe2335074a,976c2709a844aa12b7f0f67def4065648ff97d89849741d8a4c0215d364413e3,0,1
STRATIFIED_DERANGEMENT_V1_20260719,medclipseg_brisc,medclipseg_brisc:brisc2025_test_00110_gl_co_t1,medclipseg_brisc:brisc2025_test_00096_gl_co_t1,present,glioma,A suspicious glioma lesion is located in the center section.,An abnormal glioma mass is found in the center section.,4c730d5ea71c66c2c0d988dc2af5858148cddd7dd5e07481b5b3561bd66c0897,13952551b6bda4c1381a3adba8553ab9ec52cf6c91f6f13cdec17c6add80aa61,0,1
STRATIFIED_DERANGEMENT_V1_20260719,medclipseg_brisc,medclipseg_brisc:brisc2025_test_00111_gl_co_t1,medclipseg_brisc:brisc2025_test_00012_gl_ax_t1,present,glioma,An area of glioma tumor is identified in the upper part of the brain.,Detected abnormal growth of glioma tumor in the center part.,e8cb46a7468d66cb69d93c6eeb04443b9a26dca30a6b035c7a08cc89c3ddaee8,4a8f6a8eef57ba18fca9754ccce00339f987f7466099e06c38a0ba7eea1a2c5b,0,1
STRATIFIED_DERANGEMENT_V1_20260719,medclipseg_brisc,medclipseg_brisc:brisc2025_test_00112_gl_co_t1,medclipseg_brisc:brisc2025_test_00056_gl_ax_t1,present,glioma,Detected abnormal growth of glioma tumor in the center part.,Detected glioma lesion located at the left area.,4a8f6a8eef57ba18fca9754ccce00339f987f7466099e06c38a0ba7eea1a2c5b,5dab47f4fc74307fa701a2d1d132130d9e9a929f6762b333bae49b9bfedaf898,0,1
STRATIFIED_DERANGEMENT_V1_20260719,medclipseg_brisc,medclipseg_brisc:brisc2025_test_00113_gl_co_t1,medclipseg_brisc:brisc2025_test_00082_gl_ax_t1,present,glioma,The scan shows a glioma tumor positioned in the upper.,There is a glioma lesion affecting the center area of the brain.,0a822d87ab7545acfda36d092e7719d085505d7352c508ed13a9dc816eb62aec,d45a1e67ce275c449af4bbd72119cb1079de7eb70b027e34155fb9aed6c4e5ac,0,1
STRATIFIED_DERANGEMENT_V1_20260719,medclipseg_brisc,medclipseg_brisc:brisc2025_test_00114_gl_co_t1,medclipseg_brisc:brisc2025_test_00055_gl_ax_t1,present,glioma,Findings indicate a glioma tumor situated in the center area.,Imaging demonstrates a glioma tumor occupying the left region.,49a9033e92c1cc8c75585e7dcb4acbd2f770be64808e725de0a9aecc4173d04f,0886109a85805c8472290768b692a221037920468a5e4024224d793bf59d8d02,0,1
STRATIFIED_DERANGEMENT_V1_20260719,medclipseg_brisc,medclipseg_brisc:brisc2025_test_00115_gl_co_t1,medclipseg_brisc:brisc2025_test_00101_gl_co_t1,present,glioma,Imaging demonstrates a glioma tumor occupying the center region.,Imaging identifies a glioma tumor in the center quadrant.,a01ed7c9def4eda066a3b438eae4a6413519b7d146e90aff0e0b2cbe2335074a,976c2709a844aa12b7f0f67def4065648ff97d89849741d8a4c0215d364413e3,0,1
STRATIFIED_DERANGEMENT_V1_20260719,medclipseg_brisc,medclipseg_brisc:brisc2025_test_00116_gl_co_t1,medclipseg_brisc:brisc2025_test_00198_gl_sa_t1,present,glioma,A glioma tumor has been identified in the center area.,A glioma tumor is present in the center region of the brain.,5c729ca74b49bb95f650b97140a4416882bcd9839ff19a6872c1977cdb14d443,f0e2eb7a6f37bb448676b1c15e70b8e9e7eed4b9a13c461b70bd007a02b0ce75,0,1
STRATIFIED_DERANGEMENT_V1_20260719,medclipseg_brisc,medclipseg_brisc:brisc2025_test_00117_gl_co_t1,medclipseg_brisc:brisc2025_test_00199_gl_sa_t1,present,glioma,A focal glioma mass is identified in the upper region.,A glioma tumor can be seen in the upper portion of the brain.,799b88e880586e019ed58c411f6b1a08c7c5f09abface3f7377e7f05c411bf25,1e74b569e0310671ca7c1154c83d6bc05c8d0a593b74a931f181d934c49eb02d,0,1
STRATIFIED_DERANGEMENT_V1_20260719,medclipseg_brisc,medclipseg_brisc:brisc2025_test_00118_gl_co_t1,medclipseg_brisc:brisc2025_test_00065_gl_ax_t1,present,glioma,A focal glioma mass is identified in the upper region.,A glioma tumor has been identified in the center area.,799b88e880586e019ed58c411f6b1a08c7c5f09abface3f7377e7f05c411bf25,5c729ca74b49bb95f650b97140a4416882bcd9839ff19a6872c1977cdb14d443,0,1
STRATIFIED_DERANGEMENT_V1_20260719,medclipseg_brisc,medclipseg_brisc:brisc2025_test_00119_gl_co_t1,medclipseg_brisc:brisc2025_test_00248_gl_sa_t1,present,glioma,Imaging identifies a glioma tumor in the upper quadrant.,Imaging reveals a glioma abnormality located in the upper.,0671b93219c89d38df195f28d2d4cb065a64fb78cac4570f53290e03d2d94f2c,e6c76a7c705dfa210fadd08a1ce5d14a50f751098d705df7801d243bd940c88e,0,1
STRATIFIED_DERANGEMENT_V1_20260719,medclipseg_brisc,medclipseg_brisc:brisc2025_test_00120_gl_co_t1,medclipseg_brisc:brisc2025_test_00032_gl_ax_t1,present,glioma,Imaging reveals a glioma abnormality located in the upper.,MRI reveals a glioma tumor located in the center region.,e6c76a7c705dfa210fadd08a1ce5d14a50f751098d705df7801d243bd940c88e,2f555ad0f344a44874ce79f8f2c0d1363cd9ca66ff8816ae6cc45c0d2fbf1b60,0,1
STRATIFIED_DERANGEMENT_V1_20260719,medclipseg_brisc,medclipseg_brisc:brisc2025_test_00121_gl_co_t1,medclipseg_brisc:brisc2025_test_00200_gl_sa_t1,present,glioma,Detected glioma lesion located at the center area.,Findings indicate a glioma tumor situated in the center area.,8106ef524d37f3628052f2aafb7c8d13fcac634c9226294f4eb5619536dcc65d,49a9033e92c1cc8c75585e7dcb4acbd2f770be64808e725de0a9aecc4173d04f,0,1
STRATIFIED_DERANGEMENT_V1_20260719,medclipseg_brisc,medclipseg_brisc:brisc2025_test_00122_gl_co_t1,medclipseg_brisc:brisc2025_test_00084_gl_ax_t1,present,glioma,The center section of the brain contains a glioma lesion.,The scan shows a glioma tumor positioned in the center.,91e095d27f6bfadceaf39ab8fcfd82a809f6c5d62ff2317d920fadd35a2654c5,c9f00df6a7cd13c17cc42f8d837be9afd4002999db16ad69ca6d3de3a58e7da9,0,1
STRATIFIED_DERANGEMENT_V1_20260719,medclipseg_brisc,medclipseg_brisc:brisc2025_test_00123_gl_co_t1,medclipseg_brisc:brisc2025_test_00085_gl_ax_t1,present,glioma,Imaging reveals a glioma abnormality located in the center.,MRI findings reveal a glioma tumor in the center zone.,76b2f2dc3c1dff710cd5b1e8963fa97211c6059a3b8d591f4a25805fec81821c,276cce60ebb928eb66ea199c9e004b1bc65016b0b1e3244f46161f7d57a08f2b,0,1
STRATIFIED_DERANGEMENT_V1_20260719,medclipseg_brisc,medclipseg_brisc:brisc2025_test_00124_gl_co_t1,medclipseg_brisc:brisc2025_test_00015_gl_ax_t1,present,glioma,The center part of the brain exhibits a glioma abnormality.,The center section of the brain contains a glioma lesion.,bf7d5d0af60c23c05be2ddc91fd42591e74752429eac89d3958b99bbe22cf2d8,91e095d27f6bfadceaf39ab8fcfd82a809f6c5d62ff2317d920fadd35a2654c5,0,1
STRATIFIED_DERANGEMENT_V1_20260719,medclipseg_brisc,medclipseg_brisc:brisc2025_test_00125_gl_co_t1,medclipseg_brisc:brisc2025_test_00154_gl_co_t1,present,glioma,The center section of the brain contains a glioma lesion.,The scan shows a glioma tumor positioned in the center.,91e095d27f6bfadceaf39ab8fcfd82a809f6c5d62ff2317d920fadd35a2654c5,c9f00df6a7cd13c17cc42f8d837be9afd4002999db16ad69ca6d3de3a58e7da9,0,1
STRATIFIED_DERANGEMENT_V1_20260719,medclipseg_brisc,medclipseg_brisc:brisc2025_test_00126_gl_co_t1,medclipseg_brisc:brisc2025_test_00231_gl_sa_t1,present,glioma,A suspicious glioma lesion is located in the right section.,An abnormal glioma mass is found in the center section.,2b6448de78932679b1ab64353225680ac94f1f45ea36cec53239f61c767dca0a,13952551b6bda4c1381a3adba8553ab9ec52cf6c91f6f13cdec17c6add80aa61,0,1
STRATIFIED_DERANGEMENT_V1_20260719,medclipseg_brisc,medclipseg_brisc:brisc2025_test_00127_gl_co_t1,medclipseg_brisc:brisc2025_test_00117_gl_co_t1,present,glioma,There is a glioma lesion affecting the right area of the brain.,A focal glioma mass is identified in the upper region.,6ac26d2d1e84a66a2ae84f331451a6366329fcabb10bf7968edd3a0a953993e0,799b88e880586e019ed58c411f6b1a08c7c5f09abface3f7377e7f05c411bf25,0,1
STRATIFIED_DERANGEMENT_V1_20260719,medclipseg_brisc,medclipseg_brisc:brisc2025_test_00128_gl_co_t1,medclipseg_brisc:brisc2025_test_00061_gl_ax_t1,present,glioma,The center region shows signs of a glioma tumor.,The lower region shows signs of a glioma tumor.,631cd0589f14ef387578d98de4537640373544da0265a24ebde45eda36e6b53a,126b139c4afd0b6a67cb892deeab9007534ff8b1d785e6cad681f8f1de8b995e,0,1
STRATIFIED_DERANGEMENT_V1_20260719,medclipseg_brisc,medclipseg_brisc:brisc2025_test_00129_gl_co_t1,medclipseg_brisc:brisc2025_test_00036_gl_ax_t1,present,glioma,The center region shows signs of a glioma tumor.,The lower-right section of the brain contains a glioma lesion.,631cd0589f14ef387578d98de4537640373544da0265a24ebde45eda36e6b53a,27605889e6198d43f947ef2771006cce9a1d144c61d6989d248c488f54edd29f,0,1
STRATIFIED_DERANGEMENT_V1_20260719,medclipseg_brisc,medclipseg_brisc:brisc2025_test_00130_gl_co_t1,medclipseg_brisc:brisc2025_test_00161_gl_co_t1,present,glioma,A glioma tumor is present in the center region of the brain.,A glioma tumor is visible in the center region on the scan.,f0e2eb7a6f37bb448676b1c15e70b8e9e7eed4b9a13c461b70bd007a02b0ce75,85624fdb0ee76f8948ec21a965dd45db583439afa1d18d6cba9b51132314bd8e,0,1
STRATIFIED_DERANGEMENT_V1_20260719,medclipseg_brisc,medclipseg_brisc:brisc2025_test_00131_gl_co_t1,medclipseg_brisc:brisc2025_test_00038_gl_ax_t1,present,glioma,Presence of a glioma mass detected in the center area.,The center area contains a confirmed glioma tumor.,a978b4c8ed667d045047dc865ec0d1fdc50dc33816656f0858701228ac4e9d72,055a1317f6259a2439eb604dbd74d6eb1b9abcad32695aa54895edecd6b59f15,0,1
STRATIFIED_DERANGEMENT_V1_20260719,medclipseg_brisc,medclipseg_brisc:brisc2025_test_00132_gl_co_t1,medclipseg_brisc:brisc2025_test_00098_gl_co_t1,present,glioma,The center brain region contains a detected glioma tumor.,The center region shows signs of a glioma tumor.,c835f23603372fcba8de3c96acdc868564af083f48fd74d6265d3e5e36039428,631cd0589f14ef387578d98de4537640373544da0265a24ebde45eda36e6b53a,0,1
STRATIFIED_DERANGEMENT_V1_20260719,medclipseg_brisc,medclipseg_brisc:brisc2025_test_00133_gl_co_t1,medclipseg_brisc:brisc2025_test_00135_gl_co_t1,present,glioma,Detected abnormal growth of glioma tumor in the upper part.,Detected glioma lesion located at the upper area.,5257f4f842080c1b60f676a12bbd48c9f1f5ba345a694646be3aa6a8c03ca362,b642ce657d557a39cc6897d9d063628acaac76d1030fa89f05745e840ae15447,0,1
STRATIFIED_DERANGEMENT_V1_20260719,medclipseg_brisc,medclipseg_brisc:brisc2025_test_00134_gl_co_t1,medclipseg_brisc:brisc2025_test_00072_gl_ax_t1,present,glioma,An area of glioma tumor is identified in the upper part of the brain.,Detected abnormal growth of glioma tumor in the center part.,e8cb46a7468d66cb69d93c6eeb04443b9a26dca30a6b035c7a08cc89c3ddaee8,4a8f6a8eef57ba18fca9754ccce00339f987f7466099e06c38a0ba7eea1a2c5b,0,1
STRATIFIED_DERANGEMENT_V1_20260719,medclipseg_brisc,medclipseg_brisc:brisc2025_test_00135_gl_co_t1,medclipseg_brisc:brisc2025_test_00157_gl_co_t1,present,glioma,Detected glioma lesion located at the upper area.,Imaging demonstrates a glioma tumor occupying the center region.,b642ce657d557a39cc6897d9d063628acaac76d1030fa89f05745e840ae15447,a01ed7c9def4eda066a3b438eae4a6413519b7d146e90aff0e0b2cbe2335074a,0,1
STRATIFIED_DERANGEMENT_V1_20260719,medclipseg_brisc,medclipseg_brisc:brisc2025_test_00136_gl_co_t1,medclipseg_brisc:brisc2025_test_00213_gl_sa_t1,present,glioma,The MRI shows a glioma mass located within the center region.,The center area contains a confirmed glioma tumor.,0737b0bbd79debb2a5599150a77d5d8ff13cddcafc1fc6b9709116ddb828f1a2,055a1317f6259a2439eb604dbd74d6eb1b9abcad32695aa54895edecd6b59f15,0,1
STRATIFIED_DERANGEMENT_V1_20260719,medclipseg_brisc,medclipseg_brisc:brisc2025_test_00137_gl_co_t1,medclipseg_brisc:brisc2025_test_00233_gl_sa_t1,present,glioma,A glioma tumor is present in the upper region of the brain.,A suspicious glioma lesion is located in the center section.,85fe57979fda2d3e8da38e195bdbe8ebd3cc25f988f78a81533c4c45e8b7ea0d,4c730d5ea71c66c2c0d988dc2af5858148cddd7dd5e07481b5b3561bd66c0897,0,1
STRATIFIED_DERANGEMENT_V1_20260719,medclipseg_brisc,medclipseg_brisc:brisc2025_test_00138_gl_co_t1,medclipseg_brisc:brisc2025_test_00106_gl_co_t1,present,glioma,Imaging demonstrates a glioma tumor occupying the center region.,Imaging identifies a glioma tumor in the center quadrant.,a01ed7c9def4eda066a3b438eae4a6413519b7d146e90aff0e0b2cbe2335074a,976c2709a844aa12b7f0f67def4065648ff97d89849741d8a4c0215d364413e3,0,1
STRATIFIED_DERANGEMENT_V1_20260719,medclipseg_brisc,medclipseg_brisc:brisc2025_test_00139_gl_co_t1,medclipseg_brisc:brisc2025_test_00240_gl_sa_t1,present,glioma,A glioma tumor is present in the center region of the brain.,A glioma tumor is visible in the center region on the scan.,f0e2eb7a6f37bb448676b1c15e70b8e9e7eed4b9a13c461b70bd007a02b0ce75,85624fdb0ee76f8948ec21a965dd45db583439afa1d18d6cba9b51132314bd8e,0,1
STRATIFIED_DERANGEMENT_V1_20260719,medclipseg_brisc,medclipseg_brisc:brisc2025_test_00140_gl_co_t1,medclipseg_brisc:brisc2025_test_00067_gl_ax_t1,present,glioma,Presence of a glioma mass detected in the center area.,The center area contains a confirmed glioma tumor.,a978b4c8ed667d045047dc865ec0d1fdc50dc33816656f0858701228ac4e9d72,055a1317f6259a2439eb604dbd74d6eb1b9abcad32695aa54895edecd6b59f15,0,1
STRATIFIED_DERANGEMENT_V1_20260719,medclipseg_brisc,medclipseg_brisc:brisc2025_test_00141_gl_co_t1,medclipseg_brisc:brisc2025_test_00091_gl_co_t1,present,glioma,There is evidence of a glioma lesion in the upper-right part of the brain.,A glioma tumor can be seen in the center portion of the brain.,1d18728551e87b43091ab3c3bf34fbb23fdf80adfebf1d7f84a5416f3bc74b80,ff3ec6112afd48df3de951c60f6b60b8b5ea9a99f92e2d539b059ae28c308267,0,1
STRATIFIED_DERANGEMENT_V1_20260719,medclipseg_brisc,medclipseg_brisc:brisc2025_test_00142_gl_co_t1,medclipseg_brisc:brisc2025_test_00113_gl_co_t1,present,glioma,The left part of the brain exhibits a glioma abnormality.,The scan shows a glioma tumor positioned in the upper.,b4fd7a0c9f2fe44b6f057c4824ab063ce49b761b1115f6a6b7e6cbd65851ac1b,0a822d87ab7545acfda36d092e7719d085505d7352c508ed13a9dc816eb62aec,0,1
STRATIFIED_DERANGEMENT_V1_20260719,medclipseg_brisc,medclipseg_brisc:brisc2025_test_00143_gl_co_t1,medclipseg_brisc:brisc2025_test_00054_gl_ax_t1,present,glioma,There is evidence of a glioma lesion in the left part of the brain.,A glioma tumor can be seen in the center portion of the brain.,cb2ce293d4a56f85f5ee1f4bf47051e07f7fa46def6bce05d0d5e69ff97d8618,ff3ec6112afd48df3de951c60f6b60b8b5ea9a99f92e2d539b059ae28c308267,0,1
STRATIFIED_DERANGEMENT_V1_20260719,medclipseg_brisc,medclipseg_brisc:brisc2025_test_00144_gl_co_t1,medclipseg_brisc:brisc2025_test_00105_gl_co_t1,present,glioma,A suspicious glioma lesion is located in the center section.,An abnormal glioma mass is found in the center section.,4c730d5ea71c66c2c0d988dc2af5858148cddd7dd5e07481b5b3561bd66c0897,13952551b6bda4c1381a3adba8553ab9ec52cf6c91f6f13cdec17c6add80aa61,0,1
STRATIFIED_DERANGEMENT_V1_20260719,medclipseg_brisc,medclipseg_brisc:brisc2025_test_00145_gl_co_t1,medclipseg_brisc:brisc2025_test_00011_gl_ax_t1,present,glioma,A glioma tumor is present in the center region of the brain.,A glioma tumor is visible in the left region on the scan.,f0e2eb7a6f37bb448676b1c15e70b8e9e7eed4b9a13c461b70bd007a02b0ce75,0d761fad6b1c11a6c895b47cb5fec4c4f645a3e6222a7ac1696815a5006cf189,0,1
STRATIFIED_DERANGEMENT_V1_20260719,medclipseg_brisc,medclipseg_brisc:brisc2025_test_00146_gl_co_t1,medclipseg_brisc:brisc2025_test_00160_gl_co_t1,present,glioma,The center section of the brain contains a glioma lesion.,The scan shows a glioma tumor positioned in the center.,91e095d27f6bfadceaf39ab8fcfd82a809f6c5d62ff2317d920fadd35a2654c5,c9f00df6a7cd13c17cc42f8d837be9afd4002999db16ad69ca6d3de3a58e7da9,0,1
STRATIFIED_DERANGEMENT_V1_20260719,medclipseg_brisc,medclipseg_brisc:brisc2025_test_00147_gl_co_t1,medclipseg_brisc:brisc2025_test_00238_gl_sa_t1,present,glioma,The center section of the brain contains a glioma lesion.,The scan shows a glioma tumor positioned in the center.,91e095d27f6bfadceaf39ab8fcfd82a809f6c5d62ff2317d920fadd35a2654c5,c9f00df6a7cd13c17cc42f8d837be9afd4002999db16ad69ca6d3de3a58e7da9,0,1
STRATIFIED_DERANGEMENT_V1_20260719,medclipseg_brisc,medclipseg_brisc:brisc2025_test_00148_gl_co_t1,medclipseg_brisc:brisc2025_test_00165_gl_co_t1,present,glioma,Presence of a glioma growth observed in the center brain area.,Presence of a glioma mass detected in the upper area.,5697e88b576b84c5eea19d85b299f53b823303b7b0f563e28f92fc916e64b1c8,cb5557233e8984238ad13e7baaf1fd7118bb5fc70d7baa833d8ab2d1b7a0d793,0,1
STRATIFIED_DERANGEMENT_V1_20260719,medclipseg_brisc,medclipseg_brisc:brisc2025_test_00149_gl_co_t1,medclipseg_brisc:brisc2025_test_00218_gl_sa_t1,present,glioma,The MRI shows a glioma mass located within the right region.,The center area contains a confirmed glioma tumor.,58baa0765372d2b89fab1ce2c418b9b9acf6a68ef1680321ee163b7b4677a5c3,055a1317f6259a2439eb604dbd74d6eb1b9abcad32695aa54895edecd6b59f15,0,1
STRATIFIED_DERANGEMENT_V1_20260719,medclipseg_brisc,medclipseg_brisc:brisc2025_test_00150_gl_co_t1,medclipseg_brisc:brisc2025_test_00002_gl_ax_t1,present,glioma,An area of glioma tumor is identified in the center part of the brain.,Detected a glioma neoplasm in the center region of the brain.,b4b1c151b86dc1df28db9f0dbee518704bec82c8e435d016df40f309296040fd,99ea01dabfc2ab57f311e00f13b1d2af004d2c83dc181a2cf4933defa46db093,0,1
STRATIFIED_DERANGEMENT_V1_20260719,medclipseg_brisc,medclipseg_brisc:brisc2025_test_00151_gl_co_t1,medclipseg_brisc:brisc2025_test_00251_gl_sa_t1,present,glioma,MRI reveals a glioma tumor located in the center region.,Presence of a glioma growth observed in the center brain area.,2f555ad0f344a44874ce79f8f2c0d1363cd9ca66ff8816ae6cc45c0d2fbf1b60,5697e88b576b84c5eea19d85b299f53b823303b7b0f563e28f92fc916e64b1c8,0,1
STRATIFIED_DERANGEMENT_V1_20260719,medclipseg_brisc,medclipseg_brisc:brisc2025_test_00152_gl_co_t1,medclipseg_brisc:brisc2025_test_00040_gl_ax_t1,present,glioma,A glioma tumor is visible in the center region on the scan.,A suspicious glioma lesion is located in the left section.,85624fdb0ee76f8948ec21a965dd45db583439afa1d18d6cba9b51132314bd8e,49f90333c441feb0c1546d85229ebdf46b9e7d3dc89bb19ab3594e2077645186,0,1
STRATIFIED_DERANGEMENT_V1_20260719,medclipseg_brisc,medclipseg_brisc:brisc2025_test_00153_gl_co_t1,medclipseg_brisc:brisc2025_test_00111_gl_co_t1,present,glioma,An abnormal glioma mass is found in the upper section.,An area of glioma tumor is identified in the upper part of the brain.,fbafdb9325e5c70f27bcce84b62437572c96cc9b4d1bc290cf8573f09b26e50d,e8cb46a7468d66cb69d93c6eeb04443b9a26dca30a6b035c7a08cc89c3ddaee8,0,1
STRATIFIED_DERANGEMENT_V1_20260719,medclipseg_brisc,medclipseg_brisc:brisc2025_test_00154_gl_co_t1,medclipseg_brisc:brisc2025_test_00027_gl_ax_t1,present,glioma,The scan shows a glioma tumor positioned in the center.,The upper section of the brain contains a glioma lesion.,c9f00df6a7cd13c17cc42f8d837be9afd4002999db16ad69ca6d3de3a58e7da9,a6757a03407259ebfa31aef6b16dc29fbac5b3113dac88241415b24fd9f4324c,0,1
STRATIFIED_DERANGEMENT_V1_20260719,medclipseg_brisc,medclipseg_brisc:brisc2025_test_00155_gl_co_t1,medclipseg_brisc:brisc2025_test_00189_gl_sa_t1,present,glioma,The center area contains a confirmed glioma tumor.,The center brain region contains a detected glioma tumor.,055a1317f6259a2439eb604dbd74d6eb1b9abcad32695aa54895edecd6b59f15,c835f23603372fcba8de3c96acdc868564af083f48fd74d6265d3e5e36039428,0,1
STRATIFIED_DERANGEMENT_V1_20260719,medclipseg_brisc,medclipseg_brisc:brisc2025_test_00156_gl_co_t1,medclipseg_brisc:brisc2025_test_00171_gl_sa_t1,present,glioma,MRI reveals a glioma tumor located in the center region.,Presence of a glioma growth observed in the upper brain area.,2f555ad0f344a44874ce79f8f2c0d1363cd9ca66ff8816ae6cc45c0d2fbf1b60,dddaf561bbacb7f813a70978fa4b6341103a79b067f8fc48abf51cf2d22ff9a3,0,1
STRATIFIED_DERANGEMENT_V1_20260719,medclipseg_brisc,medclipseg_brisc:brisc2025_test_00157_gl_co_t1,medclipseg_brisc:brisc2025_test_00209_gl_sa_t1,present,glioma,Imaging demonstrates a glioma tumor occupying the center region.,Imaging identifies a glioma tumor in the center quadrant.,a01ed7c9def4eda066a3b438eae4a6413519b7d146e90aff0e0b2cbe2335074a,976c2709a844aa12b7f0f67def4065648ff97d89849741d8a4c0215d364413e3,0,1
STRATIFIED_DERANGEMENT_V1_20260719,medclipseg_brisc,medclipseg_brisc:brisc2025_test_00158_gl_co_t1,medclipseg_brisc:brisc2025_test_00099_gl_co_t1,present,glioma,The center brain region contains a detected glioma tumor.,The center region shows signs of a glioma tumor.,c835f23603372fcba8de3c96acdc868564af083f48fd74d6265d3e5e36039428,631cd0589f14ef387578d98de4537640373544da0265a24ebde45eda36e6b53a,0,1
STRATIFIED_DERANGEMENT_V1_20260719,medclipseg_brisc,medclipseg_brisc:brisc2025_test_00159_gl_co_t1,medclipseg_brisc:brisc2025_test_00208_gl_sa_t1,present,glioma,Imaging reveals a glioma abnormality located in the center.,MRI findings reveal a glioma tumor in the center zone.,76b2f2dc3c1dff710cd5b1e8963fa97211c6059a3b8d591f4a25805fec81821c,276cce60ebb928eb66ea199c9e004b1bc65016b0b1e3244f46161f7d57a08f2b,0,1
STRATIFIED_DERANGEMENT_V1_20260719,medclipseg_brisc,medclipseg_brisc:brisc2025_test_00160_gl_co_t1,medclipseg_brisc:brisc2025_test_00019_gl_ax_t1,present,glioma,The scan shows a glioma tumor positioned in the center.,There is a glioma lesion affecting the center area of the brain.,c9f00df6a7cd13c17cc42f8d837be9afd4002999db16ad69ca6d3de3a58e7da9,d45a1e67ce275c449af4bbd72119cb1079de7eb70b027e34155fb9aed6c4e5ac,0,1
STRATIFIED_DERANGEMENT_V1_20260719,medclipseg_brisc,medclipseg_brisc:brisc2025_test_00161_gl_co_t1,medclipseg_brisc:brisc2025_test_00126_gl_co_t1,present,glioma,A glioma tumor is visible in the center region on the scan.,A suspicious glioma lesion is located in the right section.,85624fdb0ee76f8948ec21a965dd45db583439afa1d18d6cba9b51132314bd8e,2b6448de78932679b1ab64353225680ac94f1f45ea36cec53239f61c767dca0a,0,1
STRATIFIED_DERANGEMENT_V1_20260719,medclipseg_brisc,medclipseg_brisc:brisc2025_test_00162_gl_co_t1,medclipseg_brisc:brisc2025_test_00246_gl_sa_t1,present,glioma,There is a glioma lesion affecting the center area of the brain.,There is evidence of a glioma lesion in the upper part of the brain.,d45a1e67ce275c449af4bbd72119cb1079de7eb70b027e34155fb9aed6c4e5ac,070a7cf2dbb10e5e799ce85cc424638aaebd601c4f91526893c485eb34635380,0,1
STRATIFIED_DERANGEMENT_V1_20260719,medclipseg_brisc,medclipseg_brisc:brisc2025_test_00163_gl_co_t1,medclipseg_brisc:brisc2025_test_00234_gl_sa_t1,present,glioma,The center area contains a confirmed glioma tumor.,The center brain region contains a detected glioma tumor.,055a1317f6259a2439eb604dbd74d6eb1b9abcad32695aa54895edecd6b59f15,c835f23603372fcba8de3c96acdc868564af083f48fd74d6265d3e5e36039428,0,1
STRATIFIED_DERANGEMENT_V1_20260719,medclipseg_brisc,medclipseg_brisc:brisc2025_test_00164_gl_co_t1,medclipseg_brisc:brisc2025_test_00130_gl_co_t1,present,glioma,A glioma tumor can be seen in the upper portion of the brain.,A glioma tumor is present in the center region of the brain.,1e74b569e0310671ca7c1154c83d6bc05c8d0a593b74a931f181d934c49eb02d,f0e2eb7a6f37bb448676b1c15e70b8e9e7eed4b9a13c461b70bd007a02b0ce75,0,1
STRATIFIED_DERANGEMENT_V1_20260719,medclipseg_brisc,medclipseg_brisc:brisc2025_test_00165_gl_co_t1,medclipseg_brisc:brisc2025_test_00155_gl_co_t1,present,glioma,Presence of a glioma mass detected in the upper area.,The center area contains a confirmed glioma tumor.,cb5557233e8984238ad13e7baaf1fd7118bb5fc70d7baa833d8ab2d1b7a0d793,055a1317f6259a2439eb604dbd74d6eb1b9abcad32695aa54895edecd6b59f15,0,1
STRATIFIED_DERANGEMENT_V1_20260719,medclipseg_brisc,medclipseg_brisc:brisc2025_test_00166_gl_co_t1,medclipseg_brisc:brisc2025_test_00035_gl_ax_t1,present,glioma,MRI shows a glioma lesion occupying the upper area.,Presence of a glioma mass detected in the upper area.,07b8645e864b40002f2b6defbb890e69e474deb30756ae4f71f340c05d606ea1,cb5557233e8984238ad13e7baaf1fd7118bb5fc70d7baa833d8ab2d1b7a0d793,0,1
STRATIFIED_DERANGEMENT_V1_20260719,medclipseg_brisc,medclipseg_brisc:brisc2025_test_00167_gl_sa_t1,medclipseg_brisc:brisc2025_test_00037_gl_ax_t1,present,glioma,The center area contains a confirmed glioma tumor.,The center part of the brain exhibits a glioma abnormality.,055a1317f6259a2439eb604dbd74d6eb1b9abcad32695aa54895edecd6b59f15,bf7d5d0af60c23c05be2ddc91fd42591e74752429eac89d3958b99bbe22cf2d8,0,1
STRATIFIED_DERANGEMENT_V1_20260719,medclipseg_brisc,medclipseg_brisc:brisc2025_test_00168_gl_sa_t1,medclipseg_brisc:brisc2025_test_00253_gl_sa_t1,present,glioma,Imaging demonstrates a glioma tumor occupying the center region.,Imaging identifies a glioma tumor in the center quadrant.,a01ed7c9def4eda066a3b438eae4a6413519b7d146e90aff0e0b2cbe2335074a,976c2709a844aa12b7f0f67def4065648ff97d89849741d8a4c0215d364413e3,0,1
STRATIFIED_DERANGEMENT_V1_20260719,medclipseg_brisc,medclipseg_brisc:brisc2025_test_00169_gl_sa_t1,medclipseg_brisc:brisc2025_test_00172_gl_sa_t1,present,glioma,A glioma tumor can be seen in the center portion of the brain.,A glioma tumor has been identified in the upper area.,ff3ec6112afd48df3de951c60f6b60b8b5ea9a99f92e2d539b059ae28c308267,3689329da41dee4f34ea9ae618d7ca855d4e7984f398abaf0c7f702c7328d3de,0,1
STRATIFIED_DERANGEMENT_V1_20260719,medclipseg_brisc,medclipseg_brisc:brisc2025_test_00170_gl_sa_t1,medclipseg_brisc:brisc2025_test_00185_gl_sa_t1,present,glioma,Presence of a glioma growth observed in the center brain area.,Presence of a glioma mass detected in the upper area.,5697e88b576b84c5eea19d85b299f53b823303b7b0f563e28f92fc916e64b1c8,cb5557233e8984238ad13e7baaf1fd7118bb5fc70d7baa833d8ab2d1b7a0d793,0,1
STRATIFIED_DERANGEMENT_V1_20260719,medclipseg_brisc,medclipseg_brisc:brisc2025_test_00171_gl_sa_t1,medclipseg_brisc:brisc2025_test_00136_gl_co_t1,present,glioma,Presence of a glioma growth observed in the upper brain area.,The MRI shows a glioma mass located within the center region.,dddaf561bbacb7f813a70978fa4b6341103a79b067f8fc48abf51cf2d22ff9a3,0737b0bbd79debb2a5599150a77d5d8ff13cddcafc1fc6b9709116ddb828f1a2,0,1
STRATIFIED_DERANGEMENT_V1_20260719,medclipseg_brisc,medclipseg_brisc:brisc2025_test_00172_gl_sa_t1,medclipseg_brisc:brisc2025_test_00028_gl_ax_t1,present,glioma,A glioma tumor has been identified in the upper area.,A glioma tumor is present in the upper region of the brain.,3689329da41dee4f34ea9ae618d7ca855d4e7984f398abaf0c7f702c7328d3de,85fe57979fda2d3e8da38e195bdbe8ebd3cc25f988f78a81533c4c45e8b7ea0d,0,1
STRATIFIED_DERANGEMENT_V1_20260719,medclipseg_brisc,medclipseg_brisc:brisc2025_test_00173_gl_sa_t1,medclipseg_brisc:brisc2025_test_00140_gl_co_t1,present,glioma,MRI shows a glioma lesion occupying the left area.,Presence of a glioma mass detected in the center area.,a615e59d74997d39a0da9117fec2ca0d6d3db35fbb366e8e5ce1f66dc5aacdc8,a978b4c8ed667d045047dc865ec0d1fdc50dc33816656f0858701228ac4e9d72,0,1
STRATIFIED_DERANGEMENT_V1_20260719,medclipseg_brisc,medclipseg_brisc:brisc2025_test_00174_gl_sa_t1,medclipseg_brisc:brisc2025_test_00182_gl_sa_t1,present,glioma,An abnormal glioma mass is found in the center section.,An area of glioma tumor is identified in the center part of the brain.,13952551b6bda4c1381a3adba8553ab9ec52cf6c91f6f13cdec17c6add80aa61,b4b1c151b86dc1df28db9f0dbee518704bec82c8e435d016df40f309296040fd,0,1
STRATIFIED_DERANGEMENT_V1_20260719,medclipseg_brisc,medclipseg_brisc:brisc2025_test_00175_gl_sa_t1,medclipseg_brisc:brisc2025_test_00124_gl_co_t1,present,glioma,The center area contains a confirmed glioma tumor.,The center part of the brain exhibits a glioma abnormality.,055a1317f6259a2439eb604dbd74d6eb1b9abcad32695aa54895edecd6b59f15,bf7d5d0af60c23c05be2ddc91fd42591e74752429eac89d3958b99bbe22cf2d8,0,1
STRATIFIED_DERANGEMENT_V1_20260719,medclipseg_brisc,medclipseg_brisc:brisc2025_test_00176_gl_sa_t1,medclipseg_brisc:brisc2025_test_00069_gl_ax_t1,present,glioma,There is a glioma lesion affecting the left area of the brain.,A focal glioma mass is identified in the center region.,3d0fe4976d3cc80259be41b41bc052d6a4467d3aaf381387469782194453747d,871db0f9243cc24f0f3a21024ba26e11de397e7a8b990df8cb2f08528ab83955,0,1
STRATIFIED_DERANGEMENT_V1_20260719,medclipseg_brisc,medclipseg_brisc:brisc2025_test_00177_gl_sa_t1,medclipseg_brisc:brisc2025_test_00020_gl_ax_t1,present,glioma,Detected a glioma neoplasm in the left region of the brain.,Detected glioma lesion located at the center area.,4891e9ff314be2bbd66c7b8f7cfda7f857c86bc62bb811a74418f2d17c22c7bd,8106ef524d37f3628052f2aafb7c8d13fcac634c9226294f4eb5619536dcc65d,0,1
STRATIFIED_DERANGEMENT_V1_20260719,medclipseg_brisc,medclipseg_brisc:brisc2025_test_00178_gl_sa_t1,medclipseg_brisc:brisc2025_test_00141_gl_co_t1,present,glioma,There is a glioma lesion affecting the center area of the brain.,There is evidence of a glioma lesion in the upper-right part of the brain.,d45a1e67ce275c449af4bbd72119cb1079de7eb70b027e34155fb9aed6c4e5ac,1d18728551e87b43091ab3c3bf34fbb23fdf80adfebf1d7f84a5416f3bc74b80,0,1
STRATIFIED_DERANGEMENT_V1_20260719,medclipseg_brisc,medclipseg_brisc:brisc2025_test_00179_gl_sa_t1,medclipseg_brisc:brisc2025_test_00074_gl_ax_t1,present,glioma,An abnormal glioma mass is found in the left section.,An area of glioma tumor is identified in the right part of the brain.,277a4e82fdf411e2bff08ed6bc1ee2b4efe23e704ec4227da07c600f7fbbfae5,a2e2585b83e16e4988a51c38161e314b2dfe6220097f5a91d21f1deb5674f001,0,1
STRATIFIED_DERANGEMENT_V1_20260719,medclipseg_brisc,medclipseg_brisc:brisc2025_test_00180_gl_sa_t1,medclipseg_brisc:brisc2025_test_00088_gl_co_t1,present,glioma,The left brain region contains a detected glioma tumor.,The scan shows a glioma tumor positioned in the left.,371eff3f3e48c02197843e907496543e77d5ad0e636011a64c060f56a5219298,bc767837f5a044eeaab56196ea2902ee5520a85716fbc2d200012413ec4edfc9,0,1
STRATIFIED_DERANGEMENT_V1_20260719,medclipseg_brisc,medclipseg_brisc:brisc2025_test_00181_gl_sa_t1,medclipseg_brisc:brisc2025_test_00204_gl_sa_t1,present,glioma,There is a glioma lesion affecting the left area of the brain.,A focal glioma mass is identified in the center region.,3d0fe4976d3cc80259be41b41bc052d6a4467d3aaf381387469782194453747d,871db0f9243cc24f0f3a21024ba26e11de397e7a8b990df8cb2f08528ab83955,0,1
STRATIFIED_DERANGEMENT_V1_20260719,medclipseg_brisc,medclipseg_brisc:brisc2025_test_00182_gl_sa_t1,medclipseg_brisc:brisc2025_test_00066_gl_ax_t1,present,glioma,An area of glioma tumor is identified in the center part of the brain.,Detected a glioma neoplasm in the center region of the brain.,b4b1c151b86dc1df28db9f0dbee518704bec82c8e435d016df40f309296040fd,99ea01dabfc2ab57f311e00f13b1d2af004d2c83dc181a2cf4933defa46db093,0,1
STRATIFIED_DERANGEMENT_V1_20260719,medclipseg_brisc,medclipseg_brisc:brisc2025_test_00183_gl_sa_t1,medclipseg_brisc:brisc2025_test_00119_gl_co_t1,present,glioma,Imaging demonstrates a glioma tumor occupying the left region.,Imaging identifies a glioma tumor in the upper quadrant.,0886109a85805c8472290768b692a221037920468a5e4024224d793bf59d8d02,0671b93219c89d38df195f28d2d4cb065a64fb78cac4570f53290e03d2d94f2c,0,1
STRATIFIED_DERANGEMENT_V1_20260719,medclipseg_brisc,medclipseg_brisc:brisc2025_test_00184_gl_sa_t1,medclipseg_brisc:brisc2025_test_00178_gl_sa_t1,present,glioma,The upper brain region contains a detected glioma tumor.,There is a glioma lesion affecting the center area of the brain.,5e559cb317ac8bb5c22a73840f87759c1a34df012b3f6427ac8d444ad209426e,d45a1e67ce275c449af4bbd72119cb1079de7eb70b027e34155fb9aed6c4e5ac,0,1
STRATIFIED_DERANGEMENT_V1_20260719,medclipseg_brisc,medclipseg_brisc:brisc2025_test_00185_gl_sa_t1,medclipseg_brisc:brisc2025_test_00163_gl_co_t1,present,glioma,Presence of a glioma mass detected in the upper area.,The center area contains a confirmed glioma tumor.,cb5557233e8984238ad13e7baaf1fd7118bb5fc70d7baa833d8ab2d1b7a0d793,055a1317f6259a2439eb604dbd74d6eb1b9abcad32695aa54895edecd6b59f15,0,1
STRATIFIED_DERANGEMENT_V1_20260719,medclipseg_brisc,medclipseg_brisc:brisc2025_test_00186_gl_sa_t1,medclipseg_brisc:brisc2025_test_00193_gl_sa_t1,present,glioma,An area of glioma tumor is identified in the center part of the brain.,Detected a glioma neoplasm in the center region of the brain.,b4b1c151b86dc1df28db9f0dbee518704bec82c8e435d016df40f309296040fd,99ea01dabfc2ab57f311e00f13b1d2af004d2c83dc181a2cf4933defa46db093,0,1
STRATIFIED_DERANGEMENT_V1_20260719,medclipseg_brisc,medclipseg_brisc:brisc2025_test_00187_gl_sa_t1,medclipseg_brisc:brisc2025_test_00179_gl_sa_t1,present,glioma,A suspicious glioma lesion is located in the upper section.,An abnormal glioma mass is found in the left section.,c1ec50ee82847362b99cc35882087d9b830926ae8b32cf9eff15a90b857f5d15,277a4e82fdf411e2bff08ed6bc1ee2b4efe23e704ec4227da07c600f7fbbfae5,0,1
STRATIFIED_DERANGEMENT_V1_20260719,medclipseg_brisc,medclipseg_brisc:brisc2025_test_00188_gl_sa_t1,medclipseg_brisc:brisc2025_test_00149_gl_co_t1,present,glioma,Presence of a glioma growth observed in the upper brain area.,The MRI shows a glioma mass located within the right region.,dddaf561bbacb7f813a70978fa4b6341103a79b067f8fc48abf51cf2d22ff9a3,58baa0765372d2b89fab1ce2c418b9b9acf6a68ef1680321ee163b7b4677a5c3,0,1
STRATIFIED_DERANGEMENT_V1_20260719,medclipseg_brisc,medclipseg_brisc:brisc2025_test_00189_gl_sa_t1,medclipseg_brisc:brisc2025_test_00128_gl_co_t1,present,glioma,The center brain region contains a detected glioma tumor.,The center region shows signs of a glioma tumor.,c835f23603372fcba8de3c96acdc868564af083f48fd74d6265d3e5e36039428,631cd0589f14ef387578d98de4537640373544da0265a24ebde45eda36e6b53a,0,1
STRATIFIED_DERANGEMENT_V1_20260719,medclipseg_brisc,medclipseg_brisc:brisc2025_test_00190_gl_sa_t1,medclipseg_brisc:brisc2025_test_00239_gl_sa_t1,present,glioma,Detected glioma lesion located at the center area.,Findings indicate a glioma tumor situated in the center area.,8106ef524d37f3628052f2aafb7c8d13fcac634c9226294f4eb5619536dcc65d,49a9033e92c1cc8c75585e7dcb4acbd2f770be64808e725de0a9aecc4173d04f,0,1
STRATIFIED_DERANGEMENT_V1_20260719,medclipseg_brisc,medclipseg_brisc:brisc2025_test_00191_gl_sa_t1,medclipseg_brisc:brisc2025_test_00201_gl_sa_t1,present,glioma,Detected glioma lesion located at the center area.,Findings indicate a glioma tumor situated in the right area.,8106ef524d37f3628052f2aafb7c8d13fcac634c9226294f4eb5619536dcc65d,2179a8d42714e363c1ceb8b803b0fdbf77c2d5f64ef04462f91fc7ce504f0795,0,1
STRATIFIED_DERANGEMENT_V1_20260719,medclipseg_brisc,medclipseg_brisc:brisc2025_test_00192_gl_sa_t1,medclipseg_brisc:brisc2025_test_00247_gl_sa_t1,present,glioma,Imaging reveals a glioma abnormality located in the center.,MRI findings reveal a glioma tumor in the center zone.,76b2f2dc3c1dff710cd5b1e8963fa97211c6059a3b8d591f4a25805fec81821c,276cce60ebb928eb66ea199c9e004b1bc65016b0b1e3244f46161f7d57a08f2b,0,1
STRATIFIED_DERANGEMENT_V1_20260719,medclipseg_brisc,medclipseg_brisc:brisc2025_test_00193_gl_sa_t1,medclipseg_brisc:brisc2025_test_00076_gl_ax_t1,present,glioma,Detected a glioma neoplasm in the center region of the brain.,Detected abnormal growth of glioma tumor in the right part.,99ea01dabfc2ab57f311e00f13b1d2af004d2c83dc181a2cf4933defa46db093,564bff0ff3b5e91c8a9e816c0568039de9c3d3f56f6be9e73b95fd62d5f5b0b2,0,1
STRATIFIED_DERANGEMENT_V1_20260719,medclipseg_brisc,medclipseg_brisc:brisc2025_test_00194_gl_sa_t1,medclipseg_brisc:brisc2025_test_00131_gl_co_t1,present,glioma,MRI shows a glioma lesion occupying the center area.,Presence of a glioma mass detected in the center area.,f343b5b1f15ee54182c223b56ed73a87074cbe9df9696fa7e40671ae8a7c1e97,a978b4c8ed667d045047dc865ec0d1fdc50dc33816656f0858701228ac4e9d72,0,1
STRATIFIED_DERANGEMENT_V1_20260719,medclipseg_brisc,medclipseg_brisc:brisc2025_test_00195_gl_sa_t1,medclipseg_brisc:brisc2025_test_00188_gl_sa_t1,present,glioma,MRI reveals a glioma tumor located in the center region.,Presence of a glioma growth observed in the upper brain area.,2f555ad0f344a44874ce79f8f2c0d1363cd9ca66ff8816ae6cc45c0d2fbf1b60,dddaf561bbacb7f813a70978fa4b6341103a79b067f8fc48abf51cf2d22ff9a3,0,1
STRATIFIED_DERANGEMENT_V1_20260719,medclipseg_brisc,medclipseg_brisc:brisc2025_test_00196_gl_sa_t1,medclipseg_brisc:brisc2025_test_00093_gl_co_t1,present,glioma,The center part of the brain exhibits a glioma abnormality.,The center section of the brain contains a glioma lesion.,bf7d5d0af60c23c05be2ddc91fd42591e74752429eac89d3958b99bbe22cf2d8,91e095d27f6bfadceaf39ab8fcfd82a809f6c5d62ff2317d920fadd35a2654c5,0,1
STRATIFIED_DERANGEMENT_V1_20260719,medclipseg_brisc,medclipseg_brisc:brisc2025_test_00197_gl_sa_t1,medclipseg_brisc:brisc2025_test_00216_gl_sa_t1,present,glioma,A glioma tumor is visible in the upper region on the scan.,Abnormal glioma growth observed in the center part of the brain.,f521d1b58dc07f36e2519dc4f6fad6f91796ab5b92899f219c28e3b2b2cf8cea,103eb87b285cdfb7e8c409493972d8b5e8e5472297fbd41e8e1e5d8b35b4ab80,0,1
STRATIFIED_DERANGEMENT_V1_20260719,medclipseg_brisc,medclipseg_brisc:brisc2025_test_00198_gl_sa_t1,medclipseg_brisc:brisc2025_test_00224_gl_sa_t1,present,glioma,A glioma tumor is present in the center region of the brain.,A glioma tumor is visible in the left region on the scan.,f0e2eb7a6f37bb448676b1c15e70b8e9e7eed4b9a13c461b70bd007a02b0ce75,0d761fad6b1c11a6c895b47cb5fec4c4f645a3e6222a7ac1696815a5006cf189,0,1
STRATIFIED_DERANGEMENT_V1_20260719,medclipseg_brisc,medclipseg_brisc:brisc2025_test_00199_gl_sa_t1,medclipseg_brisc:brisc2025_test_00139_gl_co_t1,present,glioma,A glioma tumor can be seen in the upper portion of the brain.,A glioma tumor is present in the center region of the brain.,1e74b569e0310671ca7c1154c83d6bc05c8d0a593b74a931f181d934c49eb02d,f0e2eb7a6f37bb448676b1c15e70b8e9e7eed4b9a13c461b70bd007a02b0ce75,0,1
STRATIFIED_DERANGEMENT_V1_20260719,medclipseg_brisc,medclipseg_brisc:brisc2025_test_00200_gl_sa_t1,medclipseg_brisc:brisc2025_test_00183_gl_sa_t1,present,glioma,Findings indicate a glioma tumor situated in the center area.,Imaging demonstrates a glioma tumor occupying the left region.,49a9033e92c1cc8c75585e7dcb4acbd2f770be64808e725de0a9aecc4173d04f,0886109a85805c8472290768b692a221037920468a5e4024224d793bf59d8d02,0,1
STRATIFIED_DERANGEMENT_V1_20260719,medclipseg_brisc,medclipseg_brisc:brisc2025_test_00201_gl_sa_t1,medclipseg_brisc:brisc2025_test_00223_gl_sa_t1,present,glioma,Findings indicate a glioma tumor situated in the right area.,Imaging demonstrates a glioma tumor occupying the upper-left region.,2179a8d42714e363c1ceb8b803b0fdbf77c2d5f64ef04462f91fc7ce504f0795,8438441eadf19aa05156625514a0e64a237bf5538c941c8ceb44408f3e41d6f1,0,1
STRATIFIED_DERANGEMENT_V1_20260719,medclipseg_brisc,medclipseg_brisc:brisc2025_test_00202_gl_sa_t1,medclipseg_brisc:brisc2025_test_00184_gl_sa_t1,present,glioma,The right brain region contains a detected glioma tumor.,The upper brain region contains a detected glioma tumor.,cb435d97c94512d164f0c861f4757d43bc236a2eaf652fc7a106954d200f1415,5e559cb317ac8bb5c22a73840f87759c1a34df012b3f6427ac8d444ad209426e,0,1
STRATIFIED_DERANGEMENT_V1_20260719,medclipseg_brisc,medclipseg_brisc:brisc2025_test_00203_gl_sa_t1,medclipseg_brisc:brisc2025_test_00008_gl_ax_t1,present,glioma,There is evidence of a glioma lesion in the center part of the brain.,A glioma tumor can be seen in the center portion of the brain.,aeef02bc4449bc79edb3e932dd28e6128b90f471ed7c2ebd7ea42311161cce29,ff3ec6112afd48df3de951c60f6b60b8b5ea9a99f92e2d539b059ae28c308267,0,1
STRATIFIED_DERANGEMENT_V1_20260719,medclipseg_brisc,medclipseg_brisc:brisc2025_test_00204_gl_sa_t1,medclipseg_brisc:brisc2025_test_00235_gl_sa_t1,present,glioma,A focal glioma mass is identified in the center region.,A glioma tumor can be seen in the right portion of the brain.,871db0f9243cc24f0f3a21024ba26e11de397e7a8b990df8cb2f08528ab83955,e5d28b5e60da0f8dcf80d2b8df30863f0a8eceab2dda1144db52935df0abdb8a,0,1
STRATIFIED_DERANGEMENT_V1_20260719,medclipseg_brisc,medclipseg_brisc:brisc2025_test_00205_gl_sa_t1,medclipseg_brisc:brisc2025_test_00197_gl_sa_t1,present,glioma,A glioma tumor is present in the center region of the brain.,A glioma tumor is visible in the upper region on the scan.,f0e2eb7a6f37bb448676b1c15e70b8e9e7eed4b9a13c461b70bd007a02b0ce75,f521d1b58dc07f36e2519dc4f6fad6f91796ab5b92899f219c28e3b2b2cf8cea,0,1
STRATIFIED_DERANGEMENT_V1_20260719,medclipseg_brisc,medclipseg_brisc:brisc2025_test_00206_gl_sa_t1,medclipseg_brisc:brisc2025_test_00005_gl_ax_t1,present,glioma,Imaging demonstrates a glioma tumor occupying the upper region.,Imaging reveals a glioma abnormality located in the center.,34c184fe8d7c7c3710a3117b4dae39524dbbdbb73600584eb96df4981fa558f5,76b2f2dc3c1dff710cd5b1e8963fa97211c6059a3b8d591f4a25805fec81821c,0,1
STRATIFIED_DERANGEMENT_V1_20260719,medclipseg_brisc,medclipseg_brisc:brisc2025_test_00207_gl_sa_t1,medclipseg_brisc:brisc2025_test_00103_gl_co_t1,present,glioma,The scan shows a glioma tumor positioned in the upper.,There is a glioma lesion affecting the center area of the brain.,0a822d87ab7545acfda36d092e7719d085505d7352c508ed13a9dc816eb62aec,d45a1e67ce275c449af4bbd72119cb1079de7eb70b027e34155fb9aed6c4e5ac,0,1
STRATIFIED_DERANGEMENT_V1_20260719,medclipseg_brisc,medclipseg_brisc:brisc2025_test_00208_gl_sa_t1,medclipseg_brisc:brisc2025_test_00156_gl_co_t1,present,glioma,MRI findings reveal a glioma tumor in the center zone.,MRI reveals a glioma tumor located in the center region.,276cce60ebb928eb66ea199c9e004b1bc65016b0b1e3244f46161f7d57a08f2b,2f555ad0f344a44874ce79f8f2c0d1363cd9ca66ff8816ae6cc45c0d2fbf1b60,0,1
STRATIFIED_DERANGEMENT_V1_20260719,medclipseg_brisc,medclipseg_brisc:brisc2025_test_00209_gl_sa_t1,medclipseg_brisc:brisc2025_test_00212_gl_sa_t1,present,glioma,Imaging identifies a glioma tumor in the center quadrant.,Imaging reveals a glioma abnormality located in the center.,976c2709a844aa12b7f0f67def4065648ff97d89849741d8a4c0215d364413e3,76b2f2dc3c1dff710cd5b1e8963fa97211c6059a3b8d591f4a25805fec81821c,0,1
STRATIFIED_DERANGEMENT_V1_20260719,medclipseg_brisc,medclipseg_brisc:brisc2025_test_00210_gl_sa_t1,medclipseg_brisc:brisc2025_test_00176_gl_sa_t1,present,glioma,The upper region shows signs of a glioma tumor.,There is a glioma lesion affecting the left area of the brain.,d2ada3ae44cac73abfcf470a573a6e3a8ffc2a89dc55890a44c37e3e68247ac0,3d0fe4976d3cc80259be41b41bc052d6a4467d3aaf381387469782194453747d,0,1
STRATIFIED_DERANGEMENT_V1_20260719,medclipseg_brisc,medclipseg_brisc:brisc2025_test_00211_gl_sa_t1,medclipseg_brisc:brisc2025_test_00010_gl_ax_t1,present,glioma,There is a glioma lesion affecting the center area of the brain.,A focal glioma mass is identified in the center region.,d45a1e67ce275c449af4bbd72119cb1079de7eb70b027e34155fb9aed6c4e5ac,871db0f9243cc24f0f3a21024ba26e11de397e7a8b990df8cb2f08528ab83955,0,1
STRATIFIED_DERANGEMENT_V1_20260719,medclipseg_brisc,medclipseg_brisc:brisc2025_test_00212_gl_sa_t1,medclipseg_brisc:brisc2025_test_00228_gl_sa_t1,present,glioma,Imaging reveals a glioma abnormality located in the center.,MRI findings reveal a glioma tumor in the right zone.,76b2f2dc3c1dff710cd5b1e8963fa97211c6059a3b8d591f4a25805fec81821c,26b86b4cca6a6ce7dabecc38461c57a70fca9f97931f2f532516ed9794def1ea,0,1
STRATIFIED_DERANGEMENT_V1_20260719,medclipseg_brisc,medclipseg_brisc:brisc2025_test_00213_gl_sa_t1,medclipseg_brisc:brisc2025_test_00196_gl_sa_t1,present,glioma,The center area contains a confirmed glioma tumor.,The center part of the brain exhibits a glioma abnormality.,055a1317f6259a2439eb604dbd74d6eb1b9abcad32695aa54895edecd6b59f15,bf7d5d0af60c23c05be2ddc91fd42591e74752429eac89d3958b99bbe22cf2d8,0,1
STRATIFIED_DERANGEMENT_V1_20260719,medclipseg_brisc,medclipseg_brisc:brisc2025_test_00214_gl_sa_t1,medclipseg_brisc:brisc2025_test_00016_gl_ax_t1,present,glioma,There is a glioma lesion affecting the center area of the brain.,A focal glioma mass is identified in the center region.,d45a1e67ce275c449af4bbd72119cb1079de7eb70b027e34155fb9aed6c4e5ac,871db0f9243cc24f0f3a21024ba26e11de397e7a8b990df8cb2f08528ab83955,0,1
STRATIFIED_DERANGEMENT_V1_20260719,medclipseg_brisc,medclipseg_brisc:brisc2025_test_00215_gl_sa_t1,medclipseg_brisc:brisc2025_test_00053_gl_ax_t1,present,glioma,Presence of a glioma growth observed in the center brain area.,The MRI shows a glioma mass located within the center region.,5697e88b576b84c5eea19d85b299f53b823303b7b0f563e28f92fc916e64b1c8,0737b0bbd79debb2a5599150a77d5d8ff13cddcafc1fc6b9709116ddb828f1a2,0,1
STRATIFIED_DERANGEMENT_V1_20260719,medclipseg_brisc,medclipseg_brisc:brisc2025_test_00216_gl_sa_t1,medclipseg_brisc:brisc2025_test_00153_gl_co_t1,present,glioma,Abnormal glioma growth observed in the center part of the brain.,An abnormal glioma mass is found in the upper section.,103eb87b285cdfb7e8c409493972d8b5e8e5472297fbd41e8e1e5d8b35b4ab80,fbafdb9325e5c70f27bcce84b62437572c96cc9b4d1bc290cf8573f09b26e50d,0,1
STRATIFIED_DERANGEMENT_V1_20260719,medclipseg_brisc,medclipseg_brisc:brisc2025_test_00217_gl_sa_t1,medclipseg_brisc:brisc2025_test_00122_gl_co_t1,present,glioma,The center part of the brain exhibits a glioma abnormality.,The center section of the brain contains a glioma lesion.,bf7d5d0af60c23c05be2ddc91fd42591e74752429eac89d3958b99bbe22cf2d8,91e095d27f6bfadceaf39ab8fcfd82a809f6c5d62ff2317d920fadd35a2654c5,0,1
STRATIFIED_DERANGEMENT_V1_20260719,medclipseg_brisc,medclipseg_brisc:brisc2025_test_00218_gl_sa_t1,medclipseg_brisc:brisc2025_test_00217_gl_sa_t1,present,glioma,The center area contains a confirmed glioma tumor.,The center part of the brain exhibits a glioma abnormality.,055a1317f6259a2439eb604dbd74d6eb1b9abcad32695aa54895edecd6b59f15,bf7d5d0af60c23c05be2ddc91fd42591e74752429eac89d3958b99bbe22cf2d8,0,1
STRATIFIED_DERANGEMENT_V1_20260719,medclipseg_brisc,medclipseg_brisc:brisc2025_test_00219_gl_sa_t1,medclipseg_brisc:brisc2025_test_00186_gl_sa_t1,present,glioma,An abnormal glioma mass is found in the center section.,An area of glioma tumor is identified in the center part of the brain.,13952551b6bda4c1381a3adba8553ab9ec52cf6c91f6f13cdec17c6add80aa61,b4b1c151b86dc1df28db9f0dbee518704bec82c8e435d016df40f309296040fd,0,1
STRATIFIED_DERANGEMENT_V1_20260719,medclipseg_brisc,medclipseg_brisc:brisc2025_test_00220_gl_sa_t1,medclipseg_brisc:brisc2025_test_00068_gl_ax_t1,present,glioma,An abnormal glioma mass is found in the center section.,An area of glioma tumor is identified in the left part of the brain.,13952551b6bda4c1381a3adba8553ab9ec52cf6c91f6f13cdec17c6add80aa61,5badd52125d621e8e8bada234f2dabdee92000db5046c910e6c73cbae667478a,0,1
STRATIFIED_DERANGEMENT_V1_20260719,medclipseg_brisc,medclipseg_brisc:brisc2025_test_00221_gl_sa_t1,medclipseg_brisc:brisc2025_test_00202_gl_sa_t1,present,glioma,The center region shows signs of a glioma tumor.,The right brain region contains a detected glioma tumor.,631cd0589f14ef387578d98de4537640373544da0265a24ebde45eda36e6b53a,cb435d97c94512d164f0c861f4757d43bc236a2eaf652fc7a106954d200f1415,0,1
STRATIFIED_DERANGEMENT_V1_20260719,medclipseg_brisc,medclipseg_brisc:brisc2025_test_00222_gl_sa_t1,medclipseg_brisc:brisc2025_test_00168_gl_sa_t1,present,glioma,Detected glioma lesion located at the upper area.,Imaging demonstrates a glioma tumor occupying the center region.,b642ce657d557a39cc6897d9d063628acaac76d1030fa89f05745e840ae15447,a01ed7c9def4eda066a3b438eae4a6413519b7d146e90aff0e0b2cbe2335074a,0,1
STRATIFIED_DERANGEMENT_V1_20260719,medclipseg_brisc,medclipseg_brisc:brisc2025_test_00223_gl_sa_t1,medclipseg_brisc:brisc2025_test_00031_gl_ax_t1,present,glioma,Imaging demonstrates a glioma tumor occupying the upper-left region.,Imaging reveals a glioma abnormality located in the center.,8438441eadf19aa05156625514a0e64a237bf5538c941c8ceb44408f3e41d6f1,76b2f2dc3c1dff710cd5b1e8963fa97211c6059a3b8d591f4a25805fec81821c,0,1
STRATIFIED_DERANGEMENT_V1_20260719,medclipseg_brisc,medclipseg_brisc:brisc2025_test_00224_gl_sa_t1,medclipseg_brisc:brisc2025_test_00089_gl_co_t1,present,glioma,A glioma tumor is visible in the left region on the scan.,Abnormal glioma growth observed in the center part of the brain.,0d761fad6b1c11a6c895b47cb5fec4c4f645a3e6222a7ac1696815a5006cf189,103eb87b285cdfb7e8c409493972d8b5e8e5472297fbd41e8e1e5d8b35b4ab80,0,1
STRATIFIED_DERANGEMENT_V1_20260719,medclipseg_brisc,medclipseg_brisc:brisc2025_test_00225_gl_sa_t1,medclipseg_brisc:brisc2025_test_00133_gl_co_t1,present,glioma,Detected a glioma neoplasm in the center region of the brain.,Detected abnormal growth of glioma tumor in the upper part.,99ea01dabfc2ab57f311e00f13b1d2af004d2c83dc181a2cf4933defa46db093,5257f4f842080c1b60f676a12bbd48c9f1f5ba345a694646be3aa6a8c03ca362,0,1
STRATIFIED_DERANGEMENT_V1_20260719,medclipseg_brisc,medclipseg_brisc:brisc2025_test_00226_gl_sa_t1,medclipseg_brisc:brisc2025_test_00205_gl_sa_t1,present,glioma,A glioma tumor has been identified in the center area.,A glioma tumor is present in the center region of the brain.,5c729ca74b49bb95f650b97140a4416882bcd9839ff19a6872c1977cdb14d443,f0e2eb7a6f37bb448676b1c15e70b8e9e7eed4b9a13c461b70bd007a02b0ce75,0,1
STRATIFIED_DERANGEMENT_V1_20260719,medclipseg_brisc,medclipseg_brisc:brisc2025_test_00227_gl_sa_t1,medclipseg_brisc:brisc2025_test_00034_gl_ax_t1,present,glioma,Detected glioma lesion located at the center area.,Imaging demonstrates a glioma tumor occupying the center region.,8106ef524d37f3628052f2aafb7c8d13fcac634c9226294f4eb5619536dcc65d,a01ed7c9def4eda066a3b438eae4a6413519b7d146e90aff0e0b2cbe2335074a,0,1
STRATIFIED_DERANGEMENT_V1_20260719,medclipseg_brisc,medclipseg_brisc:brisc2025_test_00228_gl_sa_t1,medclipseg_brisc:brisc2025_test_00232_gl_sa_t1,present,glioma,MRI findings reveal a glioma tumor in the right zone.,MRI reveals a glioma tumor located in the center region.,26b86b4cca6a6ce7dabecc38461c57a70fca9f97931f2f532516ed9794def1ea,2f555ad0f344a44874ce79f8f2c0d1363cd9ca66ff8816ae6cc45c0d2fbf1b60,0,1
STRATIFIED_DERANGEMENT_V1_20260719,medclipseg_brisc,medclipseg_brisc:brisc2025_test_00229_gl_sa_t1,medclipseg_brisc:brisc2025_test_00043_gl_ax_t1,present,glioma,A glioma tumor is present in the center region of the brain.,A suspicious glioma lesion is located in the center section.,f0e2eb7a6f37bb448676b1c15e70b8e9e7eed4b9a13c461b70bd007a02b0ce75,4c730d5ea71c66c2c0d988dc2af5858148cddd7dd5e07481b5b3561bd66c0897,0,1
STRATIFIED_DERANGEMENT_V1_20260719,medclipseg_brisc,medclipseg_brisc:brisc2025_test_00230_gl_sa_t1,medclipseg_brisc:brisc2025_test_00229_gl_sa_t1,present,glioma,A glioma tumor has been identified in the center area.,A glioma tumor is present in the center region of the brain.,5c729ca74b49bb95f650b97140a4416882bcd9839ff19a6872c1977cdb14d443,f0e2eb7a6f37bb448676b1c15e70b8e9e7eed4b9a13c461b70bd007a02b0ce75,0,1
STRATIFIED_DERANGEMENT_V1_20260719,medclipseg_brisc,medclipseg_brisc:brisc2025_test_00231_gl_sa_t1,medclipseg_brisc:brisc2025_test_00060_gl_ax_t1,present,glioma,An abnormal glioma mass is found in the center section.,An area of glioma tumor is identified in the lower part of the brain.,13952551b6bda4c1381a3adba8553ab9ec52cf6c91f6f13cdec17c6add80aa61,666a858ac9b76d22d21753630a2d546ac34f7bc8939149efecde5d929d14b839,0,1
STRATIFIED_DERANGEMENT_V1_20260719,medclipseg_brisc,medclipseg_brisc:brisc2025_test_00232_gl_sa_t1,medclipseg_brisc:brisc2025_test_00023_gl_ax_t1,present,glioma,MRI reveals a glioma tumor located in the center region.,Presence of a glioma mass detected in the center area.,2f555ad0f344a44874ce79f8f2c0d1363cd9ca66ff8816ae6cc45c0d2fbf1b60,a978b4c8ed667d045047dc865ec0d1fdc50dc33816656f0858701228ac4e9d72,0,1
STRATIFIED_DERANGEMENT_V1_20260719,medclipseg_brisc,medclipseg_brisc:brisc2025_test_00233_gl_sa_t1,medclipseg_brisc:brisc2025_test_00174_gl_sa_t1,present,glioma,A suspicious glioma lesion is located in the center section.,An abnormal glioma mass is found in the center section.,4c730d5ea71c66c2c0d988dc2af5858148cddd7dd5e07481b5b3561bd66c0897,13952551b6bda4c1381a3adba8553ab9ec52cf6c91f6f13cdec17c6add80aa61,0,1
STRATIFIED_DERANGEMENT_V1_20260719,medclipseg_brisc,medclipseg_brisc:brisc2025_test_00234_gl_sa_t1,medclipseg_brisc:brisc2025_test_00129_gl_co_t1,present,glioma,The center brain region contains a detected glioma tumor.,The center region shows signs of a glioma tumor.,c835f23603372fcba8de3c96acdc868564af083f48fd74d6265d3e5e36039428,631cd0589f14ef387578d98de4537640373544da0265a24ebde45eda36e6b53a,0,1
STRATIFIED_DERANGEMENT_V1_20260719,medclipseg_brisc,medclipseg_brisc:brisc2025_test_00235_gl_sa_t1,medclipseg_brisc:brisc2025_test_00078_gl_ax_t1,present,glioma,A glioma tumor can be seen in the right portion of the brain.,A glioma tumor is present in the center region of the brain.,e5d28b5e60da0f8dcf80d2b8df30863f0a8eceab2dda1144db52935df0abdb8a,f0e2eb7a6f37bb448676b1c15e70b8e9e7eed4b9a13c461b70bd007a02b0ce75,0,1
STRATIFIED_DERANGEMENT_V1_20260719,medclipseg_brisc,medclipseg_brisc:brisc2025_test_00236_gl_sa_t1,medclipseg_brisc:brisc2025_test_00211_gl_sa_t1,present,glioma,The upper brain region contains a detected glioma tumor.,There is a glioma lesion affecting the center area of the brain.,5e559cb317ac8bb5c22a73840f87759c1a34df012b3f6427ac8d444ad209426e,d45a1e67ce275c449af4bbd72119cb1079de7eb70b027e34155fb9aed6c4e5ac,0,1
STRATIFIED_DERANGEMENT_V1_20260719,medclipseg_brisc,medclipseg_brisc:brisc2025_test_00237_gl_sa_t1,medclipseg_brisc:brisc2025_test_00097_gl_co_t1,present,glioma,An area of glioma tumor is identified in the upper part of the brain.,Detected abnormal growth of glioma tumor in the center part.,e8cb46a7468d66cb69d93c6eeb04443b9a26dca30a6b035c7a08cc89c3ddaee8,4a8f6a8eef57ba18fca9754ccce00339f987f7466099e06c38a0ba7eea1a2c5b,0,1
STRATIFIED_DERANGEMENT_V1_20260719,medclipseg_brisc,medclipseg_brisc:brisc2025_test_00238_gl_sa_t1,medclipseg_brisc:brisc2025_test_00052_gl_ax_t1,present,glioma,The scan shows a glioma tumor positioned in the center.,There is a glioma lesion affecting the center area of the brain.,c9f00df6a7cd13c17cc42f8d837be9afd4002999db16ad69ca6d3de3a58e7da9,d45a1e67ce275c449af4bbd72119cb1079de7eb70b027e34155fb9aed6c4e5ac,0,1
STRATIFIED_DERANGEMENT_V1_20260719,medclipseg_brisc,medclipseg_brisc:brisc2025_test_00239_gl_sa_t1,medclipseg_brisc:brisc2025_test_00206_gl_sa_t1,present,glioma,Findings indicate a glioma tumor situated in the center area.,Imaging demonstrates a glioma tumor occupying the upper region.,49a9033e92c1cc8c75585e7dcb4acbd2f770be64808e725de0a9aecc4173d04f,34c184fe8d7c7c3710a3117b4dae39524dbbdbb73600584eb96df4981fa558f5,0,1
STRATIFIED_DERANGEMENT_V1_20260719,medclipseg_brisc,medclipseg_brisc:brisc2025_test_00240_gl_sa_t1,medclipseg_brisc:brisc2025_test_00108_gl_co_t1,present,glioma,A glioma tumor is visible in the center region on the scan.,A suspicious glioma lesion is located in the upper section.,85624fdb0ee76f8948ec21a965dd45db583439afa1d18d6cba9b51132314bd8e,c1ec50ee82847362b99cc35882087d9b830926ae8b32cf9eff15a90b857f5d15,0,1
STRATIFIED_DERANGEMENT_V1_20260719,medclipseg_brisc,medclipseg_brisc:brisc2025_test_00241_gl_sa_t1,medclipseg_brisc:brisc2025_test_00164_gl_co_t1,present,glioma,A focal glioma mass is identified in the center region.,A glioma tumor can be seen in the upper portion of the brain.,871db0f9243cc24f0f3a21024ba26e11de397e7a8b990df8cb2f08528ab83955,1e74b569e0310671ca7c1154c83d6bc05c8d0a593b74a931f181d934c49eb02d,0,1
STRATIFIED_DERANGEMENT_V1_20260719,medclipseg_brisc,medclipseg_brisc:brisc2025_test_00242_gl_sa_t1,medclipseg_brisc:brisc2025_test_00070_gl_ax_t1,present,glioma,An abnormal glioma mass is found in the center section.,An area of glioma tumor is identified in the right part of the brain.,13952551b6bda4c1381a3adba8553ab9ec52cf6c91f6f13cdec17c6add80aa61,a2e2585b83e16e4988a51c38161e314b2dfe6220097f5a91d21f1deb5674f001,0,1
STRATIFIED_DERANGEMENT_V1_20260719,medclipseg_brisc,medclipseg_brisc:brisc2025_test_00243_gl_sa_t1,medclipseg_brisc:brisc2025_test_00003_gl_ax_t1,present,glioma,Detected a glioma neoplasm in the center region of the brain.,Detected glioma lesion located at the center area.,99ea01dabfc2ab57f311e00f13b1d2af004d2c83dc181a2cf4933defa46db093,8106ef524d37f3628052f2aafb7c8d13fcac634c9226294f4eb5619536dcc65d,0,1
STRATIFIED_DERANGEMENT_V1_20260719,medclipseg_brisc,medclipseg_brisc:brisc2025_test_00244_gl_sa_t1,medclipseg_brisc:brisc2025_test_00024_gl_ax_t1,present,glioma,Imaging reveals a glioma abnormality located in the center.,MRI reveals a glioma tumor located in the center region.,76b2f2dc3c1dff710cd5b1e8963fa97211c6059a3b8d591f4a25805fec81821c,2f555ad0f344a44874ce79f8f2c0d1363cd9ca66ff8816ae6cc45c0d2fbf1b60,0,1
STRATIFIED_DERANGEMENT_V1_20260719,medclipseg_brisc,medclipseg_brisc:brisc2025_test_00245_gl_sa_t1,medclipseg_brisc:brisc2025_test_00219_gl_sa_t1,present,glioma,A suspicious glioma lesion is located in the center section.,An abnormal glioma mass is found in the center section.,4c730d5ea71c66c2c0d988dc2af5858148cddd7dd5e07481b5b3561bd66c0897,13952551b6bda4c1381a3adba8553ab9ec52cf6c91f6f13cdec17c6add80aa61,0,1
STRATIFIED_DERANGEMENT_V1_20260719,medclipseg_brisc,medclipseg_brisc:brisc2025_test_00246_gl_sa_t1,medclipseg_brisc:brisc2025_test_00087_gl_co_t1,present,glioma,There is evidence of a glioma lesion in the upper part of the brain.,A glioma tumor can be seen in the center portion of the brain.,070a7cf2dbb10e5e799ce85cc424638aaebd601c4f91526893c485eb34635380,ff3ec6112afd48df3de951c60f6b60b8b5ea9a99f92e2d539b059ae28c308267,0,1
STRATIFIED_DERANGEMENT_V1_20260719,medclipseg_brisc,medclipseg_brisc:brisc2025_test_00247_gl_sa_t1,medclipseg_brisc:brisc2025_test_00195_gl_sa_t1,present,glioma,MRI findings reveal a glioma tumor in the center zone.,MRI reveals a glioma tumor located in the center region.,276cce60ebb928eb66ea199c9e004b1bc65016b0b1e3244f46161f7d57a08f2b,2f555ad0f344a44874ce79f8f2c0d1363cd9ca66ff8816ae6cc45c0d2fbf1b60,0,1
STRATIFIED_DERANGEMENT_V1_20260719,medclipseg_brisc,medclipseg_brisc:brisc2025_test_00248_gl_sa_t1,medclipseg_brisc:brisc2025_test_00041_gl_ax_t1,present,glioma,Imaging reveals a glioma abnormality located in the upper.,MRI reveals a glioma tumor located in the center region.,e6c76a7c705dfa210fadd08a1ce5d14a50f751098d705df7801d243bd940c88e,2f555ad0f344a44874ce79f8f2c0d1363cd9ca66ff8816ae6cc45c0d2fbf1b60,0,1
STRATIFIED_DERANGEMENT_V1_20260719,medclipseg_brisc,medclipseg_brisc:brisc2025_test_00249_gl_sa_t1,medclipseg_brisc:brisc2025_test_00071_gl_ax_t1,present,glioma,Imaging reveals a glioma abnormality located in the upper.,MRI reveals a glioma tumor located in the center region.,e6c76a7c705dfa210fadd08a1ce5d14a50f751098d705df7801d243bd940c88e,2f555ad0f344a44874ce79f8f2c0d1363cd9ca66ff8816ae6cc45c0d2fbf1b60,0,1
STRATIFIED_DERANGEMENT_V1_20260719,medclipseg_brisc,medclipseg_brisc:brisc2025_test_00250_gl_sa_t1,medclipseg_brisc:brisc2025_test_00121_gl_co_t1,present,glioma,Detected a glioma neoplasm in the upper region of the brain.,Detected glioma lesion located at the center area.,851c25261f67f36ec7b502261c12dcfd82242ceaf4f479d76327db1af98af117,8106ef524d37f3628052f2aafb7c8d13fcac634c9226294f4eb5619536dcc65d,0,1
STRATIFIED_DERANGEMENT_V1_20260719,medclipseg_brisc,medclipseg_brisc:brisc2025_test_00251_gl_sa_t1,medclipseg_brisc:brisc2025_test_00058_gl_ax_t1,present,glioma,Presence of a glioma growth observed in the center brain area.,The MRI shows a glioma mass located within the center region.,5697e88b576b84c5eea19d85b299f53b823303b7b0f563e28f92fc916e64b1c8,0737b0bbd79debb2a5599150a77d5d8ff13cddcafc1fc6b9709116ddb828f1a2,0,1
STRATIFIED_DERANGEMENT_V1_20260719,medclipseg_brisc,medclipseg_brisc:brisc2025_test_00252_gl_sa_t1,medclipseg_brisc:brisc2025_test_00125_gl_co_t1,present,glioma,The center part of the brain exhibits a glioma abnormality.,The center section of the brain contains a glioma lesion.,bf7d5d0af60c23c05be2ddc91fd42591e74752429eac89d3958b99bbe22cf2d8,91e095d27f6bfadceaf39ab8fcfd82a809f6c5d62ff2317d920fadd35a2654c5,0,1
STRATIFIED_DERANGEMENT_V1_20260719,medclipseg_brisc,medclipseg_brisc:brisc2025_test_00253_gl_sa_t1,medclipseg_brisc:brisc2025_test_00244_gl_sa_t1,present,glioma,Imaging identifies a glioma tumor in the center quadrant.,Imaging reveals a glioma abnormality located in the center.,976c2709a844aa12b7f0f67def4065648ff97d89849741d8a4c0215d364413e3,76b2f2dc3c1dff710cd5b1e8963fa97211c6059a3b8d591f4a25805fec81821c,0,1
STRATIFIED_DERANGEMENT_V1_20260719,medclipseg_brisc,medclipseg_brisc:brisc2025_test_00254_gl_sa_t1,medclipseg_brisc:brisc2025_test_00018_gl_ax_t1,present,glioma,Imaging demonstrates a glioma tumor occupying the center region.,Imaging identifies a glioma tumor in the lower quadrant.,a01ed7c9def4eda066a3b438eae4a6413519b7d146e90aff0e0b2cbe2335074a,a7335db614d96d39e44f88b5dee07b63692596f4e08e0dc30adcd15a154dc3b1,0,1
STRATIFIED_DERANGEMENT_V1_20260719,medclipseg_brisc,medclipseg_brisc:brisc2025_test_00267_me_ax_t1,medclipseg_brisc:brisc2025_test_00364_me_ax_t1,present,meningioma,Presence of a meningioma growth observed in the lower-right brain area.,The MRI shows a meningioma mass located within the center region.,b84111d0dfbce0ef73e0d961adb510b0521d64f92253a6b0746852d59984c4fd,594103e987c61b52f6be17f5217cd49d651556f043bcb77b915f8387bd0b8488,0,1
STRATIFIED_DERANGEMENT_V1_20260719,medclipseg_brisc,medclipseg_brisc:brisc2025_test_00268_me_ax_t1,medclipseg_brisc:brisc2025_test_00353_me_ax_t1,present,meningioma,Detected abnormal growth of meningioma tumor in the center part.,Detected meningioma lesion located at the center area.,6efffa9a00a341fa9822256d74fb411a2c39ed609b5558df336ca42731485617,9f00d56273248bc33ac550562e6249b5178a91f158dcd9929b01e41eefd533a4,0,1
STRATIFIED_DERANGEMENT_V1_20260719,medclipseg_brisc,medclipseg_brisc:brisc2025_test_00277_me_ax_t1,medclipseg_brisc:brisc2025_test_00336_me_ax_t1,present,meningioma,A focal meningioma mass is identified in the upper region.,A meningioma tumor has been identified in the center area.,2450b5b82b7c7f6ed7aa6bae58683f6d945829dad0097301a81b248a71315ecf,b3b6daa39feac6a194c648f4a649a82b6bf69a4381abbc673f3b9b4dc7184a20,0,1
STRATIFIED_DERANGEMENT_V1_20260719,medclipseg_brisc,medclipseg_brisc:brisc2025_test_00281_me_ax_t1,medclipseg_brisc:brisc2025_test_00296_me_ax_t1,present,meningioma,There is evidence of a meningioma lesion in the center part of the brain.,There is evidence of a meningioma lesion in the left part of the brain.,6c4c76c58d9a7ccadf9fcb6c6344e272bd41feb32dcbd41d774e5628c66cccce,d159893664f00f53b3cc97adba11041b7f2456363c9eb9755e83ca72ac503f81,0,1
STRATIFIED_DERANGEMENT_V1_20260719,medclipseg_brisc,medclipseg_brisc:brisc2025_test_00285_me_ax_t1,medclipseg_brisc:brisc2025_test_00541_me_sa_t1,present,meningioma,The center brain region contains a detected meningioma tumor.,The center part of the brain exhibits a meningioma abnormality.,3a8d8647a63b4430ecb9a0830693a7b8a26e1a6eedbe17bcf25fa38fe237df2d,155c8bf03b739082e4887f319c91a5559cb45b465a1d52d2cd2f5994123aa555,0,1
STRATIFIED_DERANGEMENT_V1_20260719,medclipseg_brisc,medclipseg_brisc:brisc2025_test_00296_me_ax_t1,medclipseg_brisc:brisc2025_test_00277_me_ax_t1,present,meningioma,There is evidence of a meningioma lesion in the left part of the brain.,A focal meningioma mass is identified in the upper region.,d159893664f00f53b3cc97adba11041b7f2456363c9eb9755e83ca72ac503f81,2450b5b82b7c7f6ed7aa6bae58683f6d945829dad0097301a81b248a71315ecf,0,1
STRATIFIED_DERANGEMENT_V1_20260719,medclipseg_brisc,medclipseg_brisc:brisc2025_test_00297_me_ax_t1,medclipseg_brisc:brisc2025_test_00380_me_ax_t1,present,meningioma,Detected meningioma lesion located at the lower-right area.,Findings indicate a meningioma tumor situated in the lower area.,0d6ec27b53800fa021c6f079c2a5962907969d7ff7618c4f82c3cd5853be3ea7,ccace20f1447d1281109735d548894858638bac2845b947e0672ba6ca09cb2e5,0,1
STRATIFIED_DERANGEMENT_V1_20260719,medclipseg_brisc,medclipseg_brisc:brisc2025_test_00299_me_ax_t1,medclipseg_brisc:brisc2025_test_00556_me_sa_t1,present,meningioma,The lower-left part of the brain exhibits a meningioma abnormality.,The upper brain region contains a detected meningioma tumor.,f5b3304cd99826eafef71909e49a1a47acef6ff1106cd5cb20e118d316a729df,eecea497e52f90ff109c31158566eb7d2670fcf83750130130c61f7f7f7c7e64,0,1
STRATIFIED_DERANGEMENT_V1_20260719,medclipseg_brisc,medclipseg_brisc:brisc2025_test_00324_me_ax_t1,medclipseg_brisc:brisc2025_test_00535_me_sa_t1,present,meningioma,Imaging identifies a meningioma tumor in the center quadrant.,Imaging reveals a meningioma abnormality located in the upper-left.,d7591b1506dd10f8745f956d02837b0c6435f6aedda204c3d32323e013a2c097,7f071641cef41379d59d754d8b7105f01e0b62cc099ef6e2f3affc9f7b790edd,0,1
STRATIFIED_DERANGEMENT_V1_20260719,medclipseg_brisc,medclipseg_brisc:brisc2025_test_00325_me_ax_t1,medclipseg_brisc:brisc2025_test_00517_me_sa_t1,present,meningioma,Findings indicate a meningioma tumor situated in the center area.,Imaging demonstrates a meningioma tumor occupying the center region.,0c47671e183a074c5fc6cccdb2f52188cf3e31ac15d7b2e8a70371b11e6bad36,7e1f2e6e3dcf9e7645db34a23384f010b23702a94fd7bb0e9978353508f0ede0,0,1
STRATIFIED_DERANGEMENT_V1_20260719,medclipseg_brisc,medclipseg_brisc:brisc2025_test_00326_me_ax_t1,medclipseg_brisc:brisc2025_test_00439_me_co_t1,present,meningioma,MRI findings reveal a meningioma tumor in the left zone.,MRI reveals a meningioma tumor located in the left region.,c377d4a3d0ff8cd16d7758b45bf61e108798598e1a6f09873f53aed47e658384,5d5d2bdbe94499eb43c68c60924aec55c7d1a29fed00b61c969cf83c87bd830b,0,1
STRATIFIED_DERANGEMENT_V1_20260719,medclipseg_brisc,medclipseg_brisc:brisc2025_test_00327_me_ax_t1,medclipseg_brisc:brisc2025_test_00502_me_sa_t1,present,meningioma,A meningioma tumor is visible in the center region on the scan.,A suspicious meningioma lesion is located in the left section.,b8fe33446c30993515201bd2aa31348916cf257ebe9089f056e2b8e84162e977,0848527230a56245f244c58d9d06606a7956934885c7a650cfae3a98098a3362,0,1
STRATIFIED_DERANGEMENT_V1_20260719,medclipseg_brisc,medclipseg_brisc:brisc2025_test_00328_me_ax_t1,medclipseg_brisc:brisc2025_test_00395_me_co_t1,present,meningioma,There is evidence of a meningioma lesion in the center part of the brain.,There is evidence of a meningioma lesion in the right part of the brain.,6c4c76c58d9a7ccadf9fcb6c6344e272bd41feb32dcbd41d774e5628c66cccce,43b14ea3ecdc029afc9d92b78285fad70deb80acf220c05ec1c8ad1dc5793f18,0,1
STRATIFIED_DERANGEMENT_V1_20260719,medclipseg_brisc,medclipseg_brisc:brisc2025_test_00329_me_ax_t1,medclipseg_brisc:brisc2025_test_00448_me_co_t1,present,meningioma,Imaging demonstrates a meningioma tumor occupying the left region.,Imaging reveals a meningioma abnormality located in the center.,e2edca49a1c59777f29a21059bfa0b8d0583e06289669be52ad73ca2923a8ec7,ba6ff025d2ff3205468b6bf3d15a5def2465d88d983a8ade28535d35c90a4590,0,1
STRATIFIED_DERANGEMENT_V1_20260719,medclipseg_brisc,medclipseg_brisc:brisc2025_test_00330_me_ax_t1,medclipseg_brisc:brisc2025_test_00462_me_co_t1,present,meningioma,There is evidence of a meningioma lesion in the center part of the brain.,There is evidence of a meningioma lesion in the upper part of the brain.,6c4c76c58d9a7ccadf9fcb6c6344e272bd41feb32dcbd41d774e5628c66cccce,ace91636ce489e2a1ee2cde8806d09e141bd6239d487f4be185844bb025871ae,0,1
STRATIFIED_DERANGEMENT_V1_20260719,medclipseg_brisc,medclipseg_brisc:brisc2025_test_00331_me_ax_t1,medclipseg_brisc:brisc2025_test_00467_me_co_t1,present,meningioma,Imaging demonstrates a meningioma tumor occupying the right region.,Imaging reveals a meningioma abnormality located in the center.,18085a24467f3951871bfec7401ad176529a558190ea08330cec5c3b4e43d694,ba6ff025d2ff3205468b6bf3d15a5def2465d88d983a8ade28535d35c90a4590,0,1
STRATIFIED_DERANGEMENT_V1_20260719,medclipseg_brisc,medclipseg_brisc:brisc2025_test_00332_me_ax_t1,medclipseg_brisc:brisc2025_test_00375_me_ax_t1,present,meningioma,A meningioma tumor is present in the center region of the brain.,A suspicious meningioma lesion is located in the center section.,1d0a43063d3f2d56decc206ff6dc9548637e86e08cd120ec169f33832090b318,03ba088b72612cd06972a48442d5324574d6df245d959f5aae730c81852c29e2,0,1
STRATIFIED_DERANGEMENT_V1_20260719,medclipseg_brisc,medclipseg_brisc:brisc2025_test_00333_me_ax_t1,medclipseg_brisc:brisc2025_test_00418_me_co_t1,present,meningioma,The upper section of the brain contains a meningioma lesion.,There is a meningioma lesion affecting the upper area of the brain.,58e670cc68ec5ba0e45ef47ff18feb8dd0fd29785b658535214c99927b232213,3ee3cebca3d3a422332fcbd9d65b536146eb65a39c2cde8cdc0fa739bf0aed34,0,1
STRATIFIED_DERANGEMENT_V1_20260719,medclipseg_brisc,medclipseg_brisc:brisc2025_test_00334_me_ax_t1,medclipseg_brisc:brisc2025_test_00339_me_ax_t1,present,meningioma,Presence of a meningioma mass detected in the lower area.,The center area contains a confirmed meningioma tumor.,7388c30251d12964813391c6ae1652cc1a3ea5e0b2173307b0e625ede75af589,426726ecfc769963ef175d72c3a538b67ee815affebe197526c62c73f3f31143,0,1
STRATIFIED_DERANGEMENT_V1_20260719,medclipseg_brisc,medclipseg_brisc:brisc2025_test_00335_me_ax_t1,medclipseg_brisc:brisc2025_test_00442_me_co_t1,present,meningioma,Presence of a meningioma growth observed in the center brain area.,Presence of a meningioma growth observed in the upper brain area.,8e12b44315c2abf5403ce15adbcf9583cfe7997606e9919aa3bcdc9851c34a5f,1d045dd7fe4523743080f92b776cbe0e48babaf0783e192b663273dc7a1ab905,0,1
STRATIFIED_DERANGEMENT_V1_20260719,medclipseg_brisc,medclipseg_brisc:brisc2025_test_00336_me_ax_t1,medclipseg_brisc:brisc2025_test_00464_me_co_t1,present,meningioma,A meningioma tumor has been identified in the center area.,A meningioma tumor is present in the upper region of the brain.,b3b6daa39feac6a194c648f4a649a82b6bf69a4381abbc673f3b9b4dc7184a20,1d7fdd526864887a72094ecac0c8b6fcde33cd037f0fc331bbcbfca757f66947,0,1
STRATIFIED_DERANGEMENT_V1_20260719,medclipseg_brisc,medclipseg_brisc:brisc2025_test_00337_me_ax_t1,medclipseg_brisc:brisc2025_test_00410_me_co_t1,present,meningioma,Imaging identifies a meningioma tumor in the center quadrant.,Imaging reveals a meningioma abnormality located in the upper.,d7591b1506dd10f8745f956d02837b0c6435f6aedda204c3d32323e013a2c097,c2412458e8224ae587044ed1b5aa73a3d00de72302469d8d8bc34cef99365ef6,0,1
STRATIFIED_DERANGEMENT_V1_20260719,medclipseg_brisc,medclipseg_brisc:brisc2025_test_00338_me_ax_t1,medclipseg_brisc:brisc2025_test_00281_me_ax_t1,present,meningioma,There is a meningioma lesion affecting the center area of the brain.,There is evidence of a meningioma lesion in the center part of the brain.,58ede517bd9619c542ed45f04698cc486a094451952b2724c1164ce6ecf42c7b,6c4c76c58d9a7ccadf9fcb6c6344e272bd41feb32dcbd41d774e5628c66cccce,0,1
STRATIFIED_DERANGEMENT_V1_20260719,medclipseg_brisc,medclipseg_brisc:brisc2025_test_00339_me_ax_t1,medclipseg_brisc:brisc2025_test_00434_me_co_t1,present,meningioma,The center area contains a confirmed meningioma tumor.,The center part of the brain exhibits a meningioma abnormality.,426726ecfc769963ef175d72c3a538b67ee815affebe197526c62c73f3f31143,155c8bf03b739082e4887f319c91a5559cb45b465a1d52d2cd2f5994123aa555,0,1
STRATIFIED_DERANGEMENT_V1_20260719,medclipseg_brisc,medclipseg_brisc:brisc2025_test_00340_me_ax_t1,medclipseg_brisc:brisc2025_test_00348_me_ax_t1,present,meningioma,Abnormal meningioma growth observed in the center part of the brain.,An abnormal meningioma mass is found in the center section.,050436ca68888bbdc9405497296e183cc2c366a70e1d840a1601647679dca119,81fd07c131532ac5af2f9623895bc0bb337a45975cef5ca0b31f1a21a191a714,0,1
STRATIFIED_DERANGEMENT_V1_20260719,medclipseg_brisc,medclipseg_brisc:brisc2025_test_00341_me_ax_t1,medclipseg_brisc:brisc2025_test_00527_me_sa_t1,present,meningioma,Imaging demonstrates a meningioma tumor occupying the center region.,Imaging identifies a meningioma tumor in the upper quadrant.,7e1f2e6e3dcf9e7645db34a23384f010b23702a94fd7bb0e9978353508f0ede0,02e175c95dbe53d05641adc5556781cc0938043da9661c02178a335cabc84316,0,1
STRATIFIED_DERANGEMENT_V1_20260719,medclipseg_brisc,medclipseg_brisc:brisc2025_test_00342_me_ax_t1,medclipseg_brisc:brisc2025_test_00459_me_co_t1,present,meningioma,MRI shows a meningioma lesion occupying the center area.,MRI shows a meningioma lesion occupying the upper area.,157e3068406d12b985a99030f51fee4627f6b41254f7b30796f431d08baa29cb,609b84d665538d6d94a316a23da061c381cf07190ffa3c344c8d83bdecaaea5e,0,1
STRATIFIED_DERANGEMENT_V1_20260719,medclipseg_brisc,medclipseg_brisc:brisc2025_test_00343_me_ax_t1,medclipseg_brisc:brisc2025_test_00297_me_ax_t1,present,meningioma,Detected meningioma lesion located at the center area.,Detected meningioma lesion located at the lower-right area.,9f00d56273248bc33ac550562e6249b5178a91f158dcd9929b01e41eefd533a4,0d6ec27b53800fa021c6f079c2a5962907969d7ff7618c4f82c3cd5853be3ea7,0,1
STRATIFIED_DERANGEMENT_V1_20260719,medclipseg_brisc,medclipseg_brisc:brisc2025_test_00345_me_ax_t1,medclipseg_brisc:brisc2025_test_00396_me_co_t1,present,meningioma,Detected meningioma lesion located at the center area.,Detected meningioma lesion located at the right area.,9f00d56273248bc33ac550562e6249b5178a91f158dcd9929b01e41eefd533a4,d60221ab1978dcd9aaf32dd85053b5aa5a82ed0d392265f3aea0993d990091fe,0,1
STRATIFIED_DERANGEMENT_V1_20260719,medclipseg_brisc,medclipseg_brisc:brisc2025_test_00346_me_ax_t1,medclipseg_brisc:brisc2025_test_00413_me_co_t1,present,meningioma,Findings indicate a meningioma tumor situated in the lower area.,Imaging demonstrates a meningioma tumor occupying the upper region.,ccace20f1447d1281109735d548894858638bac2845b947e0672ba6ca09cb2e5,54e5f1899fc8330e86f3dd8951088ac31078f30618f51f90963d66a1b43517f8,0,1
STRATIFIED_DERANGEMENT_V1_20260719,medclipseg_brisc,medclipseg_brisc:brisc2025_test_00347_me_ax_t1,medclipseg_brisc:brisc2025_test_00552_me_sa_t1,present,meningioma,The center brain region contains a detected meningioma tumor.,The center part of the brain exhibits a meningioma abnormality.,3a8d8647a63b4430ecb9a0830693a7b8a26e1a6eedbe17bcf25fa38fe237df2d,155c8bf03b739082e4887f319c91a5559cb45b465a1d52d2cd2f5994123aa555,0,1
STRATIFIED_DERANGEMENT_V1_20260719,medclipseg_brisc,medclipseg_brisc:brisc2025_test_00348_me_ax_t1,medclipseg_brisc:brisc2025_test_00499_me_sa_t1,present,meningioma,An abnormal meningioma mass is found in the center section.,An abnormal meningioma mass is found in the upper-right section.,81fd07c131532ac5af2f9623895bc0bb337a45975cef5ca0b31f1a21a191a714,aa995d359084e547f9e744f50a1d1e369ccd39fd87a8f67e749699622c4db211,0,1
STRATIFIED_DERANGEMENT_V1_20260719,medclipseg_brisc,medclipseg_brisc:brisc2025_test_00350_me_ax_t1,medclipseg_brisc:brisc2025_test_00515_me_sa_t1,present,meningioma,MRI shows a meningioma lesion occupying the center area.,MRI shows a meningioma lesion occupying the upper area.,157e3068406d12b985a99030f51fee4627f6b41254f7b30796f431d08baa29cb,609b84d665538d6d94a316a23da061c381cf07190ffa3c344c8d83bdecaaea5e,0,1
STRATIFIED_DERANGEMENT_V1_20260719,medclipseg_brisc,medclipseg_brisc:brisc2025_test_00351_me_ax_t1,medclipseg_brisc:brisc2025_test_00335_me_ax_t1,present,meningioma,MRI shows a meningioma lesion occupying the center area.,Presence of a meningioma growth observed in the center brain area.,157e3068406d12b985a99030f51fee4627f6b41254f7b30796f431d08baa29cb,8e12b44315c2abf5403ce15adbcf9583cfe7997606e9919aa3bcdc9851c34a5f,0,1
STRATIFIED_DERANGEMENT_V1_20260719,medclipseg_brisc,medclipseg_brisc:brisc2025_test_00353_me_ax_t1,medclipseg_brisc:brisc2025_test_00445_me_co_t1,present,meningioma,Detected meningioma lesion located at the center area.,Detected meningioma lesion located at the upper area.,9f00d56273248bc33ac550562e6249b5178a91f158dcd9929b01e41eefd533a4,0a1a7c5f335aa75ad34bc11e8fed81f1830f8a3778de5ae9997a54ab9790e260,0,1
STRATIFIED_DERANGEMENT_V1_20260719,medclipseg_brisc,medclipseg_brisc:brisc2025_test_00355_me_ax_t1,medclipseg_brisc:brisc2025_test_00526_me_sa_t1,present,meningioma,MRI shows a meningioma lesion occupying the lower area.,Presence of a meningioma growth observed in the center brain area.,53a00182b9d8d805f9dd61d8a9eb996ee4743ecd314fb394ab1c02a3aaf3f413,8e12b44315c2abf5403ce15adbcf9583cfe7997606e9919aa3bcdc9851c34a5f,0,1
STRATIFIED_DERANGEMENT_V1_20260719,medclipseg_brisc,medclipseg_brisc:brisc2025_test_00356_me_ax_t1,medclipseg_brisc:brisc2025_test_00451_me_co_t1,present,meningioma,The center area contains a confirmed meningioma tumor.,The center part of the brain exhibits a meningioma abnormality.,426726ecfc769963ef175d72c3a538b67ee815affebe197526c62c73f3f31143,155c8bf03b739082e4887f319c91a5559cb45b465a1d52d2cd2f5994123aa555,0,1
STRATIFIED_DERANGEMENT_V1_20260719,medclipseg_brisc,medclipseg_brisc:brisc2025_test_00357_me_ax_t1,medclipseg_brisc:brisc2025_test_00374_me_ax_t1,present,meningioma,Detected abnormal growth of meningioma tumor in the center part.,Detected meningioma lesion located at the center area.,6efffa9a00a341fa9822256d74fb411a2c39ed609b5558df336ca42731485617,9f00d56273248bc33ac550562e6249b5178a91f158dcd9929b01e41eefd533a4,0,1
STRATIFIED_DERANGEMENT_V1_20260719,medclipseg_brisc,medclipseg_brisc:brisc2025_test_00358_me_ax_t1,medclipseg_brisc:brisc2025_test_00379_me_ax_t1,present,meningioma,MRI findings reveal a meningioma tumor in the center zone.,MRI reveals a meningioma tumor located in the left region.,8568ec1003b297f90dd1855d3bb241a75dff1b602ead7684648f67ea68e417b0,5d5d2bdbe94499eb43c68c60924aec55c7d1a29fed00b61c969cf83c87bd830b,0,1
STRATIFIED_DERANGEMENT_V1_20260719,medclipseg_brisc,medclipseg_brisc:brisc2025_test_00359_me_ax_t1,medclipseg_brisc:brisc2025_test_00361_me_ax_t1,present,meningioma,Abnormal meningioma growth observed in the center part of the brain.,An abnormal meningioma mass is found in the center section.,050436ca68888bbdc9405497296e183cc2c366a70e1d840a1601647679dca119,81fd07c131532ac5af2f9623895bc0bb337a45975cef5ca0b31f1a21a191a714,0,1
STRATIFIED_DERANGEMENT_V1_20260719,medclipseg_brisc,medclipseg_brisc:brisc2025_test_00360_me_ax_t1,medclipseg_brisc:brisc2025_test_00550_me_sa_t1,present,meningioma,A focal meningioma mass is identified in the center region.,A focal meningioma mass is identified in the upper-left region.,dc872a7aaf7f50651873094ad7c6e70a99b5de552772be695d058981693acfcb,9d5fa4f7d5d97d035b536b4e351184e6268a8a77fcd168dd9de25ecad0f84ccc,0,1
STRATIFIED_DERANGEMENT_V1_20260719,medclipseg_brisc,medclipseg_brisc:brisc2025_test_00361_me_ax_t1,medclipseg_brisc:brisc2025_test_00427_me_co_t1,present,meningioma,An abnormal meningioma mass is found in the center section.,An area of meningioma tumor is identified in the center part of the brain.,81fd07c131532ac5af2f9623895bc0bb337a45975cef5ca0b31f1a21a191a714,40cfd7160a377b16c61d679b5bb4311577651676ab44c7beafbb30fb58c1ec9d,0,1
STRATIFIED_DERANGEMENT_V1_20260719,medclipseg_brisc,medclipseg_brisc:brisc2025_test_00362_me_ax_t1,medclipseg_brisc:brisc2025_test_00356_me_ax_t1,present,meningioma,The MRI shows a meningioma mass located within the center region.,The center area contains a confirmed meningioma tumor.,594103e987c61b52f6be17f5217cd49d651556f043bcb77b915f8387bd0b8488,426726ecfc769963ef175d72c3a538b67ee815affebe197526c62c73f3f31143,0,1
STRATIFIED_DERANGEMENT_V1_20260719,medclipseg_brisc,medclipseg_brisc:brisc2025_test_00363_me_ax_t1,medclipseg_brisc:brisc2025_test_00558_me_sa_t1,present,meningioma,A meningioma tumor has been identified in the right area.,A meningioma tumor is visible in the upper-left region on the scan.,08e92fa9c85f9be38568149f252cb47914fc5355048558bf380c89e6d41fd301,dc0add5a3d1576c374b245901cb3ac4caf72888d840f5310c97e9af28f7f22b0,0,1
STRATIFIED_DERANGEMENT_V1_20260719,medclipseg_brisc,medclipseg_brisc:brisc2025_test_00364_me_ax_t1,medclipseg_brisc:brisc2025_test_00500_me_sa_t1,present,meningioma,The MRI shows a meningioma mass located within the center region.,The center area contains a confirmed meningioma tumor.,594103e987c61b52f6be17f5217cd49d651556f043bcb77b915f8387bd0b8488,426726ecfc769963ef175d72c3a538b67ee815affebe197526c62c73f3f31143,0,1
STRATIFIED_DERANGEMENT_V1_20260719,medclipseg_brisc,medclipseg_brisc:brisc2025_test_00365_me_ax_t1,medclipseg_brisc:brisc2025_test_00340_me_ax_t1,present,meningioma,A suspicious meningioma lesion is located in the center section.,Abnormal meningioma growth observed in the center part of the brain.,03ba088b72612cd06972a48442d5324574d6df245d959f5aae730c81852c29e2,050436ca68888bbdc9405497296e183cc2c366a70e1d840a1601647679dca119,0,1
STRATIFIED_DERANGEMENT_V1_20260719,medclipseg_brisc,medclipseg_brisc:brisc2025_test_00366_me_ax_t1,medclipseg_brisc:brisc2025_test_00533_me_sa_t1,present,meningioma,A focal meningioma mass is identified in the center region.,A focal meningioma mass is identified in the upper-right region.,dc872a7aaf7f50651873094ad7c6e70a99b5de552772be695d058981693acfcb,1165c74db1a770288d89042d66a8a58890fd7d833b2eaadba9b341a7065125c9,0,1
STRATIFIED_DERANGEMENT_V1_20260719,medclipseg_brisc,medclipseg_brisc:brisc2025_test_00367_me_ax_t1,medclipseg_brisc:brisc2025_test_00554_me_sa_t1,present,meningioma,Presence of a meningioma growth observed in the center brain area.,Presence of a meningioma growth observed in the upper brain area.,8e12b44315c2abf5403ce15adbcf9583cfe7997606e9919aa3bcdc9851c34a5f,1d045dd7fe4523743080f92b776cbe0e48babaf0783e192b663273dc7a1ab905,0,1
STRATIFIED_DERANGEMENT_V1_20260719,medclipseg_brisc,medclipseg_brisc:brisc2025_test_00368_me_ax_t1,medclipseg_brisc:brisc2025_test_00549_me_sa_t1,present,meningioma,The MRI shows a meningioma mass located within the center region.,The center area contains a confirmed meningioma tumor.,594103e987c61b52f6be17f5217cd49d651556f043bcb77b915f8387bd0b8488,426726ecfc769963ef175d72c3a538b67ee815affebe197526c62c73f3f31143,0,1
STRATIFIED_DERANGEMENT_V1_20260719,medclipseg_brisc,medclipseg_brisc:brisc2025_test_00369_me_ax_t1,medclipseg_brisc:brisc2025_test_00391_me_ax_t1,present,meningioma,A focal meningioma mass is identified in the left region.,A meningioma tumor can be seen in the lower portion of the brain.,910fa4db1983c349b03d9782e59c393ff57526fc1a3f96d9277a2e946458333b,9ed0eb99bbe49d6b2bd8dcb19ba166f6114c20b621be4792b59f5436e207f3bf,0,1
STRATIFIED_DERANGEMENT_V1_20260719,medclipseg_brisc,medclipseg_brisc:brisc2025_test_00370_me_ax_t1,medclipseg_brisc:brisc2025_test_00476_me_co_t1,present,meningioma,The left brain region contains a detected meningioma tumor.,The scan shows a meningioma tumor positioned in the upper.,2a6129c0f800bbeb12ad1017dab037c24cf304a9a93194cd2a5a5768860b34c4,dcfd36562aaf88b9694db978238a6a8838b705ba4ed2ffe980b9a8d89955504b,0,1
STRATIFIED_DERANGEMENT_V1_20260719,medclipseg_brisc,medclipseg_brisc:brisc2025_test_00371_me_ax_t1,medclipseg_brisc:brisc2025_test_00328_me_ax_t1,present,meningioma,There is a meningioma lesion affecting the center area of the brain.,There is evidence of a meningioma lesion in the center part of the brain.,58ede517bd9619c542ed45f04698cc486a094451952b2724c1164ce6ecf42c7b,6c4c76c58d9a7ccadf9fcb6c6344e272bd41feb32dcbd41d774e5628c66cccce,0,1
STRATIFIED_DERANGEMENT_V1_20260719,medclipseg_brisc,medclipseg_brisc:brisc2025_test_00372_me_ax_t1,medclipseg_brisc:brisc2025_test_00463_me_co_t1,present,meningioma,An abnormal meningioma mass is found in the center section.,An area of meningioma tumor is identified in the center part of the brain.,81fd07c131532ac5af2f9623895bc0bb337a45975cef5ca0b31f1a21a191a714,40cfd7160a377b16c61d679b5bb4311577651676ab44c7beafbb30fb58c1ec9d,0,1
STRATIFIED_DERANGEMENT_V1_20260719,medclipseg_brisc,medclipseg_brisc:brisc2025_test_00373_me_ax_t1,medclipseg_brisc:brisc2025_test_00525_me_sa_t1,present,meningioma,Presence of a meningioma mass detected in the center area.,The MRI shows a meningioma mass located within the center region.,fba11f918ca4fa06c55bb11fd23aaeec4e3e222f20a1ab6d3d80a082edc882b1,594103e987c61b52f6be17f5217cd49d651556f043bcb77b915f8387bd0b8488,0,1
STRATIFIED_DERANGEMENT_V1_20260719,medclipseg_brisc,medclipseg_brisc:brisc2025_test_00374_me_ax_t1,medclipseg_brisc:brisc2025_test_00555_me_sa_t1,present,meningioma,Detected meningioma lesion located at the center area.,Detected meningioma lesion located at the upper area.,9f00d56273248bc33ac550562e6249b5178a91f158dcd9929b01e41eefd533a4,0a1a7c5f335aa75ad34bc11e8fed81f1830f8a3778de5ae9997a54ab9790e260,0,1
STRATIFIED_DERANGEMENT_V1_20260719,medclipseg_brisc,medclipseg_brisc:brisc2025_test_00375_me_ax_t1,medclipseg_brisc:brisc2025_test_00359_me_ax_t1,present,meningioma,A suspicious meningioma lesion is located in the center section.,Abnormal meningioma growth observed in the center part of the brain.,03ba088b72612cd06972a48442d5324574d6df245d959f5aae730c81852c29e2,050436ca68888bbdc9405497296e183cc2c366a70e1d840a1601647679dca119,0,1
STRATIFIED_DERANGEMENT_V1_20260719,medclipseg_brisc,medclipseg_brisc:brisc2025_test_00376_me_ax_t1,medclipseg_brisc:brisc2025_test_00513_me_sa_t1,present,meningioma,The lower region shows signs of a meningioma tumor.,The upper brain region contains a detected meningioma tumor.,e29b845e95be075c96b7bc223d45d7992514817933af49ececde7542a46abdbb,eecea497e52f90ff109c31158566eb7d2670fcf83750130130c61f7f7f7c7e64,0,1
STRATIFIED_DERANGEMENT_V1_20260719,medclipseg_brisc,medclipseg_brisc:brisc2025_test_00377_me_ax_t1,medclipseg_brisc:brisc2025_test_00360_me_ax_t1,present,meningioma,There is evidence of a meningioma lesion in the center part of the brain.,A focal meningioma mass is identified in the center region.,6c4c76c58d9a7ccadf9fcb6c6344e272bd41feb32dcbd41d774e5628c66cccce,dc872a7aaf7f50651873094ad7c6e70a99b5de552772be695d058981693acfcb,0,1
STRATIFIED_DERANGEMENT_V1_20260719,medclipseg_brisc,medclipseg_brisc:brisc2025_test_00378_me_ax_t1,medclipseg_brisc:brisc2025_test_00342_me_ax_t1,present,meningioma,MRI reveals a meningioma tumor located in the center region.,MRI shows a meningioma lesion occupying the center area.,f1e51e38e3134f69787139e39ecf2da02e1f644b5aa310fa64a082917b051afd,157e3068406d12b985a99030f51fee4627f6b41254f7b30796f431d08baa29cb,0,1
STRATIFIED_DERANGEMENT_V1_20260719,medclipseg_brisc,medclipseg_brisc:brisc2025_test_00379_me_ax_t1,medclipseg_brisc:brisc2025_test_00432_me_co_t1,present,meningioma,MRI reveals a meningioma tumor located in the left region.,MRI shows a meningioma lesion occupying the center area.,5d5d2bdbe94499eb43c68c60924aec55c7d1a29fed00b61c969cf83c87bd830b,157e3068406d12b985a99030f51fee4627f6b41254f7b30796f431d08baa29cb,0,1
STRATIFIED_DERANGEMENT_V1_20260719,medclipseg_brisc,medclipseg_brisc:brisc2025_test_00380_me_ax_t1,medclipseg_brisc:brisc2025_test_00324_me_ax_t1,present,meningioma,Findings indicate a meningioma tumor situated in the lower area.,Imaging identifies a meningioma tumor in the center quadrant.,ccace20f1447d1281109735d548894858638bac2845b947e0672ba6ca09cb2e5,d7591b1506dd10f8745f956d02837b0c6435f6aedda204c3d32323e013a2c097,0,1
STRATIFIED_DERANGEMENT_V1_20260719,medclipseg_brisc,medclipseg_brisc:brisc2025_test_00381_me_ax_t1,medclipseg_brisc:brisc2025_test_00545_me_sa_t1,present,meningioma,MRI shows a meningioma lesion occupying the lower area.,Presence of a meningioma growth observed in the center brain area.,53a00182b9d8d805f9dd61d8a9eb996ee4743ecd314fb394ab1c02a3aaf3f413,8e12b44315c2abf5403ce15adbcf9583cfe7997606e9919aa3bcdc9851c34a5f,0,1
STRATIFIED_DERANGEMENT_V1_20260719,medclipseg_brisc,medclipseg_brisc:brisc2025_test_00382_me_ax_t1,medclipseg_brisc:brisc2025_test_00424_me_co_t1,present,meningioma,Detected abnormal growth of meningioma tumor in the center part.,Detected meningioma lesion located at the center area.,6efffa9a00a341fa9822256d74fb411a2c39ed609b5558df336ca42731485617,9f00d56273248bc33ac550562e6249b5178a91f158dcd9929b01e41eefd533a4,0,1
STRATIFIED_DERANGEMENT_V1_20260719,medclipseg_brisc,medclipseg_brisc:brisc2025_test_00383_me_ax_t1,medclipseg_brisc:brisc2025_test_00285_me_ax_t1,present,meningioma,The MRI shows a meningioma mass located within the center region.,The center brain region contains a detected meningioma tumor.,594103e987c61b52f6be17f5217cd49d651556f043bcb77b915f8387bd0b8488,3a8d8647a63b4430ecb9a0830693a7b8a26e1a6eedbe17bcf25fa38fe237df2d,0,1
STRATIFIED_DERANGEMENT_V1_20260719,medclipseg_brisc,medclipseg_brisc:brisc2025_test_00384_me_ax_t1,medclipseg_brisc:brisc2025_test_00366_me_ax_t1,present,meningioma,There is evidence of a meningioma lesion in the center part of the brain.,A focal meningioma mass is identified in the center region.,6c4c76c58d9a7ccadf9fcb6c6344e272bd41feb32dcbd41d774e5628c66cccce,dc872a7aaf7f50651873094ad7c6e70a99b5de552772be695d058981693acfcb,0,1
STRATIFIED_DERANGEMENT_V1_20260719,medclipseg_brisc,medclipseg_brisc:brisc2025_test_00385_me_ax_t1,medclipseg_brisc:brisc2025_test_00426_me_co_t1,present,meningioma,Detected a meningioma neoplasm in the center region of the brain.,Detected abnormal growth of meningioma tumor in the center part.,4aaeb5a81866951e4a643f2ead6e8b39040b8ecec91721b09b4bc24b8358eb72,6efffa9a00a341fa9822256d74fb411a2c39ed609b5558df336ca42731485617,0,1
STRATIFIED_DERANGEMENT_V1_20260719,medclipseg_brisc,medclipseg_brisc:brisc2025_test_00386_me_ax_t1,medclipseg_brisc:brisc2025_test_00350_me_ax_t1,present,meningioma,MRI reveals a meningioma tumor located in the center region.,MRI shows a meningioma lesion occupying the center area.,f1e51e38e3134f69787139e39ecf2da02e1f644b5aa310fa64a082917b051afd,157e3068406d12b985a99030f51fee4627f6b41254f7b30796f431d08baa29cb,0,1
STRATIFIED_DERANGEMENT_V1_20260719,medclipseg_brisc,medclipseg_brisc:brisc2025_test_00387_me_ax_t1,medclipseg_brisc:brisc2025_test_00422_me_co_t1,present,meningioma,A focal meningioma mass is identified in the center region.,A meningioma tumor can be seen in the center portion of the brain.,dc872a7aaf7f50651873094ad7c6e70a99b5de552772be695d058981693acfcb,f9f3742ed72bcf0966bd4046557f934e741d09b0d38666810bf459d82ac409f6,0,1
STRATIFIED_DERANGEMENT_V1_20260719,medclipseg_brisc,medclipseg_brisc:brisc2025_test_00388_me_ax_t1,medclipseg_brisc:brisc2025_test_00520_me_sa_t1,present,meningioma,The center region shows signs of a meningioma tumor.,The left area contains a confirmed meningioma tumor.,fd840bd489ba1a175da8610cf4973e5d5f4a5228dd23aa10b1557eae344cabbe,05557f396dba92e0b14b5de454f1b9fc7e83e0b0127ea08b947ce38ec16e31d1,0,1
STRATIFIED_DERANGEMENT_V1_20260719,medclipseg_brisc,medclipseg_brisc:brisc2025_test_00389_me_ax_t1,medclipseg_brisc:brisc2025_test_00495_me_sa_t1,present,meningioma,A suspicious meningioma lesion is located in the center section.,Abnormal meningioma growth observed in the center part of the brain.,03ba088b72612cd06972a48442d5324574d6df245d959f5aae730c81852c29e2,050436ca68888bbdc9405497296e183cc2c366a70e1d840a1601647679dca119,0,1
STRATIFIED_DERANGEMENT_V1_20260719,medclipseg_brisc,medclipseg_brisc:brisc2025_test_00390_me_ax_t1,medclipseg_brisc:brisc2025_test_00330_me_ax_t1,present,meningioma,There is a meningioma lesion affecting the center area of the brain.,There is evidence of a meningioma lesion in the center part of the brain.,58ede517bd9619c542ed45f04698cc486a094451952b2724c1164ce6ecf42c7b,6c4c76c58d9a7ccadf9fcb6c6344e272bd41feb32dcbd41d774e5628c66cccce,0,1
STRATIFIED_DERANGEMENT_V1_20260719,medclipseg_brisc,medclipseg_brisc:brisc2025_test_00391_me_ax_t1,medclipseg_brisc:brisc2025_test_00455_me_co_t1,present,meningioma,A meningioma tumor can be seen in the lower portion of the brain.,A meningioma tumor is present in the center region of the brain.,9ed0eb99bbe49d6b2bd8dcb19ba166f6114c20b621be4792b59f5436e207f3bf,1d0a43063d3f2d56decc206ff6dc9548637e86e08cd120ec169f33832090b318,0,1
STRATIFIED_DERANGEMENT_V1_20260719,medclipseg_brisc,medclipseg_brisc:brisc2025_test_00392_me_co_t1,medclipseg_brisc:brisc2025_test_00381_me_ax_t1,present,meningioma,MRI reveals a meningioma tumor located in the right region.,MRI shows a meningioma lesion occupying the lower area.,ba10518d638c52a686c525a0fba2e441b487ea900c1f864ecf3f37c5e88faab9,53a00182b9d8d805f9dd61d8a9eb996ee4743ecd314fb394ab1c02a3aaf3f413,0,1
STRATIFIED_DERANGEMENT_V1_20260719,medclipseg_brisc,medclipseg_brisc:brisc2025_test_00395_me_co_t1,medclipseg_brisc:brisc2025_test_00405_me_co_t1,present,meningioma,There is evidence of a meningioma lesion in the right part of the brain.,A focal meningioma mass is identified in the upper region.,43b14ea3ecdc029afc9d92b78285fad70deb80acf220c05ec1c8ad1dc5793f18,2450b5b82b7c7f6ed7aa6bae58683f6d945829dad0097301a81b248a71315ecf,0,1
STRATIFIED_DERANGEMENT_V1_20260719,medclipseg_brisc,medclipseg_brisc:brisc2025_test_00396_me_co_t1,medclipseg_brisc:brisc2025_test_00460_me_co_t1,present,meningioma,Detected meningioma lesion located at the right area.,Findings indicate a meningioma tumor situated in the upper area.,d60221ab1978dcd9aaf32dd85053b5aa5a82ed0d392265f3aea0993d990091fe,46a6f4abafdf62eca90bd5908c837af7bd4e466cbb033404bbefdb8a83b5b02c,0,1
STRATIFIED_DERANGEMENT_V1_20260719,medclipseg_brisc,medclipseg_brisc:brisc2025_test_00403_me_co_t1,medclipseg_brisc:brisc2025_test_00423_me_co_t1,present,meningioma,The center part of the brain exhibits a meningioma abnormality.,The center region shows signs of a meningioma tumor.,155c8bf03b739082e4887f319c91a5559cb45b465a1d52d2cd2f5994123aa555,fd840bd489ba1a175da8610cf4973e5d5f4a5228dd23aa10b1557eae344cabbe,0,1
STRATIFIED_DERANGEMENT_V1_20260719,medclipseg_brisc,medclipseg_brisc:brisc2025_test_00405_me_co_t1,medclipseg_brisc:brisc2025_test_00466_me_co_t1,present,meningioma,A focal meningioma mass is identified in the upper region.,A meningioma tumor has been identified in the center area.,2450b5b82b7c7f6ed7aa6bae58683f6d945829dad0097301a81b248a71315ecf,b3b6daa39feac6a194c648f4a649a82b6bf69a4381abbc673f3b9b4dc7184a20,0,1
STRATIFIED_DERANGEMENT_V1_20260719,medclipseg_brisc,medclipseg_brisc:brisc2025_test_00409_me_co_t1,medclipseg_brisc:brisc2025_test_00453_me_co_t1,present,meningioma,A suspicious meningioma lesion is located in the upper section.,Abnormal meningioma growth observed in the upper part of the brain.,792f587867d324afbbf69518335f8abe6b8851802724d0d60a8ac46e702ca661,597e716ce2d5e989994da71649d98b38bbc6dce4d7172a861e70f6dd809caa8b,0,1
STRATIFIED_DERANGEMENT_V1_20260719,medclipseg_brisc,medclipseg_brisc:brisc2025_test_00410_me_co_t1,medclipseg_brisc:brisc2025_test_00530_me_sa_t1,present,meningioma,Imaging reveals a meningioma abnormality located in the upper.,MRI reveals a meningioma tumor located in the center region.,c2412458e8224ae587044ed1b5aa73a3d00de72302469d8d8bc34cef99365ef6,f1e51e38e3134f69787139e39ecf2da02e1f644b5aa310fa64a082917b051afd,0,1
STRATIFIED_DERANGEMENT_V1_20260719,medclipseg_brisc,medclipseg_brisc:brisc2025_test_00411_me_co_t1,medclipseg_brisc:brisc2025_test_00329_me_ax_t1,present,meningioma,Findings indicate a meningioma tumor situated in the center area.,Imaging demonstrates a meningioma tumor occupying the left region.,0c47671e183a074c5fc6cccdb2f52188cf3e31ac15d7b2e8a70371b11e6bad36,e2edca49a1c59777f29a21059bfa0b8d0583e06289669be52ad73ca2923a8ec7,0,1
STRATIFIED_DERANGEMENT_V1_20260719,medclipseg_brisc,medclipseg_brisc:brisc2025_test_00412_me_co_t1,medclipseg_brisc:brisc2025_test_00326_me_ax_t1,present,meningioma,Imaging reveals a meningioma abnormality located in the center.,MRI findings reveal a meningioma tumor in the left zone.,ba6ff025d2ff3205468b6bf3d15a5def2465d88d983a8ade28535d35c90a4590,c377d4a3d0ff8cd16d7758b45bf61e108798598e1a6f09873f53aed47e658384,0,1
STRATIFIED_DERANGEMENT_V1_20260719,medclipseg_brisc,medclipseg_brisc:brisc2025_test_00413_me_co_t1,medclipseg_brisc:brisc2025_test_00498_me_sa_t1,present,meningioma,Imaging demonstrates a meningioma tumor occupying the upper region.,Imaging reveals a meningioma abnormality located in the center.,54e5f1899fc8330e86f3dd8951088ac31078f30618f51f90963d66a1b43517f8,ba6ff025d2ff3205468b6bf3d15a5def2465d88d983a8ade28535d35c90a4590,0,1
STRATIFIED_DERANGEMENT_V1_20260719,medclipseg_brisc,medclipseg_brisc:brisc2025_test_00418_me_co_t1,medclipseg_brisc:brisc2025_test_00505_me_sa_t1,present,meningioma,There is a meningioma lesion affecting the upper area of the brain.,There is evidence of a meningioma lesion in the center part of the brain.,3ee3cebca3d3a422332fcbd9d65b536146eb65a39c2cde8cdc0fa739bf0aed34,6c4c76c58d9a7ccadf9fcb6c6344e272bd41feb32dcbd41d774e5628c66cccce,0,1
STRATIFIED_DERANGEMENT_V1_20260719,medclipseg_brisc,medclipseg_brisc:brisc2025_test_00422_me_co_t1,medclipseg_brisc:brisc2025_test_00470_me_co_t1,present,meningioma,A meningioma tumor can be seen in the center portion of the brain.,A meningioma tumor has been identified in the upper area.,f9f3742ed72bcf0966bd4046557f934e741d09b0d38666810bf459d82ac409f6,ad38e18e14ff0d5c67bac819caefd4133062f5009b467c6b1983f1b61cd08dfe,0,1
STRATIFIED_DERANGEMENT_V1_20260719,medclipseg_brisc,medclipseg_brisc:brisc2025_test_00423_me_co_t1,medclipseg_brisc:brisc2025_test_00370_me_ax_t1,present,meningioma,The center region shows signs of a meningioma tumor.,The left brain region contains a detected meningioma tumor.,fd840bd489ba1a175da8610cf4973e5d5f4a5228dd23aa10b1557eae344cabbe,2a6129c0f800bbeb12ad1017dab037c24cf304a9a93194cd2a5a5768860b34c4,0,1
STRATIFIED_DERANGEMENT_V1_20260719,medclipseg_brisc,medclipseg_brisc:brisc2025_test_00424_me_co_t1,medclipseg_brisc:brisc2025_test_00325_me_ax_t1,present,meningioma,Detected meningioma lesion located at the center area.,Findings indicate a meningioma tumor situated in the center area.,9f00d56273248bc33ac550562e6249b5178a91f158dcd9929b01e41eefd533a4,0c47671e183a074c5fc6cccdb2f52188cf3e31ac15d7b2e8a70371b11e6bad36,0,1
STRATIFIED_DERANGEMENT_V1_20260719,medclipseg_brisc,medclipseg_brisc:brisc2025_test_00425_me_co_t1,medclipseg_brisc:brisc2025_test_00387_me_ax_t1,present,meningioma,There is evidence of a meningioma lesion in the center part of the brain.,A focal meningioma mass is identified in the center region.,6c4c76c58d9a7ccadf9fcb6c6344e272bd41feb32dcbd41d774e5628c66cccce,dc872a7aaf7f50651873094ad7c6e70a99b5de552772be695d058981693acfcb,0,1
STRATIFIED_DERANGEMENT_V1_20260719,medclipseg_brisc,medclipseg_brisc:brisc2025_test_00426_me_co_t1,medclipseg_brisc:brisc2025_test_00447_me_co_t1,present,meningioma,Detected abnormal growth of meningioma tumor in the center part.,Detected meningioma lesion located at the center area.,6efffa9a00a341fa9822256d74fb411a2c39ed609b5558df336ca42731485617,9f00d56273248bc33ac550562e6249b5178a91f158dcd9929b01e41eefd533a4,0,1
STRATIFIED_DERANGEMENT_V1_20260719,medclipseg_brisc,medclipseg_brisc:brisc2025_test_00427_me_co_t1,medclipseg_brisc:brisc2025_test_00474_me_co_t1,present,meningioma,An area of meningioma tumor is identified in the center part of the brain.,Detected a meningioma neoplasm in the upper region of the brain.,40cfd7160a377b16c61d679b5bb4311577651676ab44c7beafbb30fb58c1ec9d,eea7ebc64798aa92d7e6bc45718ed138326274edbb42e4c04cd35e53ad841bac,0,1
STRATIFIED_DERANGEMENT_V1_20260719,medclipseg_brisc,medclipseg_brisc:brisc2025_test_00428_me_co_t1,medclipseg_brisc:brisc2025_test_00469_me_co_t1,present,meningioma,The scan shows a meningioma tumor positioned in the center.,The upper region shows signs of a meningioma tumor.,81fec8f65d5e34b5cf6fb171ff0b35e2f57b1b3b18ef92f6a9a41ee1a8fc5e4e,f6153e2d5439f3b0174e6b61c7c0f3bf8cbf3920001b9b68182a57e242d549b6,0,1
STRATIFIED_DERANGEMENT_V1_20260719,medclipseg_brisc,medclipseg_brisc:brisc2025_test_00430_me_co_t1,medclipseg_brisc:brisc2025_test_00376_me_ax_t1,present,meningioma,The center section of the brain contains a meningioma lesion.,The lower region shows signs of a meningioma tumor.,30a650b8a0dc8c67e9c0ca3fe45fb49b5faf020c08782feb9c1375981696debb,e29b845e95be075c96b7bc223d45d7992514817933af49ececde7542a46abdbb,0,1
STRATIFIED_DERANGEMENT_V1_20260719,medclipseg_brisc,medclipseg_brisc:brisc2025_test_00431_me_co_t1,medclipseg_brisc:brisc2025_test_00494_me_sa_t1,present,meningioma,Presence of a meningioma mass detected in the center area.,The MRI shows a meningioma mass located within the left region.,fba11f918ca4fa06c55bb11fd23aaeec4e3e222f20a1ab6d3d80a082edc882b1,fc8fe0e07f0d46d0e4955fba5c469753fbf402399721c2679bd8b245dd69ca7a,0,1
STRATIFIED_DERANGEMENT_V1_20260719,medclipseg_brisc,medclipseg_brisc:brisc2025_test_00432_me_co_t1,medclipseg_brisc:brisc2025_test_00367_me_ax_t1,present,meningioma,MRI shows a meningioma lesion occupying the center area.,Presence of a meningioma growth observed in the center brain area.,157e3068406d12b985a99030f51fee4627f6b41254f7b30796f431d08baa29cb,8e12b44315c2abf5403ce15adbcf9583cfe7997606e9919aa3bcdc9851c34a5f,0,1
STRATIFIED_DERANGEMENT_V1_20260719,medclipseg_brisc,medclipseg_brisc:brisc2025_test_00433_me_co_t1,medclipseg_brisc:brisc2025_test_00377_me_ax_t1,present,meningioma,There is a meningioma lesion affecting the center area of the brain.,There is evidence of a meningioma lesion in the center part of the brain.,58ede517bd9619c542ed45f04698cc486a094451952b2724c1164ce6ecf42c7b,6c4c76c58d9a7ccadf9fcb6c6344e272bd41feb32dcbd41d774e5628c66cccce,0,1
STRATIFIED_DERANGEMENT_V1_20260719,medclipseg_brisc,medclipseg_brisc:brisc2025_test_00434_me_co_t1,medclipseg_brisc:brisc2025_test_00443_me_co_t1,present,meningioma,The center part of the brain exhibits a meningioma abnormality.,The center region shows signs of a meningioma tumor.,155c8bf03b739082e4887f319c91a5559cb45b465a1d52d2cd2f5994123aa555,fd840bd489ba1a175da8610cf4973e5d5f4a5228dd23aa10b1557eae344cabbe,0,1
STRATIFIED_DERANGEMENT_V1_20260719,medclipseg_brisc,medclipseg_brisc:brisc2025_test_00435_me_co_t1,medclipseg_brisc:brisc2025_test_00299_me_ax_t1,present,meningioma,The center section of the brain contains a meningioma lesion.,The lower-left part of the brain exhibits a meningioma abnormality.,30a650b8a0dc8c67e9c0ca3fe45fb49b5faf020c08782feb9c1375981696debb,f5b3304cd99826eafef71909e49a1a47acef6ff1106cd5cb20e118d316a729df,0,1
STRATIFIED_DERANGEMENT_V1_20260719,medclipseg_brisc,medclipseg_brisc:brisc2025_test_00436_me_co_t1,medclipseg_brisc:brisc2025_test_00519_me_sa_t1,present,meningioma,Imaging reveals a meningioma abnormality located in the center.,MRI findings reveal a meningioma tumor in the left zone.,ba6ff025d2ff3205468b6bf3d15a5def2465d88d983a8ade28535d35c90a4590,c377d4a3d0ff8cd16d7758b45bf61e108798598e1a6f09873f53aed47e658384,0,1
STRATIFIED_DERANGEMENT_V1_20260719,medclipseg_brisc,medclipseg_brisc:brisc2025_test_00437_me_co_t1,medclipseg_brisc:brisc2025_test_00392_me_co_t1,present,meningioma,MRI findings reveal a meningioma tumor in the upper zone.,MRI reveals a meningioma tumor located in the right region.,374c6ae8f27311d961d5d968eddab9509d790b8829a01d46c849a490bf486763,ba10518d638c52a686c525a0fba2e441b487ea900c1f864ecf3f37c5e88faab9,0,1
STRATIFIED_DERANGEMENT_V1_20260719,medclipseg_brisc,medclipseg_brisc:brisc2025_test_00438_me_co_t1,medclipseg_brisc:brisc2025_test_00452_me_co_t1,present,meningioma,MRI reveals a meningioma tumor located in the upper region.,MRI shows a meningioma lesion occupying the upper area.,e9555039e3a01d686a1ce6d760d56305e588ca6849db47edb8c342fad9baff7c,609b84d665538d6d94a316a23da061c381cf07190ffa3c344c8d83bdecaaea5e,0,1
STRATIFIED_DERANGEMENT_V1_20260719,medclipseg_brisc,medclipseg_brisc:brisc2025_test_00439_me_co_t1,medclipseg_brisc:brisc2025_test_00468_me_co_t1,present,meningioma,MRI reveals a meningioma tumor located in the left region.,MRI shows a meningioma lesion occupying the center area.,5d5d2bdbe94499eb43c68c60924aec55c7d1a29fed00b61c969cf83c87bd830b,157e3068406d12b985a99030f51fee4627f6b41254f7b30796f431d08baa29cb,0,1
STRATIFIED_DERANGEMENT_V1_20260719,medclipseg_brisc,medclipseg_brisc:brisc2025_test_00440_me_co_t1,medclipseg_brisc:brisc2025_test_00371_me_ax_t1,present,meningioma,The upper brain region contains a detected meningioma tumor.,There is a meningioma lesion affecting the center area of the brain.,eecea497e52f90ff109c31158566eb7d2670fcf83750130130c61f7f7f7c7e64,58ede517bd9619c542ed45f04698cc486a094451952b2724c1164ce6ecf42c7b,0,1
STRATIFIED_DERANGEMENT_V1_20260719,medclipseg_brisc,medclipseg_brisc:brisc2025_test_00441_me_co_t1,medclipseg_brisc:brisc2025_test_00523_me_sa_t1,present,meningioma,Detected a meningioma neoplasm in the upper region of the brain.,Detected abnormal growth of meningioma tumor in the center part.,eea7ebc64798aa92d7e6bc45718ed138326274edbb42e4c04cd35e53ad841bac,6efffa9a00a341fa9822256d74fb411a2c39ed609b5558df336ca42731485617,0,1
STRATIFIED_DERANGEMENT_V1_20260719,medclipseg_brisc,medclipseg_brisc:brisc2025_test_00442_me_co_t1,medclipseg_brisc:brisc2025_test_00368_me_ax_t1,present,meningioma,Presence of a meningioma growth observed in the upper brain area.,The MRI shows a meningioma mass located within the center region.,1d045dd7fe4523743080f92b776cbe0e48babaf0783e192b663273dc7a1ab905,594103e987c61b52f6be17f5217cd49d651556f043bcb77b915f8387bd0b8488,0,1
STRATIFIED_DERANGEMENT_V1_20260719,medclipseg_brisc,medclipseg_brisc:brisc2025_test_00443_me_co_t1,medclipseg_brisc:brisc2025_test_00475_me_co_t1,present,meningioma,The center region shows signs of a meningioma tumor.,The left brain region contains a detected meningioma tumor.,fd840bd489ba1a175da8610cf4973e5d5f4a5228dd23aa10b1557eae344cabbe,2a6129c0f800bbeb12ad1017dab037c24cf304a9a93194cd2a5a5768860b34c4,0,1
STRATIFIED_DERANGEMENT_V1_20260719,medclipseg_brisc,medclipseg_brisc:brisc2025_test_00444_me_co_t1,medclipseg_brisc:brisc2025_test_00382_me_ax_t1,present,meningioma,An area of meningioma tumor is identified in the upper part of the brain.,Detected abnormal growth of meningioma tumor in the center part.,1e799d21ade702a99ef5759c848c629a6bbc7f9eef5de92bcd56a391b5f691f1,6efffa9a00a341fa9822256d74fb411a2c39ed609b5558df336ca42731485617,0,1
STRATIFIED_DERANGEMENT_V1_20260719,medclipseg_brisc,medclipseg_brisc:brisc2025_test_00445_me_co_t1,medclipseg_brisc:brisc2025_test_00341_me_ax_t1,present,meningioma,Detected meningioma lesion located at the upper area.,Imaging demonstrates a meningioma tumor occupying the center region.,0a1a7c5f335aa75ad34bc11e8fed81f1830f8a3778de5ae9997a54ab9790e260,7e1f2e6e3dcf9e7645db34a23384f010b23702a94fd7bb0e9978353508f0ede0,0,1
STRATIFIED_DERANGEMENT_V1_20260719,medclipseg_brisc,medclipseg_brisc:brisc2025_test_00446_me_co_t1,medclipseg_brisc:brisc2025_test_00516_me_sa_t1,present,meningioma,An abnormal meningioma mass is found in the left section.,An area of meningioma tumor is identified in the left part of the brain.,847e19aca7cf7c30766e88b7840ff94baa5dd3b1654449bb1c1bd631754b6757,7e9ed8f50fd507c7f05a215cf338a5537d56df6ec331667875b698889e6e3ea0,0,1
STRATIFIED_DERANGEMENT_V1_20260719,medclipseg_brisc,medclipseg_brisc:brisc2025_test_00447_me_co_t1,medclipseg_brisc:brisc2025_test_00411_me_co_t1,present,meningioma,Detected meningioma lesion located at the center area.,Findings indicate a meningioma tumor situated in the center area.,9f00d56273248bc33ac550562e6249b5178a91f158dcd9929b01e41eefd533a4,0c47671e183a074c5fc6cccdb2f52188cf3e31ac15d7b2e8a70371b11e6bad36,0,1
STRATIFIED_DERANGEMENT_V1_20260719,medclipseg_brisc,medclipseg_brisc:brisc2025_test_00448_me_co_t1,medclipseg_brisc:brisc2025_test_00437_me_co_t1,present,meningioma,Imaging reveals a meningioma abnormality located in the center.,MRI findings reveal a meningioma tumor in the upper zone.,ba6ff025d2ff3205468b6bf3d15a5def2465d88d983a8ade28535d35c90a4590,374c6ae8f27311d961d5d968eddab9509d790b8829a01d46c849a490bf486763,0,1
STRATIFIED_DERANGEMENT_V1_20260719,medclipseg_brisc,medclipseg_brisc:brisc2025_test_00449_me_co_t1,medclipseg_brisc:brisc2025_test_00347_me_ax_t1,present,meningioma,The MRI shows a meningioma mass located within the center region.,The center brain region contains a detected meningioma tumor.,594103e987c61b52f6be17f5217cd49d651556f043bcb77b915f8387bd0b8488,3a8d8647a63b4430ecb9a0830693a7b8a26e1a6eedbe17bcf25fa38fe237df2d,0,1
STRATIFIED_DERANGEMENT_V1_20260719,medclipseg_brisc,medclipseg_brisc:brisc2025_test_00450_me_co_t1,medclipseg_brisc:brisc2025_test_00544_me_sa_t1,present,meningioma,A suspicious meningioma lesion is located in the upper-right section.,Abnormal meningioma growth observed in the upper-left part of the brain.,15f23b520aa63ccc2f60755ad131f219a56a2c7a653cb6018a507afad0e0134d,7ee9e1bded9b912e2f7a280c6142ea38a067489e2e2157df0a28c9895bba026e,0,1
STRATIFIED_DERANGEMENT_V1_20260719,medclipseg_brisc,medclipseg_brisc:brisc2025_test_00451_me_co_t1,medclipseg_brisc:brisc2025_test_00522_me_sa_t1,present,meningioma,The center part of the brain exhibits a meningioma abnormality.,The center region shows signs of a meningioma tumor.,155c8bf03b739082e4887f319c91a5559cb45b465a1d52d2cd2f5994123aa555,fd840bd489ba1a175da8610cf4973e5d5f4a5228dd23aa10b1557eae344cabbe,0,1
STRATIFIED_DERANGEMENT_V1_20260719,medclipseg_brisc,medclipseg_brisc:brisc2025_test_00452_me_co_t1,medclipseg_brisc:brisc2025_test_00456_me_co_t1,present,meningioma,MRI shows a meningioma lesion occupying the upper area.,Presence of a meningioma growth observed in the left brain area.,609b84d665538d6d94a316a23da061c381cf07190ffa3c344c8d83bdecaaea5e,12480930871397e20e08b320849bd4a6fa0a51a0063bb3882057de408aba621d,0,1
STRATIFIED_DERANGEMENT_V1_20260719,medclipseg_brisc,medclipseg_brisc:brisc2025_test_00453_me_co_t1,medclipseg_brisc:brisc2025_test_00446_me_co_t1,present,meningioma,Abnormal meningioma growth observed in the upper part of the brain.,An abnormal meningioma mass is found in the left section.,597e716ce2d5e989994da71649d98b38bbc6dce4d7172a861e70f6dd809caa8b,847e19aca7cf7c30766e88b7840ff94baa5dd3b1654449bb1c1bd631754b6757,0,1
STRATIFIED_DERANGEMENT_V1_20260719,medclipseg_brisc,medclipseg_brisc:brisc2025_test_00454_me_co_t1,medclipseg_brisc:brisc2025_test_00412_me_co_t1,present,meningioma,Imaging demonstrates a meningioma tumor occupying the center region.,Imaging reveals a meningioma abnormality located in the center.,7e1f2e6e3dcf9e7645db34a23384f010b23702a94fd7bb0e9978353508f0ede0,ba6ff025d2ff3205468b6bf3d15a5def2465d88d983a8ade28535d35c90a4590,0,1
STRATIFIED_DERANGEMENT_V1_20260719,medclipseg_brisc,medclipseg_brisc:brisc2025_test_00455_me_co_t1,medclipseg_brisc:brisc2025_test_00389_me_ax_t1,present,meningioma,A meningioma tumor is present in the center region of the brain.,A suspicious meningioma lesion is located in the center section.,1d0a43063d3f2d56decc206ff6dc9548637e86e08cd120ec169f33832090b318,03ba088b72612cd06972a48442d5324574d6df245d959f5aae730c81852c29e2,0,1
STRATIFIED_DERANGEMENT_V1_20260719,medclipseg_brisc,medclipseg_brisc:brisc2025_test_00456_me_co_t1,medclipseg_brisc:brisc2025_test_00334_me_ax_t1,present,meningioma,Presence of a meningioma growth observed in the left brain area.,Presence of a meningioma mass detected in the lower area.,12480930871397e20e08b320849bd4a6fa0a51a0063bb3882057de408aba621d,7388c30251d12964813391c6ae1652cc1a3ea5e0b2173307b0e625ede75af589,0,1
STRATIFIED_DERANGEMENT_V1_20260719,medclipseg_brisc,medclipseg_brisc:brisc2025_test_00457_me_co_t1,medclipseg_brisc:brisc2025_test_00331_me_ax_t1,present,meningioma,Findings indicate a meningioma tumor situated in the left area.,Imaging demonstrates a meningioma tumor occupying the right region.,d84ce4cbec5e58af4b3700c77ae26ad05cd69720111750ef6cf6751562f88dca,18085a24467f3951871bfec7401ad176529a558190ea08330cec5c3b4e43d694,0,1
STRATIFIED_DERANGEMENT_V1_20260719,medclipseg_brisc,medclipseg_brisc:brisc2025_test_00458_me_co_t1,medclipseg_brisc:brisc2025_test_00388_me_ax_t1,present,meningioma,The center brain region contains a detected meningioma tumor.,The center region shows signs of a meningioma tumor.,3a8d8647a63b4430ecb9a0830693a7b8a26e1a6eedbe17bcf25fa38fe237df2d,fd840bd489ba1a175da8610cf4973e5d5f4a5228dd23aa10b1557eae344cabbe,0,1
STRATIFIED_DERANGEMENT_V1_20260719,medclipseg_brisc,medclipseg_brisc:brisc2025_test_00459_me_co_t1,medclipseg_brisc:brisc2025_test_00524_me_sa_t1,present,meningioma,MRI shows a meningioma lesion occupying the upper area.,Presence of a meningioma growth observed in the left brain area.,609b84d665538d6d94a316a23da061c381cf07190ffa3c344c8d83bdecaaea5e,12480930871397e20e08b320849bd4a6fa0a51a0063bb3882057de408aba621d,0,1
STRATIFIED_DERANGEMENT_V1_20260719,medclipseg_brisc,medclipseg_brisc:brisc2025_test_00460_me_co_t1,medclipseg_brisc:brisc2025_test_00337_me_ax_t1,present,meningioma,Findings indicate a meningioma tumor situated in the upper area.,Imaging identifies a meningioma tumor in the center quadrant.,46a6f4abafdf62eca90bd5908c837af7bd4e466cbb033404bbefdb8a83b5b02c,d7591b1506dd10f8745f956d02837b0c6435f6aedda204c3d32323e013a2c097,0,1
STRATIFIED_DERANGEMENT_V1_20260719,medclipseg_brisc,medclipseg_brisc:brisc2025_test_00461_me_co_t1,medclipseg_brisc:brisc2025_test_00444_me_co_t1,present,meningioma,An abnormal meningioma mass is found in the upper section.,An area of meningioma tumor is identified in the upper part of the brain.,3395d24adb5ad10eb0c7a12f3633f284dd0f573a7301b1ec902ba189004ef729,1e799d21ade702a99ef5759c848c629a6bbc7f9eef5de92bcd56a391b5f691f1,0,1
STRATIFIED_DERANGEMENT_V1_20260719,medclipseg_brisc,medclipseg_brisc:brisc2025_test_00462_me_co_t1,medclipseg_brisc:brisc2025_test_00536_me_sa_t1,present,meningioma,There is evidence of a meningioma lesion in the upper part of the brain.,A focal meningioma mass is identified in the upper region.,ace91636ce489e2a1ee2cde8806d09e141bd6239d487f4be185844bb025871ae,2450b5b82b7c7f6ed7aa6bae58683f6d945829dad0097301a81b248a71315ecf,0,1
STRATIFIED_DERANGEMENT_V1_20260719,medclipseg_brisc,medclipseg_brisc:brisc2025_test_00463_me_co_t1,medclipseg_brisc:brisc2025_test_00521_me_sa_t1,present,meningioma,An area of meningioma tumor is identified in the center part of the brain.,Detected a meningioma neoplasm in the upper region of the brain.,40cfd7160a377b16c61d679b5bb4311577651676ab44c7beafbb30fb58c1ec9d,eea7ebc64798aa92d7e6bc45718ed138326274edbb42e4c04cd35e53ad841bac,0,1
STRATIFIED_DERANGEMENT_V1_20260719,medclipseg_brisc,medclipseg_brisc:brisc2025_test_00464_me_co_t1,medclipseg_brisc:brisc2025_test_00501_me_sa_t1,present,meningioma,A meningioma tumor is present in the upper region of the brain.,A suspicious meningioma lesion is located in the center section.,1d7fdd526864887a72094ecac0c8b6fcde33cd037f0fc331bbcbfca757f66947,03ba088b72612cd06972a48442d5324574d6df245d959f5aae730c81852c29e2,0,1
STRATIFIED_DERANGEMENT_V1_20260719,medclipseg_brisc,medclipseg_brisc:brisc2025_test_00465_me_co_t1,medclipseg_brisc:brisc2025_test_00537_me_sa_t1,present,meningioma,An area of meningioma tumor is identified in the center part of the brain.,Detected a meningioma neoplasm in the upper region of the brain.,40cfd7160a377b16c61d679b5bb4311577651676ab44c7beafbb30fb58c1ec9d,eea7ebc64798aa92d7e6bc45718ed138326274edbb42e4c04cd35e53ad841bac,0,1
STRATIFIED_DERANGEMENT_V1_20260719,medclipseg_brisc,medclipseg_brisc:brisc2025_test_00466_me_co_t1,medclipseg_brisc:brisc2025_test_00327_me_ax_t1,present,meningioma,A meningioma tumor has been identified in the center area.,A meningioma tumor is visible in the center region on the scan.,b3b6daa39feac6a194c648f4a649a82b6bf69a4381abbc673f3b9b4dc7184a20,b8fe33446c30993515201bd2aa31348916cf257ebe9089f056e2b8e84162e977,0,1
STRATIFIED_DERANGEMENT_V1_20260719,medclipseg_brisc,medclipseg_brisc:brisc2025_test_00467_me_co_t1,medclipseg_brisc:brisc2025_test_00532_me_sa_t1,present,meningioma,Imaging reveals a meningioma abnormality located in the center.,MRI findings reveal a meningioma tumor in the upper zone.,ba6ff025d2ff3205468b6bf3d15a5def2465d88d983a8ade28535d35c90a4590,374c6ae8f27311d961d5d968eddab9509d790b8829a01d46c849a490bf486763,0,1
STRATIFIED_DERANGEMENT_V1_20260719,medclipseg_brisc,medclipseg_brisc:brisc2025_test_00468_me_co_t1,medclipseg_brisc:brisc2025_test_00509_me_sa_t1,present,meningioma,MRI shows a meningioma lesion occupying the center area.,Presence of a meningioma growth observed in the center brain area.,157e3068406d12b985a99030f51fee4627f6b41254f7b30796f431d08baa29cb,8e12b44315c2abf5403ce15adbcf9583cfe7997606e9919aa3bcdc9851c34a5f,0,1
STRATIFIED_DERANGEMENT_V1_20260719,medclipseg_brisc,medclipseg_brisc:brisc2025_test_00469_me_co_t1,medclipseg_brisc:brisc2025_test_00507_me_sa_t1,present,meningioma,The upper region shows signs of a meningioma tumor.,There is a meningioma lesion affecting the right area of the brain.,f6153e2d5439f3b0174e6b61c7c0f3bf8cbf3920001b9b68182a57e242d549b6,7f0cd0208b68ae0860753edcb66ad9624a0c30907a75d70b8fefc18b5762b11a,0,1
STRATIFIED_DERANGEMENT_V1_20260719,medclipseg_brisc,medclipseg_brisc:brisc2025_test_00470_me_co_t1,medclipseg_brisc:brisc2025_test_00365_me_ax_t1,present,meningioma,A meningioma tumor has been identified in the upper area.,A suspicious meningioma lesion is located in the center section.,ad38e18e14ff0d5c67bac819caefd4133062f5009b467c6b1983f1b61cd08dfe,03ba088b72612cd06972a48442d5324574d6df245d959f5aae730c81852c29e2,0,1
STRATIFIED_DERANGEMENT_V1_20260719,medclipseg_brisc,medclipseg_brisc:brisc2025_test_00471_me_co_t1,medclipseg_brisc:brisc2025_test_00430_me_co_t1,present,meningioma,The center part of the brain exhibits a meningioma abnormality.,The center section of the brain contains a meningioma lesion.,155c8bf03b739082e4887f319c91a5559cb45b465a1d52d2cd2f5994123aa555,30a650b8a0dc8c67e9c0ca3fe45fb49b5faf020c08782feb9c1375981696debb,0,1
STRATIFIED_DERANGEMENT_V1_20260719,medclipseg_brisc,medclipseg_brisc:brisc2025_test_00472_me_co_t1,medclipseg_brisc:brisc2025_test_00268_me_ax_t1,present,meningioma,An area of meningioma tumor is identified in the center part of the brain.,Detected abnormal growth of meningioma tumor in the center part.,40cfd7160a377b16c61d679b5bb4311577651676ab44c7beafbb30fb58c1ec9d,6efffa9a00a341fa9822256d74fb411a2c39ed609b5558df336ca42731485617,0,1
STRATIFIED_DERANGEMENT_V1_20260719,medclipseg_brisc,medclipseg_brisc:brisc2025_test_00473_me_co_t1,medclipseg_brisc:brisc2025_test_00409_me_co_t1,present,meningioma,A meningioma tumor is visible in the upper region on the scan.,A suspicious meningioma lesion is located in the upper section.,6b0a9fc11698e4a54425b0ee104fc794f910987542d262caf7615a2cf50b5888,792f587867d324afbbf69518335f8abe6b8851802724d0d60a8ac46e702ca661,0,1
STRATIFIED_DERANGEMENT_V1_20260719,medclipseg_brisc,medclipseg_brisc:brisc2025_test_00474_me_co_t1,medclipseg_brisc:brisc2025_test_00553_me_sa_t1,present,meningioma,Detected a meningioma neoplasm in the upper region of the brain.,Detected abnormal growth of meningioma tumor in the left part.,eea7ebc64798aa92d7e6bc45718ed138326274edbb42e4c04cd35e53ad841bac,3f9b2567b443b29eee401d6ee2e65b61a0e01bbff79acf01929bbcd07d71ab06,0,1
STRATIFIED_DERANGEMENT_V1_20260719,medclipseg_brisc,medclipseg_brisc:brisc2025_test_00475_me_co_t1,medclipseg_brisc:brisc2025_test_00542_me_sa_t1,present,meningioma,The left brain region contains a detected meningioma tumor.,The scan shows a meningioma tumor positioned in the upper.,2a6129c0f800bbeb12ad1017dab037c24cf304a9a93194cd2a5a5768860b34c4,dcfd36562aaf88b9694db978238a6a8838b705ba4ed2ffe980b9a8d89955504b,0,1
STRATIFIED_DERANGEMENT_V1_20260719,medclipseg_brisc,medclipseg_brisc:brisc2025_test_00476_me_co_t1,medclipseg_brisc:brisc2025_test_00518_me_sa_t1,present,meningioma,The scan shows a meningioma tumor positioned in the upper.,The upper section of the brain contains a meningioma lesion.,dcfd36562aaf88b9694db978238a6a8838b705ba4ed2ffe980b9a8d89955504b,58e670cc68ec5ba0e45ef47ff18feb8dd0fd29785b658535214c99927b232213,0,1
STRATIFIED_DERANGEMENT_V1_20260719,medclipseg_brisc,medclipseg_brisc:brisc2025_test_00477_me_co_t1,medclipseg_brisc:brisc2025_test_00543_me_sa_t1,present,meningioma,The upper part of the brain exhibits a meningioma abnormality.,There is a meningioma lesion affecting the center area of the brain.,b81c912fd04c6ea8c6f901ed2902a8ea869897916aeffc6542fa7dd8fb1dd4e6,58ede517bd9619c542ed45f04698cc486a094451952b2724c1164ce6ecf42c7b,0,1
STRATIFIED_DERANGEMENT_V1_20260719,medclipseg_brisc,medclipseg_brisc:brisc2025_test_00494_me_sa_t1,medclipseg_brisc:brisc2025_test_00403_me_co_t1,present,meningioma,The MRI shows a meningioma mass located within the left region.,The center part of the brain exhibits a meningioma abnormality.,fc8fe0e07f0d46d0e4955fba5c469753fbf402399721c2679bd8b245dd69ca7a,155c8bf03b739082e4887f319c91a5559cb45b465a1d52d2cd2f5994123aa555,0,1
STRATIFIED_DERANGEMENT_V1_20260719,medclipseg_brisc,medclipseg_brisc:brisc2025_test_00495_me_sa_t1,medclipseg_brisc:brisc2025_test_00372_me_ax_t1,present,meningioma,Abnormal meningioma growth observed in the center part of the brain.,An abnormal meningioma mass is found in the center section.,050436ca68888bbdc9405497296e183cc2c366a70e1d840a1601647679dca119,81fd07c131532ac5af2f9623895bc0bb337a45975cef5ca0b31f1a21a191a714,0,1
STRATIFIED_DERANGEMENT_V1_20260719,medclipseg_brisc,medclipseg_brisc:brisc2025_test_00496_me_sa_t1,medclipseg_brisc:brisc2025_test_00465_me_co_t1,present,meningioma,An abnormal meningioma mass is found in the center section.,An area of meningioma tumor is identified in the center part of the brain.,81fd07c131532ac5af2f9623895bc0bb337a45975cef5ca0b31f1a21a191a714,40cfd7160a377b16c61d679b5bb4311577651676ab44c7beafbb30fb58c1ec9d,0,1
STRATIFIED_DERANGEMENT_V1_20260719,medclipseg_brisc,medclipseg_brisc:brisc2025_test_00497_me_sa_t1,medclipseg_brisc:brisc2025_test_00539_me_sa_t1,present,meningioma,A focal meningioma mass is identified in the center region.,A meningioma tumor can be seen in the center portion of the brain.,dc872a7aaf7f50651873094ad7c6e70a99b5de552772be695d058981693acfcb,f9f3742ed72bcf0966bd4046557f934e741d09b0d38666810bf459d82ac409f6,0,1
STRATIFIED_DERANGEMENT_V1_20260719,medclipseg_brisc,medclipseg_brisc:brisc2025_test_00498_me_sa_t1,medclipseg_brisc:brisc2025_test_00378_me_ax_t1,present,meningioma,Imaging reveals a meningioma abnormality located in the center.,MRI reveals a meningioma tumor located in the center region.,ba6ff025d2ff3205468b6bf3d15a5def2465d88d983a8ade28535d35c90a4590,f1e51e38e3134f69787139e39ecf2da02e1f644b5aa310fa64a082917b051afd,0,1
STRATIFIED_DERANGEMENT_V1_20260719,medclipseg_brisc,medclipseg_brisc:brisc2025_test_00499_me_sa_t1,medclipseg_brisc:brisc2025_test_00441_me_co_t1,present,meningioma,An abnormal meningioma mass is found in the upper-right section.,Detected a meningioma neoplasm in the upper region of the brain.,aa995d359084e547f9e744f50a1d1e369ccd39fd87a8f67e749699622c4db211,eea7ebc64798aa92d7e6bc45718ed138326274edbb42e4c04cd35e53ad841bac,0,1
STRATIFIED_DERANGEMENT_V1_20260719,medclipseg_brisc,medclipseg_brisc:brisc2025_test_00500_me_sa_t1,medclipseg_brisc:brisc2025_test_00471_me_co_t1,present,meningioma,The center area contains a confirmed meningioma tumor.,The center part of the brain exhibits a meningioma abnormality.,426726ecfc769963ef175d72c3a538b67ee815affebe197526c62c73f3f31143,155c8bf03b739082e4887f319c91a5559cb45b465a1d52d2cd2f5994123aa555,0,1
STRATIFIED_DERANGEMENT_V1_20260719,medclipseg_brisc,medclipseg_brisc:brisc2025_test_00501_me_sa_t1,medclipseg_brisc:brisc2025_test_00503_me_sa_t1,present,meningioma,A suspicious meningioma lesion is located in the center section.,Abnormal meningioma growth observed in the center part of the brain.,03ba088b72612cd06972a48442d5324574d6df245d959f5aae730c81852c29e2,050436ca68888bbdc9405497296e183cc2c366a70e1d840a1601647679dca119,0,1
STRATIFIED_DERANGEMENT_V1_20260719,medclipseg_brisc,medclipseg_brisc:brisc2025_test_00502_me_sa_t1,medclipseg_brisc:brisc2025_test_00511_me_sa_t1,present,meningioma,A suspicious meningioma lesion is located in the left section.,Abnormal meningioma growth observed in the center part of the brain.,0848527230a56245f244c58d9d06606a7956934885c7a650cfae3a98098a3362,050436ca68888bbdc9405497296e183cc2c366a70e1d840a1601647679dca119,0,1
STRATIFIED_DERANGEMENT_V1_20260719,medclipseg_brisc,medclipseg_brisc:brisc2025_test_00503_me_sa_t1,medclipseg_brisc:brisc2025_test_00496_me_sa_t1,present,meningioma,Abnormal meningioma growth observed in the center part of the brain.,An abnormal meningioma mass is found in the center section.,050436ca68888bbdc9405497296e183cc2c366a70e1d840a1601647679dca119,81fd07c131532ac5af2f9623895bc0bb337a45975cef5ca0b31f1a21a191a714,0,1
STRATIFIED_DERANGEMENT_V1_20260719,medclipseg_brisc,medclipseg_brisc:brisc2025_test_00504_me_sa_t1,medclipseg_brisc:brisc2025_test_00477_me_co_t1,present,meningioma,The right brain region contains a detected meningioma tumor.,The upper part of the brain exhibits a meningioma abnormality.,85f79047c56fd2cae1f2962379a02e577d76f48dd581667ee38ac97aa83de2e7,b81c912fd04c6ea8c6f901ed2902a8ea869897916aeffc6542fa7dd8fb1dd4e6,0,1
STRATIFIED_DERANGEMENT_V1_20260719,medclipseg_brisc,medclipseg_brisc:brisc2025_test_00505_me_sa_t1,medclipseg_brisc:brisc2025_test_00497_me_sa_t1,present,meningioma,There is evidence of a meningioma lesion in the center part of the brain.,A focal meningioma mass is identified in the center region.,6c4c76c58d9a7ccadf9fcb6c6344e272bd41feb32dcbd41d774e5628c66cccce,dc872a7aaf7f50651873094ad7c6e70a99b5de552772be695d058981693acfcb,0,1
STRATIFIED_DERANGEMENT_V1_20260719,medclipseg_brisc,medclipseg_brisc:brisc2025_test_00506_me_sa_t1,medclipseg_brisc:brisc2025_test_00472_me_co_t1,present,meningioma,An abnormal meningioma mass is found in the center section.,An area of meningioma tumor is identified in the center part of the brain.,81fd07c131532ac5af2f9623895bc0bb337a45975cef5ca0b31f1a21a191a714,40cfd7160a377b16c61d679b5bb4311577651676ab44c7beafbb30fb58c1ec9d,0,1
STRATIFIED_DERANGEMENT_V1_20260719,medclipseg_brisc,medclipseg_brisc:brisc2025_test_00507_me_sa_t1,medclipseg_brisc:brisc2025_test_00425_me_co_t1,present,meningioma,There is a meningioma lesion affecting the right area of the brain.,There is evidence of a meningioma lesion in the center part of the brain.,7f0cd0208b68ae0860753edcb66ad9624a0c30907a75d70b8fefc18b5762b11a,6c4c76c58d9a7ccadf9fcb6c6344e272bd41feb32dcbd41d774e5628c66cccce,0,1
STRATIFIED_DERANGEMENT_V1_20260719,medclipseg_brisc,medclipseg_brisc:brisc2025_test_00508_me_sa_t1,medclipseg_brisc:brisc2025_test_00473_me_co_t1,present,meningioma,A meningioma tumor has been identified in the center area.,A meningioma tumor is visible in the upper region on the scan.,b3b6daa39feac6a194c648f4a649a82b6bf69a4381abbc673f3b9b4dc7184a20,6b0a9fc11698e4a54425b0ee104fc794f910987542d262caf7615a2cf50b5888,0,1
STRATIFIED_DERANGEMENT_V1_20260719,medclipseg_brisc,medclipseg_brisc:brisc2025_test_00509_me_sa_t1,medclipseg_brisc:brisc2025_test_00534_me_sa_t1,present,meningioma,Presence of a meningioma growth observed in the center brain area.,Presence of a meningioma growth observed in the upper-right brain area.,8e12b44315c2abf5403ce15adbcf9583cfe7997606e9919aa3bcdc9851c34a5f,88e5d4e36f04399029de6057def596352dfa39a838a3aeae643218e6f52249f5,0,1
STRATIFIED_DERANGEMENT_V1_20260719,medclipseg_brisc,medclipseg_brisc:brisc2025_test_00510_me_sa_t1,medclipseg_brisc:brisc2025_test_00435_me_co_t1,present,meningioma,The center part of the brain exhibits a meningioma abnormality.,The center section of the brain contains a meningioma lesion.,155c8bf03b739082e4887f319c91a5559cb45b465a1d52d2cd2f5994123aa555,30a650b8a0dc8c67e9c0ca3fe45fb49b5faf020c08782feb9c1375981696debb,0,1
STRATIFIED_DERANGEMENT_V1_20260719,medclipseg_brisc,medclipseg_brisc:brisc2025_test_00511_me_sa_t1,medclipseg_brisc:brisc2025_test_00506_me_sa_t1,present,meningioma,Abnormal meningioma growth observed in the center part of the brain.,An abnormal meningioma mass is found in the center section.,050436ca68888bbdc9405497296e183cc2c366a70e1d840a1601647679dca119,81fd07c131532ac5af2f9623895bc0bb337a45975cef5ca0b31f1a21a191a714,0,1
STRATIFIED_DERANGEMENT_V1_20260719,medclipseg_brisc,medclipseg_brisc:brisc2025_test_00512_me_sa_t1,medclipseg_brisc:brisc2025_test_00514_me_sa_t1,present,meningioma,A suspicious meningioma lesion is located in the upper section.,Abnormal meningioma growth observed in the upper part of the brain.,792f587867d324afbbf69518335f8abe6b8851802724d0d60a8ac46e702ca661,597e716ce2d5e989994da71649d98b38bbc6dce4d7172a861e70f6dd809caa8b,0,1
STRATIFIED_DERANGEMENT_V1_20260719,medclipseg_brisc,medclipseg_brisc:brisc2025_test_00513_me_sa_t1,medclipseg_brisc:brisc2025_test_00390_me_ax_t1,present,meningioma,The upper brain region contains a detected meningioma tumor.,There is a meningioma lesion affecting the center area of the brain.,eecea497e52f90ff109c31158566eb7d2670fcf83750130130c61f7f7f7c7e64,58ede517bd9619c542ed45f04698cc486a094451952b2724c1164ce6ecf42c7b,0,1
STRATIFIED_DERANGEMENT_V1_20260719,medclipseg_brisc,medclipseg_brisc:brisc2025_test_00514_me_sa_t1,medclipseg_brisc:brisc2025_test_00461_me_co_t1,present,meningioma,Abnormal meningioma growth observed in the upper part of the brain.,An abnormal meningioma mass is found in the upper section.,597e716ce2d5e989994da71649d98b38bbc6dce4d7172a861e70f6dd809caa8b,3395d24adb5ad10eb0c7a12f3633f284dd0f573a7301b1ec902ba189004ef729,0,1
STRATIFIED_DERANGEMENT_V1_20260719,medclipseg_brisc,medclipseg_brisc:brisc2025_test_00515_me_sa_t1,medclipseg_brisc:brisc2025_test_00267_me_ax_t1,present,meningioma,MRI shows a meningioma lesion occupying the upper area.,Presence of a meningioma growth observed in the lower-right brain area.,609b84d665538d6d94a316a23da061c381cf07190ffa3c344c8d83bdecaaea5e,b84111d0dfbce0ef73e0d961adb510b0521d64f92253a6b0746852d59984c4fd,0,1
STRATIFIED_DERANGEMENT_V1_20260719,medclipseg_brisc,medclipseg_brisc:brisc2025_test_00516_me_sa_t1,medclipseg_brisc:brisc2025_test_00357_me_ax_t1,present,meningioma,An area of meningioma tumor is identified in the left part of the brain.,Detected abnormal growth of meningioma tumor in the center part.,7e9ed8f50fd507c7f05a215cf338a5537d56df6ec331667875b698889e6e3ea0,6efffa9a00a341fa9822256d74fb411a2c39ed609b5558df336ca42731485617,0,1
STRATIFIED_DERANGEMENT_V1_20260719,medclipseg_brisc,medclipseg_brisc:brisc2025_test_00517_me_sa_t1,medclipseg_brisc:brisc2025_test_00436_me_co_t1,present,meningioma,Imaging demonstrates a meningioma tumor occupying the center region.,Imaging reveals a meningioma abnormality located in the center.,7e1f2e6e3dcf9e7645db34a23384f010b23702a94fd7bb0e9978353508f0ede0,ba6ff025d2ff3205468b6bf3d15a5def2465d88d983a8ade28535d35c90a4590,0,1
STRATIFIED_DERANGEMENT_V1_20260719,medclipseg_brisc,medclipseg_brisc:brisc2025_test_00518_me_sa_t1,medclipseg_brisc:brisc2025_test_00528_me_sa_t1,present,meningioma,The upper section of the brain contains a meningioma lesion.,There is a meningioma lesion affecting the upper area of the brain.,58e670cc68ec5ba0e45ef47ff18feb8dd0fd29785b658535214c99927b232213,3ee3cebca3d3a422332fcbd9d65b536146eb65a39c2cde8cdc0fa739bf0aed34,0,1
STRATIFIED_DERANGEMENT_V1_20260719,medclipseg_brisc,medclipseg_brisc:brisc2025_test_00519_me_sa_t1,medclipseg_brisc:brisc2025_test_00560_me_sa_t1,present,meningioma,MRI findings reveal a meningioma tumor in the left zone.,MRI reveals a meningioma tumor located in the left region.,c377d4a3d0ff8cd16d7758b45bf61e108798598e1a6f09873f53aed47e658384,5d5d2bdbe94499eb43c68c60924aec55c7d1a29fed00b61c969cf83c87bd830b,0,1
STRATIFIED_DERANGEMENT_V1_20260719,medclipseg_brisc,medclipseg_brisc:brisc2025_test_00520_me_sa_t1,medclipseg_brisc:brisc2025_test_00559_me_sa_t1,present,meningioma,The left area contains a confirmed meningioma tumor.,The scan shows a meningioma tumor positioned in the upper-left.,05557f396dba92e0b14b5de454f1b9fc7e83e0b0127ea08b947ce38ec16e31d1,f6212072f25af1de92f875d2c05c190a0fa758e9b1644509a24413c927886f79,0,1
STRATIFIED_DERANGEMENT_V1_20260719,medclipseg_brisc,medclipseg_brisc:brisc2025_test_00521_me_sa_t1,medclipseg_brisc:brisc2025_test_00343_me_ax_t1,present,meningioma,Detected a meningioma neoplasm in the upper region of the brain.,Detected meningioma lesion located at the center area.,eea7ebc64798aa92d7e6bc45718ed138326274edbb42e4c04cd35e53ad841bac,9f00d56273248bc33ac550562e6249b5178a91f158dcd9929b01e41eefd533a4,0,1
STRATIFIED_DERANGEMENT_V1_20260719,medclipseg_brisc,medclipseg_brisc:brisc2025_test_00522_me_sa_t1,medclipseg_brisc:brisc2025_test_00548_me_sa_t1,present,meningioma,The center region shows signs of a meningioma tumor.,The left section of the brain contains a meningioma lesion.,fd840bd489ba1a175da8610cf4973e5d5f4a5228dd23aa10b1557eae344cabbe,5b76f39e6f2027131fa65bfe39ffd085030a61be15da8ce7340cbd2668f73051,0,1
STRATIFIED_DERANGEMENT_V1_20260719,medclipseg_brisc,medclipseg_brisc:brisc2025_test_00523_me_sa_t1,medclipseg_brisc:brisc2025_test_00529_me_sa_t1,present,meningioma,Detected abnormal growth of meningioma tumor in the center part.,Detected meningioma lesion located at the center area.,6efffa9a00a341fa9822256d74fb411a2c39ed609b5558df336ca42731485617,9f00d56273248bc33ac550562e6249b5178a91f158dcd9929b01e41eefd533a4,0,1
STRATIFIED_DERANGEMENT_V1_20260719,medclipseg_brisc,medclipseg_brisc:brisc2025_test_00524_me_sa_t1,medclipseg_brisc:brisc2025_test_00362_me_ax_t1,present,meningioma,Presence of a meningioma growth observed in the left brain area.,The MRI shows a meningioma mass located within the center region.,12480930871397e20e08b320849bd4a6fa0a51a0063bb3882057de408aba621d,594103e987c61b52f6be17f5217cd49d651556f043bcb77b915f8387bd0b8488,0,1
STRATIFIED_DERANGEMENT_V1_20260719,medclipseg_brisc,medclipseg_brisc:brisc2025_test_00525_me_sa_t1,medclipseg_brisc:brisc2025_test_00458_me_co_t1,present,meningioma,The MRI shows a meningioma mass located within the center region.,The center brain region contains a detected meningioma tumor.,594103e987c61b52f6be17f5217cd49d651556f043bcb77b915f8387bd0b8488,3a8d8647a63b4430ecb9a0830693a7b8a26e1a6eedbe17bcf25fa38fe237df2d,0,1
STRATIFIED_DERANGEMENT_V1_20260719,medclipseg_brisc,medclipseg_brisc:brisc2025_test_00526_me_sa_t1,medclipseg_brisc:brisc2025_test_00373_me_ax_t1,present,meningioma,Presence of a meningioma growth observed in the center brain area.,Presence of a meningioma mass detected in the center area.,8e12b44315c2abf5403ce15adbcf9583cfe7997606e9919aa3bcdc9851c34a5f,fba11f918ca4fa06c55bb11fd23aaeec4e3e222f20a1ab6d3d80a082edc882b1,0,1
STRATIFIED_DERANGEMENT_V1_20260719,medclipseg_brisc,medclipseg_brisc:brisc2025_test_00527_me_sa_t1,medclipseg_brisc:brisc2025_test_00358_me_ax_t1,present,meningioma,Imaging identifies a meningioma tumor in the upper quadrant.,MRI findings reveal a meningioma tumor in the center zone.,02e175c95dbe53d05641adc5556781cc0938043da9661c02178a335cabc84316,8568ec1003b297f90dd1855d3bb241a75dff1b602ead7684648f67ea68e417b0,0,1
STRATIFIED_DERANGEMENT_V1_20260719,medclipseg_brisc,medclipseg_brisc:brisc2025_test_00528_me_sa_t1,medclipseg_brisc:brisc2025_test_00540_me_sa_t1,present,meningioma,There is a meningioma lesion affecting the upper area of the brain.,There is evidence of a meningioma lesion in the center part of the brain.,3ee3cebca3d3a422332fcbd9d65b536146eb65a39c2cde8cdc0fa739bf0aed34,6c4c76c58d9a7ccadf9fcb6c6344e272bd41feb32dcbd41d774e5628c66cccce,0,1
STRATIFIED_DERANGEMENT_V1_20260719,medclipseg_brisc,medclipseg_brisc:brisc2025_test_00529_me_sa_t1,medclipseg_brisc:brisc2025_test_00457_me_co_t1,present,meningioma,Detected meningioma lesion located at the center area.,Findings indicate a meningioma tumor situated in the left area.,9f00d56273248bc33ac550562e6249b5178a91f158dcd9929b01e41eefd533a4,d84ce4cbec5e58af4b3700c77ae26ad05cd69720111750ef6cf6751562f88dca,0,1
STRATIFIED_DERANGEMENT_V1_20260719,medclipseg_brisc,medclipseg_brisc:brisc2025_test_00530_me_sa_t1,medclipseg_brisc:brisc2025_test_00351_me_ax_t1,present,meningioma,MRI reveals a meningioma tumor located in the center region.,MRI shows a meningioma lesion occupying the center area.,f1e51e38e3134f69787139e39ecf2da02e1f644b5aa310fa64a082917b051afd,157e3068406d12b985a99030f51fee4627f6b41254f7b30796f431d08baa29cb,0,1
STRATIFIED_DERANGEMENT_V1_20260719,medclipseg_brisc,medclipseg_brisc:brisc2025_test_00531_me_sa_t1,medclipseg_brisc:brisc2025_test_00551_me_sa_t1,present,meningioma,A meningioma tumor has been identified in the center area.,A meningioma tumor is visible in the upper region on the scan.,b3b6daa39feac6a194c648f4a649a82b6bf69a4381abbc673f3b9b4dc7184a20,6b0a9fc11698e4a54425b0ee104fc794f910987542d262caf7615a2cf50b5888,0,1
STRATIFIED_DERANGEMENT_V1_20260719,medclipseg_brisc,medclipseg_brisc:brisc2025_test_00532_me_sa_t1,medclipseg_brisc:brisc2025_test_00438_me_co_t1,present,meningioma,MRI findings reveal a meningioma tumor in the upper zone.,MRI reveals a meningioma tumor located in the upper region.,374c6ae8f27311d961d5d968eddab9509d790b8829a01d46c849a490bf486763,e9555039e3a01d686a1ce6d760d56305e588ca6849db47edb8c342fad9baff7c,0,1
STRATIFIED_DERANGEMENT_V1_20260719,medclipseg_brisc,medclipseg_brisc:brisc2025_test_00533_me_sa_t1,medclipseg_brisc:brisc2025_test_00363_me_ax_t1,present,meningioma,A focal meningioma mass is identified in the upper-right region.,A meningioma tumor has been identified in the right area.,1165c74db1a770288d89042d66a8a58890fd7d833b2eaadba9b341a7065125c9,08e92fa9c85f9be38568149f252cb47914fc5355048558bf380c89e6d41fd301,0,1
STRATIFIED_DERANGEMENT_V1_20260719,medclipseg_brisc,medclipseg_brisc:brisc2025_test_00534_me_sa_t1,medclipseg_brisc:brisc2025_test_00449_me_co_t1,present,meningioma,Presence of a meningioma growth observed in the upper-right brain area.,The MRI shows a meningioma mass located within the center region.,88e5d4e36f04399029de6057def596352dfa39a838a3aeae643218e6f52249f5,594103e987c61b52f6be17f5217cd49d651556f043bcb77b915f8387bd0b8488,0,1
STRATIFIED_DERANGEMENT_V1_20260719,medclipseg_brisc,medclipseg_brisc:brisc2025_test_00535_me_sa_t1,medclipseg_brisc:brisc2025_test_00386_me_ax_t1,present,meningioma,Imaging reveals a meningioma abnormality located in the upper-left.,MRI reveals a meningioma tumor located in the center region.,7f071641cef41379d59d754d8b7105f01e0b62cc099ef6e2f3affc9f7b790edd,f1e51e38e3134f69787139e39ecf2da02e1f644b5aa310fa64a082917b051afd,0,1
STRATIFIED_DERANGEMENT_V1_20260719,medclipseg_brisc,medclipseg_brisc:brisc2025_test_00536_me_sa_t1,medclipseg_brisc:brisc2025_test_00508_me_sa_t1,present,meningioma,A focal meningioma mass is identified in the upper region.,A meningioma tumor has been identified in the center area.,2450b5b82b7c7f6ed7aa6bae58683f6d945829dad0097301a81b248a71315ecf,b3b6daa39feac6a194c648f4a649a82b6bf69a4381abbc673f3b9b4dc7184a20,0,1
STRATIFIED_DERANGEMENT_V1_20260719,medclipseg_brisc,medclipseg_brisc:brisc2025_test_00537_me_sa_t1,medclipseg_brisc:brisc2025_test_00345_me_ax_t1,present,meningioma,Detected a meningioma neoplasm in the upper region of the brain.,Detected meningioma lesion located at the center area.,eea7ebc64798aa92d7e6bc45718ed138326274edbb42e4c04cd35e53ad841bac,9f00d56273248bc33ac550562e6249b5178a91f158dcd9929b01e41eefd533a4,0,1
STRATIFIED_DERANGEMENT_V1_20260719,medclipseg_brisc,medclipseg_brisc:brisc2025_test_00538_me_sa_t1,medclipseg_brisc:brisc2025_test_00504_me_sa_t1,present,meningioma,The center section of the brain contains a meningioma lesion.,The right brain region contains a detected meningioma tumor.,30a650b8a0dc8c67e9c0ca3fe45fb49b5faf020c08782feb9c1375981696debb,85f79047c56fd2cae1f2962379a02e577d76f48dd581667ee38ac97aa83de2e7,0,1
STRATIFIED_DERANGEMENT_V1_20260719,medclipseg_brisc,medclipseg_brisc:brisc2025_test_00539_me_sa_t1,medclipseg_brisc:brisc2025_test_00332_me_ax_t1,present,meningioma,A meningioma tumor can be seen in the center portion of the brain.,A meningioma tumor is present in the center region of the brain.,f9f3742ed72bcf0966bd4046557f934e741d09b0d38666810bf459d82ac409f6,1d0a43063d3f2d56decc206ff6dc9548637e86e08cd120ec169f33832090b318,0,1
STRATIFIED_DERANGEMENT_V1_20260719,medclipseg_brisc,medclipseg_brisc:brisc2025_test_00540_me_sa_t1,medclipseg_brisc:brisc2025_test_00369_me_ax_t1,present,meningioma,There is evidence of a meningioma lesion in the center part of the brain.,A focal meningioma mass is identified in the left region.,6c4c76c58d9a7ccadf9fcb6c6344e272bd41feb32dcbd41d774e5628c66cccce,910fa4db1983c349b03d9782e59c393ff57526fc1a3f96d9277a2e946458333b,0,1
STRATIFIED_DERANGEMENT_V1_20260719,medclipseg_brisc,medclipseg_brisc:brisc2025_test_00541_me_sa_t1,medclipseg_brisc:brisc2025_test_00538_me_sa_t1,present,meningioma,The center part of the brain exhibits a meningioma abnormality.,The center section of the brain contains a meningioma lesion.,155c8bf03b739082e4887f319c91a5559cb45b465a1d52d2cd2f5994123aa555,30a650b8a0dc8c67e9c0ca3fe45fb49b5faf020c08782feb9c1375981696debb,0,1
STRATIFIED_DERANGEMENT_V1_20260719,medclipseg_brisc,medclipseg_brisc:brisc2025_test_00542_me_sa_t1,medclipseg_brisc:brisc2025_test_00338_me_ax_t1,present,meningioma,The scan shows a meningioma tumor positioned in the upper.,There is a meningioma lesion affecting the center area of the brain.,dcfd36562aaf88b9694db978238a6a8838b705ba4ed2ffe980b9a8d89955504b,58ede517bd9619c542ed45f04698cc486a094451952b2724c1164ce6ecf42c7b,0,1
STRATIFIED_DERANGEMENT_V1_20260719,medclipseg_brisc,medclipseg_brisc:brisc2025_test_00543_me_sa_t1,medclipseg_brisc:brisc2025_test_00384_me_ax_t1,present,meningioma,There is a meningioma lesion affecting the center area of the brain.,There is evidence of a meningioma lesion in the center part of the brain.,58ede517bd9619c542ed45f04698cc486a094451952b2724c1164ce6ecf42c7b,6c4c76c58d9a7ccadf9fcb6c6344e272bd41feb32dcbd41d774e5628c66cccce,0,1
STRATIFIED_DERANGEMENT_V1_20260719,medclipseg_brisc,medclipseg_brisc:brisc2025_test_00544_me_sa_t1,medclipseg_brisc:brisc2025_test_00557_me_sa_t1,present,meningioma,Abnormal meningioma growth observed in the upper-left part of the brain.,An abnormal meningioma mass is found in the upper section.,7ee9e1bded9b912e2f7a280c6142ea38a067489e2e2157df0a28c9895bba026e,3395d24adb5ad10eb0c7a12f3633f284dd0f573a7301b1ec902ba189004ef729,0,1
STRATIFIED_DERANGEMENT_V1_20260719,medclipseg_brisc,medclipseg_brisc:brisc2025_test_00545_me_sa_t1,medclipseg_brisc:brisc2025_test_00431_me_co_t1,present,meningioma,Presence of a meningioma growth observed in the center brain area.,Presence of a meningioma mass detected in the center area.,8e12b44315c2abf5403ce15adbcf9583cfe7997606e9919aa3bcdc9851c34a5f,fba11f918ca4fa06c55bb11fd23aaeec4e3e222f20a1ab6d3d80a082edc882b1,0,1
STRATIFIED_DERANGEMENT_V1_20260719,medclipseg_brisc,medclipseg_brisc:brisc2025_test_00546_me_sa_t1,medclipseg_brisc:brisc2025_test_00428_me_co_t1,present,meningioma,The center section of the brain contains a meningioma lesion.,The scan shows a meningioma tumor positioned in the center.,30a650b8a0dc8c67e9c0ca3fe45fb49b5faf020c08782feb9c1375981696debb,81fec8f65d5e34b5cf6fb171ff0b35e2f57b1b3b18ef92f6a9a41ee1a8fc5e4e,0,1
STRATIFIED_DERANGEMENT_V1_20260719,medclipseg_brisc,medclipseg_brisc:brisc2025_test_00547_me_sa_t1,medclipseg_brisc:brisc2025_test_00346_me_ax_t1,present,meningioma,Detected meningioma lesion located at the center area.,Findings indicate a meningioma tumor situated in the lower area.,9f00d56273248bc33ac550562e6249b5178a91f158dcd9929b01e41eefd533a4,ccace20f1447d1281109735d548894858638bac2845b947e0672ba6ca09cb2e5,0,1
STRATIFIED_DERANGEMENT_V1_20260719,medclipseg_brisc,medclipseg_brisc:brisc2025_test_00548_me_sa_t1,medclipseg_brisc:brisc2025_test_00440_me_co_t1,present,meningioma,The left section of the brain contains a meningioma lesion.,The upper brain region contains a detected meningioma tumor.,5b76f39e6f2027131fa65bfe39ffd085030a61be15da8ce7340cbd2668f73051,eecea497e52f90ff109c31158566eb7d2670fcf83750130130c61f7f7f7c7e64,0,1
STRATIFIED_DERANGEMENT_V1_20260719,medclipseg_brisc,medclipseg_brisc:brisc2025_test_00549_me_sa_t1,medclipseg_brisc:brisc2025_test_00510_me_sa_t1,present,meningioma,The center area contains a confirmed meningioma tumor.,The center part of the brain exhibits a meningioma abnormality.,426726ecfc769963ef175d72c3a538b67ee815affebe197526c62c73f3f31143,155c8bf03b739082e4887f319c91a5559cb45b465a1d52d2cd2f5994123aa555,0,1
STRATIFIED_DERANGEMENT_V1_20260719,medclipseg_brisc,medclipseg_brisc:brisc2025_test_00550_me_sa_t1,medclipseg_brisc:brisc2025_test_00531_me_sa_t1,present,meningioma,A focal meningioma mass is identified in the upper-left region.,A meningioma tumor has been identified in the center area.,9d5fa4f7d5d97d035b536b4e351184e6268a8a77fcd168dd9de25ecad0f84ccc,b3b6daa39feac6a194c648f4a649a82b6bf69a4381abbc673f3b9b4dc7184a20,0,1
STRATIFIED_DERANGEMENT_V1_20260719,medclipseg_brisc,medclipseg_brisc:brisc2025_test_00551_me_sa_t1,medclipseg_brisc:brisc2025_test_00512_me_sa_t1,present,meningioma,A meningioma tumor is visible in the upper region on the scan.,A suspicious meningioma lesion is located in the upper section.,6b0a9fc11698e4a54425b0ee104fc794f910987542d262caf7615a2cf50b5888,792f587867d324afbbf69518335f8abe6b8851802724d0d60a8ac46e702ca661,0,1
STRATIFIED_DERANGEMENT_V1_20260719,medclipseg_brisc,medclipseg_brisc:brisc2025_test_00552_me_sa_t1,medclipseg_brisc:brisc2025_test_00546_me_sa_t1,present,meningioma,The center part of the brain exhibits a meningioma abnormality.,The center section of the brain contains a meningioma lesion.,155c8bf03b739082e4887f319c91a5559cb45b465a1d52d2cd2f5994123aa555,30a650b8a0dc8c67e9c0ca3fe45fb49b5faf020c08782feb9c1375981696debb,0,1
STRATIFIED_DERANGEMENT_V1_20260719,medclipseg_brisc,medclipseg_brisc:brisc2025_test_00553_me_sa_t1,medclipseg_brisc:brisc2025_test_00547_me_sa_t1,present,meningioma,Detected abnormal growth of meningioma tumor in the left part.,Detected meningioma lesion located at the center area.,3f9b2567b443b29eee401d6ee2e65b61a0e01bbff79acf01929bbcd07d71ab06,9f00d56273248bc33ac550562e6249b5178a91f158dcd9929b01e41eefd533a4,0,1
STRATIFIED_DERANGEMENT_V1_20260719,medclipseg_brisc,medclipseg_brisc:brisc2025_test_00554_me_sa_t1,medclipseg_brisc:brisc2025_test_00383_me_ax_t1,present,meningioma,Presence of a meningioma growth observed in the upper brain area.,The MRI shows a meningioma mass located within the center region.,1d045dd7fe4523743080f92b776cbe0e48babaf0783e192b663273dc7a1ab905,594103e987c61b52f6be17f5217cd49d651556f043bcb77b915f8387bd0b8488,0,1
STRATIFIED_DERANGEMENT_V1_20260719,medclipseg_brisc,medclipseg_brisc:brisc2025_test_00555_me_sa_t1,medclipseg_brisc:brisc2025_test_00454_me_co_t1,present,meningioma,Detected meningioma lesion located at the upper area.,Imaging demonstrates a meningioma tumor occupying the center region.,0a1a7c5f335aa75ad34bc11e8fed81f1830f8a3778de5ae9997a54ab9790e260,7e1f2e6e3dcf9e7645db34a23384f010b23702a94fd7bb0e9978353508f0ede0,0,1
STRATIFIED_DERANGEMENT_V1_20260719,medclipseg_brisc,medclipseg_brisc:brisc2025_test_00556_me_sa_t1,medclipseg_brisc:brisc2025_test_00433_me_co_t1,present,meningioma,The upper brain region contains a detected meningioma tumor.,There is a meningioma lesion affecting the center area of the brain.,eecea497e52f90ff109c31158566eb7d2670fcf83750130130c61f7f7f7c7e64,58ede517bd9619c542ed45f04698cc486a094451952b2724c1164ce6ecf42c7b,0,1
STRATIFIED_DERANGEMENT_V1_20260719,medclipseg_brisc,medclipseg_brisc:brisc2025_test_00557_me_sa_t1,medclipseg_brisc:brisc2025_test_00385_me_ax_t1,present,meningioma,An abnormal meningioma mass is found in the upper section.,Detected a meningioma neoplasm in the center region of the brain.,3395d24adb5ad10eb0c7a12f3633f284dd0f573a7301b1ec902ba189004ef729,4aaeb5a81866951e4a643f2ead6e8b39040b8ecec91721b09b4bc24b8358eb72,0,1
STRATIFIED_DERANGEMENT_V1_20260719,medclipseg_brisc,medclipseg_brisc:brisc2025_test_00558_me_sa_t1,medclipseg_brisc:brisc2025_test_00450_me_co_t1,present,meningioma,A meningioma tumor is visible in the upper-left region on the scan.,A suspicious meningioma lesion is located in the upper-right section.,dc0add5a3d1576c374b245901cb3ac4caf72888d840f5310c97e9af28f7f22b0,15f23b520aa63ccc2f60755ad131f219a56a2c7a653cb6018a507afad0e0134d,0,1
STRATIFIED_DERANGEMENT_V1_20260719,medclipseg_brisc,medclipseg_brisc:brisc2025_test_00559_me_sa_t1,medclipseg_brisc:brisc2025_test_00333_me_ax_t1,present,meningioma,The scan shows a meningioma tumor positioned in the upper-left.,The upper section of the brain contains a meningioma lesion.,f6212072f25af1de92f875d2c05c190a0fa758e9b1644509a24413c927886f79,58e670cc68ec5ba0e45ef47ff18feb8dd0fd29785b658535214c99927b232213,0,1
STRATIFIED_DERANGEMENT_V1_20260719,medclipseg_brisc,medclipseg_brisc:brisc2025_test_00560_me_sa_t1,medclipseg_brisc:brisc2025_test_00355_me_ax_t1,present,meningioma,MRI reveals a meningioma tumor located in the left region.,MRI shows a meningioma lesion occupying the lower area.,5d5d2bdbe94499eb43c68c60924aec55c7d1a29fed00b61c969cf83c87bd830b,53a00182b9d8d805f9dd61d8a9eb996ee4743ecd314fb394ab1c02a3aaf3f413,0,1
STRATIFIED_DERANGEMENT_V1_20260719,medclipseg_brisc,medclipseg_brisc:brisc2025_test_00561_no_ax_t1,medclipseg_brisc:brisc2025_test_00582_no_ax_t1,absent,no_tumor,No signs of pathological changes observed in the brain.,No visible abnormalities detected in the brain scan.,90bff8bf223d15d37a5c6f1a67ad9ada6b7ffea34a0dbb48b96b4503e6c3e66c,3f988451855bb988c84d4ad61e7172481ca72fe490cddec42424c1807270f9e2,0,1
STRATIFIED_DERANGEMENT_V1_20260719,medclipseg_brisc,medclipseg_brisc:brisc2025_test_00562_no_ax_t1,medclipseg_brisc:brisc2025_test_00590_no_ax_t1,absent,no_tumor,"No signs of edema, hemorrhage, or abnormal enhancement found.",No structural brain abnormalities identified in the imaging.,3463cf7e541376c5a679a6970f736fbc04f66db8ee47956e4d194b28e2f69e55,50d8aa419340aa8d82176d60402c1844b5efb8e91e9c1177c2603d51eb6f6cf9,0,1
STRATIFIED_DERANGEMENT_V1_20260719,medclipseg_brisc,medclipseg_brisc:brisc2025_test_00563_no_ax_t1,medclipseg_brisc:brisc2025_test_00642_no_co_t1,absent,no_tumor,Brain MRI shows no abnormal findings or lesions.,Brain structures are well-defined and appear healthy.,31d35a51f7fe03cc3275a081b2606fa7762d04e626b70ceff0379f3ab3c994d6,aa9ccf33ec30df0c224e5db8690ab1cf6eca4ea8f4756168878b984f050c9841,0,1
STRATIFIED_DERANGEMENT_V1_20260719,medclipseg_brisc,medclipseg_brisc:brisc2025_test_00564_no_ax_t1,medclipseg_brisc:brisc2025_test_00645_no_co_t1,absent,no_tumor,No evidence of masses or lesions in the brain scan.,No focal abnormalities or lesions detected on MRI scans.,a35ef186a978d21cfe43dd650840480743e3c2a5a329776fbab789e673b8bd78,41a8f7029e2270d1ebf7ccbf81092d0d0a87c81919cee1623fc0af5644047332,0,1
STRATIFIED_DERANGEMENT_V1_20260719,medclipseg_brisc,medclipseg_brisc:brisc2025_test_00565_no_ax_t1,medclipseg_brisc:brisc2025_test_00652_no_co_t1,absent,no_tumor,Brain tissue shows normal morphology and signal intensity.,Imaging results are unremarkable for any tumor presence.,76b876ff34e012dc47bc6875e2afb15e92afca042bf21bf745234de252899b63,8663a0de33a444014130b45efea10f65f8cebbfd5dbc44a0ebe17a26af07be48,0,1
STRATIFIED_DERANGEMENT_V1_20260719,medclipseg_brisc,medclipseg_brisc:brisc2025_test_00566_no_ax_t1,medclipseg_brisc:brisc2025_test_00669_no_sa_t1,absent,no_tumor,Scan indicates healthy brain tissue without anomalies.,The brain appears normal with no signs of tumors.,7e25fbcb67e8af5fc497d97503caafe2a3e9ff4e32c13893fb25961224dff270,161d7a647014bcbbe2cd96fef9a053d20c59ee39fc40eaed5e349735f7a83005,0,1
STRATIFIED_DERANGEMENT_V1_20260719,medclipseg_brisc,medclipseg_brisc:brisc2025_test_00567_no_ax_t1,medclipseg_brisc:brisc2025_test_00592_no_ax_t1,absent,no_tumor,Imaging results are unremarkable for any tumor presence.,Imaging reveals normal brain structure without any lesions.,8663a0de33a444014130b45efea10f65f8cebbfd5dbc44a0ebe17a26af07be48,d8fb74d51083833f38cc3df2e9a60b87bff557d08035a96e1d3c2d061acbdb39,0,1
STRATIFIED_DERANGEMENT_V1_20260719,medclipseg_brisc,medclipseg_brisc:brisc2025_test_00568_no_ax_t1,medclipseg_brisc:brisc2025_test_00606_no_ax_t1,absent,no_tumor,Normal brain anatomy with no detectable tumors.,Normal brain imaging without signs of disease or injury.,f894da8429f792269388c71edebce0f2dab1cf6bcf7183ca92f423ce6aeebf28,6824b063a2ce20b01c68ca5ecaeb2a323a1900b9c1b2ccb565d66a346799f2ad,0,1
STRATIFIED_DERANGEMENT_V1_20260719,medclipseg_brisc,medclipseg_brisc:brisc2025_test_00569_no_ax_t1,medclipseg_brisc:brisc2025_test_00646_no_co_t1,absent,no_tumor,No disruptions or lesions detected in white or gray matter.,No evidence of abnormal growth or lesions in brain tissue.,2cd402b3c050f7d24f6f1c3ce1c6aec271ad286992413e5906ff41825bd31737,e38bd77212b814d076165dd3f42982fba39c3b13d83c446dcac06f4bbf436844,0,1
STRATIFIED_DERANGEMENT_V1_20260719,medclipseg_brisc,medclipseg_brisc:brisc2025_test_00570_no_ax_t1,medclipseg_brisc:brisc2025_test_00575_no_ax_t1,absent,no_tumor,The scan displays typical brain features without abnormalities.,Brain MRI shows clear ventricles and normal sulcal patterns.,359272348a505169ad4c704b8306a9cb62a13ee46932827418c20e06ad2debd0,3d0eff499740b503c35a2797125847b21b3d90120eff2b6628dbaf9ed56c0c86,0,1
STRATIFIED_DERANGEMENT_V1_20260719,medclipseg_brisc,medclipseg_brisc:brisc2025_test_00571_no_ax_t1,medclipseg_brisc:brisc2025_test_00683_no_sa_t1,absent,no_tumor,Healthy brain tissue with no suspicious findings.,Imaging results are unremarkable for any tumor presence.,49addae504026cdf88f07e8715d3d4b9ee161811ead21e1e6995b63adbe6408d,8663a0de33a444014130b45efea10f65f8cebbfd5dbc44a0ebe17a26af07be48,0,1
STRATIFIED_DERANGEMENT_V1_20260719,medclipseg_brisc,medclipseg_brisc:brisc2025_test_00572_no_ax_t1,medclipseg_brisc:brisc2025_test_00583_no_ax_t1,absent,no_tumor,Imaging reveals normal brain structure without any lesions.,No detectable tumors or lesions found in this brain MRI.,d8fb74d51083833f38cc3df2e9a60b87bff557d08035a96e1d3c2d061acbdb39,d32a46a6c03e8cbe531f0cf089a96cd88affe22f895b2183d0d1413d69310371,0,1
STRATIFIED_DERANGEMENT_V1_20260719,medclipseg_brisc,medclipseg_brisc:brisc2025_test_00573_no_ax_t1,medclipseg_brisc:brisc2025_test_00564_no_ax_t1,absent,no_tumor,No disruptions or lesions detected in white or gray matter.,No evidence of masses or lesions in the brain scan.,2cd402b3c050f7d24f6f1c3ce1c6aec271ad286992413e5906ff41825bd31737,a35ef186a978d21cfe43dd650840480743e3c2a5a329776fbab789e673b8bd78,0,1
STRATIFIED_DERANGEMENT_V1_20260719,medclipseg_brisc,medclipseg_brisc:brisc2025_test_00574_no_ax_t1,medclipseg_brisc:brisc2025_test_00639_no_co_t1,absent,no_tumor,Brain structures are well-defined and appear healthy.,Brain tissue shows normal morphology and signal intensity.,aa9ccf33ec30df0c224e5db8690ab1cf6eca4ea8f4756168878b984f050c9841,76b876ff34e012dc47bc6875e2afb15e92afca042bf21bf745234de252899b63,0,1
STRATIFIED_DERANGEMENT_V1_20260719,medclipseg_brisc,medclipseg_brisc:brisc2025_test_00575_no_ax_t1,medclipseg_brisc:brisc2025_test_00574_no_ax_t1,absent,no_tumor,Brain MRI shows clear ventricles and normal sulcal patterns.,Brain structures are well-defined and appear healthy.,3d0eff499740b503c35a2797125847b21b3d90120eff2b6628dbaf9ed56c0c86,aa9ccf33ec30df0c224e5db8690ab1cf6eca4ea8f4756168878b984f050c9841,0,1
STRATIFIED_DERANGEMENT_V1_20260719,medclipseg_brisc,medclipseg_brisc:brisc2025_test_00576_no_ax_t1,medclipseg_brisc:brisc2025_test_00580_no_ax_t1,absent,no_tumor,No visible abnormalities detected in the brain scan.,Normal brain anatomy with no detectable tumors.,3f988451855bb988c84d4ad61e7172481ca72fe490cddec42424c1807270f9e2,f894da8429f792269388c71edebce0f2dab1cf6bcf7183ca92f423ce6aeebf28,0,1
STRATIFIED_DERANGEMENT_V1_20260719,medclipseg_brisc,medclipseg_brisc:brisc2025_test_00577_no_ax_t1,medclipseg_brisc:brisc2025_test_00641_no_co_t1,absent,no_tumor,The brain tissue appears consistent and within normal limits.,The scan displays typical brain features without abnormalities.,f5e1c66a0cc61f6b0ca1e3c03d3bc0f81a8c723e4053b35c2428a0fb985d46d4,359272348a505169ad4c704b8306a9cb62a13ee46932827418c20e06ad2debd0,0,1
STRATIFIED_DERANGEMENT_V1_20260719,medclipseg_brisc,medclipseg_brisc:brisc2025_test_00578_no_ax_t1,medclipseg_brisc:brisc2025_test_00658_no_co_t1,absent,no_tumor,Brain MRI shows no abnormal findings or lesions.,Brain structures are well-defined and appear healthy.,31d35a51f7fe03cc3275a081b2606fa7762d04e626b70ceff0379f3ab3c994d6,aa9ccf33ec30df0c224e5db8690ab1cf6eca4ea8f4756168878b984f050c9841,0,1
STRATIFIED_DERANGEMENT_V1_20260719,medclipseg_brisc,medclipseg_brisc:brisc2025_test_00579_no_ax_t1,medclipseg_brisc:brisc2025_test_00655_no_co_t1,absent,no_tumor,No focal abnormalities or lesions detected on MRI scans.,No indications of abnormal masses or growths in the scan.,41a8f7029e2270d1ebf7ccbf81092d0d0a87c81919cee1623fc0af5644047332,3ae2003ac0a682a5a923570318cf04d4be6d0d3dabd93bdd7f79ba32f2f76020,0,1
STRATIFIED_DERANGEMENT_V1_20260719,medclipseg_brisc,medclipseg_brisc:brisc2025_test_00580_no_ax_t1,medclipseg_brisc:brisc2025_test_00616_no_co_t1,absent,no_tumor,Normal brain anatomy with no detectable tumors.,Normal brain imaging without signs of disease or injury.,f894da8429f792269388c71edebce0f2dab1cf6bcf7183ca92f423ce6aeebf28,6824b063a2ce20b01c68ca5ecaeb2a323a1900b9c1b2ccb565d66a346799f2ad,0,1
STRATIFIED_DERANGEMENT_V1_20260719,medclipseg_brisc,medclipseg_brisc:brisc2025_test_00581_no_ax_t1,medclipseg_brisc:brisc2025_test_00615_no_co_t1,absent,no_tumor,The brain shows no evidence of tumors or abnormalities.,The brain shows normal symmetry with no suspicious areas.,7592627457980d57eaf4f11b29c44a7add1fc915593232af6387a3276a106dfd,32bac5fa86a96f5fc558a601965b18d0991663e7be86cf6ec618ab990dc41d3c,0,1
STRATIFIED_DERANGEMENT_V1_20260719,medclipseg_brisc,medclipseg_brisc:brisc2025_test_00582_no_ax_t1,medclipseg_brisc:brisc2025_test_00584_no_ax_t1,absent,no_tumor,No visible abnormalities detected in the brain scan.,Normal brain anatomy with no detectable tumors.,3f988451855bb988c84d4ad61e7172481ca72fe490cddec42424c1807270f9e2,f894da8429f792269388c71edebce0f2dab1cf6bcf7183ca92f423ce6aeebf28,0,1
STRATIFIED_DERANGEMENT_V1_20260719,medclipseg_brisc,medclipseg_brisc:brisc2025_test_00583_no_ax_t1,medclipseg_brisc:brisc2025_test_00699_no_sa_t1,absent,no_tumor,No detectable tumors or lesions found in this brain MRI.,No disruptions or lesions detected in white or gray matter.,d32a46a6c03e8cbe531f0cf089a96cd88affe22f895b2183d0d1413d69310371,2cd402b3c050f7d24f6f1c3ce1c6aec271ad286992413e5906ff41825bd31737,0,1
STRATIFIED_DERANGEMENT_V1_20260719,medclipseg_brisc,medclipseg_brisc:brisc2025_test_00584_no_ax_t1,medclipseg_brisc:brisc2025_test_00666_no_sa_t1,absent,no_tumor,Normal brain anatomy with no detectable tumors.,Normal brain imaging without signs of disease or injury.,f894da8429f792269388c71edebce0f2dab1cf6bcf7183ca92f423ce6aeebf28,6824b063a2ce20b01c68ca5ecaeb2a323a1900b9c1b2ccb565d66a346799f2ad,0,1
STRATIFIED_DERANGEMENT_V1_20260719,medclipseg_brisc,medclipseg_brisc:brisc2025_test_00585_no_ax_t1,medclipseg_brisc:brisc2025_test_00673_no_sa_t1,absent,no_tumor,Scan indicates healthy brain tissue without anomalies.,The brain scan appears clear with no abnormal structures.,7e25fbcb67e8af5fc497d97503caafe2a3e9ff4e32c13893fb25961224dff270,1cc48fd8339f0dcdb08b3dd2a8fa896b714b3eb102470452d389579e359fb424,0,1
STRATIFIED_DERANGEMENT_V1_20260719,medclipseg_brisc,medclipseg_brisc:brisc2025_test_00586_no_ax_t1,medclipseg_brisc:brisc2025_test_00600_no_ax_t1,absent,no_tumor,No focal abnormalities or lesions detected on MRI scans.,No pathological features or irregularities detected.,41a8f7029e2270d1ebf7ccbf81092d0d0a87c81919cee1623fc0af5644047332,010d90afe74e8a4303cc0081e47b47d13d68f1a49708aeebdb27c9d595b1f72e,0,1
STRATIFIED_DERANGEMENT_V1_20260719,medclipseg_brisc,medclipseg_brisc:brisc2025_test_00587_no_ax_t1,medclipseg_brisc:brisc2025_test_00617_no_co_t1,absent,no_tumor,No detectable tumors or lesions found in this brain MRI.,No evidence of abnormal growth or lesions in brain tissue.,d32a46a6c03e8cbe531f0cf089a96cd88affe22f895b2183d0d1413d69310371,e38bd77212b814d076165dd3f42982fba39c3b13d83c446dcac06f4bbf436844,0,1
STRATIFIED_DERANGEMENT_V1_20260719,medclipseg_brisc,medclipseg_brisc:brisc2025_test_00588_no_ax_t1,medclipseg_brisc:brisc2025_test_00608_no_ax_t1,absent,no_tumor,The scan displays typical brain features without abnormalities.,Brain MRI shows clear ventricles and normal sulcal patterns.,359272348a505169ad4c704b8306a9cb62a13ee46932827418c20e06ad2debd0,3d0eff499740b503c35a2797125847b21b3d90120eff2b6628dbaf9ed56c0c86,0,1
STRATIFIED_DERANGEMENT_V1_20260719,medclipseg_brisc,medclipseg_brisc:brisc2025_test_00589_no_ax_t1,medclipseg_brisc:brisc2025_test_00621_no_co_t1,absent,no_tumor,Imaging results are unremarkable for any tumor presence.,Imaging reveals normal brain structure without any lesions.,8663a0de33a444014130b45efea10f65f8cebbfd5dbc44a0ebe17a26af07be48,d8fb74d51083833f38cc3df2e9a60b87bff557d08035a96e1d3c2d061acbdb39,0,1
STRATIFIED_DERANGEMENT_V1_20260719,medclipseg_brisc,medclipseg_brisc:brisc2025_test_00590_no_ax_t1,medclipseg_brisc:brisc2025_test_00626_no_co_t1,absent,no_tumor,No structural brain abnormalities identified in the imaging.,No visible abnormalities detected in the brain scan.,50d8aa419340aa8d82176d60402c1844b5efb8e91e9c1177c2603d51eb6f6cf9,3f988451855bb988c84d4ad61e7172481ca72fe490cddec42424c1807270f9e2,0,1
STRATIFIED_DERANGEMENT_V1_20260719,medclipseg_brisc,medclipseg_brisc:brisc2025_test_00591_no_ax_t1,medclipseg_brisc:brisc2025_test_00577_no_ax_t1,absent,no_tumor,The brain shows no evidence of tumors or abnormalities.,The brain tissue appears consistent and within normal limits.,7592627457980d57eaf4f11b29c44a7add1fc915593232af6387a3276a106dfd,f5e1c66a0cc61f6b0ca1e3c03d3bc0f81a8c723e4053b35c2428a0fb985d46d4,0,1
STRATIFIED_DERANGEMENT_V1_20260719,medclipseg_brisc,medclipseg_brisc:brisc2025_test_00592_no_ax_t1,medclipseg_brisc:brisc2025_test_00587_no_ax_t1,absent,no_tumor,Imaging reveals normal brain structure without any lesions.,No detectable tumors or lesions found in this brain MRI.,d8fb74d51083833f38cc3df2e9a60b87bff557d08035a96e1d3c2d061acbdb39,d32a46a6c03e8cbe531f0cf089a96cd88affe22f895b2183d0d1413d69310371,0,1
STRATIFIED_DERANGEMENT_V1_20260719,medclipseg_brisc,medclipseg_brisc:brisc2025_test_00593_no_ax_t1,medclipseg_brisc:brisc2025_test_00571_no_ax_t1,absent,no_tumor,Brain structures are well-defined and appear healthy.,Healthy brain tissue with no suspicious findings.,aa9ccf33ec30df0c224e5db8690ab1cf6eca4ea8f4756168878b984f050c9841,49addae504026cdf88f07e8715d3d4b9ee161811ead21e1e6995b63adbe6408d,0,1
STRATIFIED_DERANGEMENT_V1_20260719,medclipseg_brisc,medclipseg_brisc:brisc2025_test_00594_no_ax_t1,medclipseg_brisc:brisc2025_test_00672_no_sa_t1,absent,no_tumor,Brain MRI shows no abnormal findings or lesions.,Brain structures are well-defined and appear healthy.,31d35a51f7fe03cc3275a081b2606fa7762d04e626b70ceff0379f3ab3c994d6,aa9ccf33ec30df0c224e5db8690ab1cf6eca4ea8f4756168878b984f050c9841,0,1
STRATIFIED_DERANGEMENT_V1_20260719,medclipseg_brisc,medclipseg_brisc:brisc2025_test_00595_no_ax_t1,medclipseg_brisc:brisc2025_test_00614_no_co_t1,absent,no_tumor,Brain structures are well-defined and appear healthy.,Healthy brain tissue with no suspicious findings.,aa9ccf33ec30df0c224e5db8690ab1cf6eca4ea8f4756168878b984f050c9841,49addae504026cdf88f07e8715d3d4b9ee161811ead21e1e6995b63adbe6408d,0,1
STRATIFIED_DERANGEMENT_V1_20260719,medclipseg_brisc,medclipseg_brisc:brisc2025_test_00596_no_ax_t1,medclipseg_brisc:brisc2025_test_00609_no_ax_t1,absent,no_tumor,No visible abnormalities detected in the brain scan.,Normal brain anatomy with no detectable tumors.,3f988451855bb988c84d4ad61e7172481ca72fe490cddec42424c1807270f9e2,f894da8429f792269388c71edebce0f2dab1cf6bcf7183ca92f423ce6aeebf28,0,1
STRATIFIED_DERANGEMENT_V1_20260719,medclipseg_brisc,medclipseg_brisc:brisc2025_test_00597_no_ax_t1,medclipseg_brisc:brisc2025_test_00612_no_ax_t1,absent,no_tumor,Normal brain imaging without signs of disease or injury.,Scan indicates healthy brain tissue without anomalies.,6824b063a2ce20b01c68ca5ecaeb2a323a1900b9c1b2ccb565d66a346799f2ad,7e25fbcb67e8af5fc497d97503caafe2a3e9ff4e32c13893fb25961224dff270,0,1
STRATIFIED_DERANGEMENT_V1_20260719,medclipseg_brisc,medclipseg_brisc:brisc2025_test_00598_no_ax_t1,medclipseg_brisc:brisc2025_test_00565_no_ax_t1,absent,no_tumor,Brain MRI shows no abnormal findings or lesions.,Brain tissue shows normal morphology and signal intensity.,31d35a51f7fe03cc3275a081b2606fa7762d04e626b70ceff0379f3ab3c994d6,76b876ff34e012dc47bc6875e2afb15e92afca042bf21bf745234de252899b63,0,1
STRATIFIED_DERANGEMENT_V1_20260719,medclipseg_brisc,medclipseg_brisc:brisc2025_test_00599_no_ax_t1,medclipseg_brisc:brisc2025_test_00602_no_ax_t1,absent,no_tumor,No focal abnormalities or lesions detected on MRI scans.,No pathological features or irregularities detected.,41a8f7029e2270d1ebf7ccbf81092d0d0a87c81919cee1623fc0af5644047332,010d90afe74e8a4303cc0081e47b47d13d68f1a49708aeebdb27c9d595b1f72e,0,1
STRATIFIED_DERANGEMENT_V1_20260719,medclipseg_brisc,medclipseg_brisc:brisc2025_test_00600_no_ax_t1,medclipseg_brisc:brisc2025_test_00561_no_ax_t1,absent,no_tumor,No pathological features or irregularities detected.,No signs of pathological changes observed in the brain.,010d90afe74e8a4303cc0081e47b47d13d68f1a49708aeebdb27c9d595b1f72e,90bff8bf223d15d37a5c6f1a67ad9ada6b7ffea34a0dbb48b96b4503e6c3e66c,0,1
STRATIFIED_DERANGEMENT_V1_20260719,medclipseg_brisc,medclipseg_brisc:brisc2025_test_00601_no_ax_t1,medclipseg_brisc:brisc2025_test_00647_no_co_t1,absent,no_tumor,The brain shows no evidence of tumors or abnormalities.,The brain tissue appears consistent and within normal limits.,7592627457980d57eaf4f11b29c44a7add1fc915593232af6387a3276a106dfd,f5e1c66a0cc61f6b0ca1e3c03d3bc0f81a8c723e4053b35c2428a0fb985d46d4,0,1
STRATIFIED_DERANGEMENT_V1_20260719,medclipseg_brisc,medclipseg_brisc:brisc2025_test_00602_no_ax_t1,medclipseg_brisc:brisc2025_test_00611_no_ax_t1,absent,no_tumor,No pathological features or irregularities detected.,No signs of pathological changes observed in the brain.,010d90afe74e8a4303cc0081e47b47d13d68f1a49708aeebdb27c9d595b1f72e,90bff8bf223d15d37a5c6f1a67ad9ada6b7ffea34a0dbb48b96b4503e6c3e66c,0,1
STRATIFIED_DERANGEMENT_V1_20260719,medclipseg_brisc,medclipseg_brisc:brisc2025_test_00603_no_ax_t1,medclipseg_brisc:brisc2025_test_00624_no_co_t1,absent,no_tumor,The scan displays typical brain features without abnormalities.,Brain MRI shows clear ventricles and normal sulcal patterns.,359272348a505169ad4c704b8306a9cb62a13ee46932827418c20e06ad2debd0,3d0eff499740b503c35a2797125847b21b3d90120eff2b6628dbaf9ed56c0c86,0,1
STRATIFIED_DERANGEMENT_V1_20260719,medclipseg_brisc,medclipseg_brisc:brisc2025_test_00604_no_ax_t1,medclipseg_brisc:brisc2025_test_00610_no_ax_t1,absent,no_tumor,No abnormal signals or mass effects observed in the scan.,No disruptions or lesions detected in white or gray matter.,c131dbf2955199f307927e93e9da6a12f711ca34700a8beec6e490dec1eabab5,2cd402b3c050f7d24f6f1c3ce1c6aec271ad286992413e5906ff41825bd31737,0,1
STRATIFIED_DERANGEMENT_V1_20260719,medclipseg_brisc,medclipseg_brisc:brisc2025_test_00605_no_ax_t1,medclipseg_brisc:brisc2025_test_00619_no_co_t1,absent,no_tumor,Normal brain imaging without signs of disease or injury.,Scan indicates healthy brain tissue without anomalies.,6824b063a2ce20b01c68ca5ecaeb2a323a1900b9c1b2ccb565d66a346799f2ad,7e25fbcb67e8af5fc497d97503caafe2a3e9ff4e32c13893fb25961224dff270,0,1
STRATIFIED_DERANGEMENT_V1_20260719,medclipseg_brisc,medclipseg_brisc:brisc2025_test_00606_no_ax_t1,medclipseg_brisc:brisc2025_test_00681_no_sa_t1,absent,no_tumor,Normal brain imaging without signs of disease or injury.,Scan indicates healthy brain tissue without anomalies.,6824b063a2ce20b01c68ca5ecaeb2a323a1900b9c1b2ccb565d66a346799f2ad,7e25fbcb67e8af5fc497d97503caafe2a3e9ff4e32c13893fb25961224dff270,0,1
STRATIFIED_DERANGEMENT_V1_20260719,medclipseg_brisc,medclipseg_brisc:brisc2025_test_00607_no_ax_t1,medclipseg_brisc:brisc2025_test_00677_no_sa_t1,absent,no_tumor,No structural brain abnormalities identified in the imaging.,No visible abnormalities detected in the brain scan.,50d8aa419340aa8d82176d60402c1844b5efb8e91e9c1177c2603d51eb6f6cf9,3f988451855bb988c84d4ad61e7172481ca72fe490cddec42424c1807270f9e2,0,1
STRATIFIED_DERANGEMENT_V1_20260719,medclipseg_brisc,medclipseg_brisc:brisc2025_test_00608_no_ax_t1,medclipseg_brisc:brisc2025_test_00593_no_ax_t1,absent,no_tumor,Brain MRI shows clear ventricles and normal sulcal patterns.,Brain structures are well-defined and appear healthy.,3d0eff499740b503c35a2797125847b21b3d90120eff2b6628dbaf9ed56c0c86,aa9ccf33ec30df0c224e5db8690ab1cf6eca4ea8f4756168878b984f050c9841,0,1
STRATIFIED_DERANGEMENT_V1_20260719,medclipseg_brisc,medclipseg_brisc:brisc2025_test_00609_no_ax_t1,medclipseg_brisc:brisc2025_test_00667_no_sa_t1,absent,no_tumor,Normal brain anatomy with no detectable tumors.,Normal brain imaging without signs of disease or injury.,f894da8429f792269388c71edebce0f2dab1cf6bcf7183ca92f423ce6aeebf28,6824b063a2ce20b01c68ca5ecaeb2a323a1900b9c1b2ccb565d66a346799f2ad,0,1
STRATIFIED_DERANGEMENT_V1_20260719,medclipseg_brisc,medclipseg_brisc:brisc2025_test_00610_no_ax_t1,medclipseg_brisc:brisc2025_test_00670_no_sa_t1,absent,no_tumor,No disruptions or lesions detected in white or gray matter.,No evidence of masses or lesions in the brain scan.,2cd402b3c050f7d24f6f1c3ce1c6aec271ad286992413e5906ff41825bd31737,a35ef186a978d21cfe43dd650840480743e3c2a5a329776fbab789e673b8bd78,0,1
STRATIFIED_DERANGEMENT_V1_20260719,medclipseg_brisc,medclipseg_brisc:brisc2025_test_00611_no_ax_t1,medclipseg_brisc:brisc2025_test_00596_no_ax_t1,absent,no_tumor,No signs of pathological changes observed in the brain.,No visible abnormalities detected in the brain scan.,90bff8bf223d15d37a5c6f1a67ad9ada6b7ffea34a0dbb48b96b4503e6c3e66c,3f988451855bb988c84d4ad61e7172481ca72fe490cddec42424c1807270f9e2,0,1
STRATIFIED_DERANGEMENT_V1_20260719,medclipseg_brisc,medclipseg_brisc:brisc2025_test_00612_no_ax_t1,medclipseg_brisc:brisc2025_test_00682_no_sa_t1,absent,no_tumor,Scan indicates healthy brain tissue without anomalies.,The brain scan appears clear with no abnormal structures.,7e25fbcb67e8af5fc497d97503caafe2a3e9ff4e32c13893fb25961224dff270,1cc48fd8339f0dcdb08b3dd2a8fa896b714b3eb102470452d389579e359fb424,0,1
STRATIFIED_DERANGEMENT_V1_20260719,medclipseg_brisc,medclipseg_brisc:brisc2025_test_00613_no_co_t1,medclipseg_brisc:brisc2025_test_00644_no_co_t1,absent,no_tumor,No visible abnormalities detected in the brain scan.,Normal brain anatomy with no detectable tumors.,3f988451855bb988c84d4ad61e7172481ca72fe490cddec42424c1807270f9e2,f894da8429f792269388c71edebce0f2dab1cf6bcf7183ca92f423ce6aeebf28,0,1
STRATIFIED_DERANGEMENT_V1_20260719,medclipseg_brisc,medclipseg_brisc:brisc2025_test_00614_no_co_t1,medclipseg_brisc:brisc2025_test_00696_no_sa_t1,absent,no_tumor,Healthy brain tissue with no suspicious findings.,Imaging results are unremarkable for any tumor presence.,49addae504026cdf88f07e8715d3d4b9ee161811ead21e1e6995b63adbe6408d,8663a0de33a444014130b45efea10f65f8cebbfd5dbc44a0ebe17a26af07be48,0,1
STRATIFIED_DERANGEMENT_V1_20260719,medclipseg_brisc,medclipseg_brisc:brisc2025_test_00615_no_co_t1,medclipseg_brisc:brisc2025_test_00629_no_co_t1,absent,no_tumor,The brain shows normal symmetry with no suspicious areas.,The scan displays typical brain features without abnormalities.,32bac5fa86a96f5fc558a601965b18d0991663e7be86cf6ec618ab990dc41d3c,359272348a505169ad4c704b8306a9cb62a13ee46932827418c20e06ad2debd0,0,1
STRATIFIED_DERANGEMENT_V1_20260719,medclipseg_brisc,medclipseg_brisc:brisc2025_test_00616_no_co_t1,medclipseg_brisc:brisc2025_test_00625_no_co_t1,absent,no_tumor,Normal brain imaging without signs of disease or injury.,The MRI reveals intact brain anatomy with no pathology.,6824b063a2ce20b01c68ca5ecaeb2a323a1900b9c1b2ccb565d66a346799f2ad,c4bfba9dfaebb618822102ffdfeac3058c52d17dfb799c17ab83120718cdb44b,0,1
STRATIFIED_DERANGEMENT_V1_20260719,medclipseg_brisc,medclipseg_brisc:brisc2025_test_00617_no_co_t1,medclipseg_brisc:brisc2025_test_00627_no_co_t1,absent,no_tumor,No evidence of abnormal growth or lesions in brain tissue.,No focal abnormalities or lesions detected on MRI scans.,e38bd77212b814d076165dd3f42982fba39c3b13d83c446dcac06f4bbf436844,41a8f7029e2270d1ebf7ccbf81092d0d0a87c81919cee1623fc0af5644047332,0,1
STRATIFIED_DERANGEMENT_V1_20260719,medclipseg_brisc,medclipseg_brisc:brisc2025_test_00618_no_co_t1,medclipseg_brisc:brisc2025_test_00665_no_sa_t1,absent,no_tumor,The brain shows no evidence of tumors or abnormalities.,The brain tissue appears consistent and within normal limits.,7592627457980d57eaf4f11b29c44a7add1fc915593232af6387a3276a106dfd,f5e1c66a0cc61f6b0ca1e3c03d3bc0f81a8c723e4053b35c2428a0fb985d46d4,0,1
STRATIFIED_DERANGEMENT_V1_20260719,medclipseg_brisc,medclipseg_brisc:brisc2025_test_00619_no_co_t1,medclipseg_brisc:brisc2025_test_00581_no_ax_t1,absent,no_tumor,Scan indicates healthy brain tissue without anomalies.,The brain shows no evidence of tumors or abnormalities.,7e25fbcb67e8af5fc497d97503caafe2a3e9ff4e32c13893fb25961224dff270,7592627457980d57eaf4f11b29c44a7add1fc915593232af6387a3276a106dfd,0,1
STRATIFIED_DERANGEMENT_V1_20260719,medclipseg_brisc,medclipseg_brisc:brisc2025_test_00620_no_co_t1,medclipseg_brisc:brisc2025_test_00654_no_co_t1,absent,no_tumor,No visible abnormalities detected in the brain scan.,Normal brain anatomy with no detectable tumors.,3f988451855bb988c84d4ad61e7172481ca72fe490cddec42424c1807270f9e2,f894da8429f792269388c71edebce0f2dab1cf6bcf7183ca92f423ce6aeebf28,0,1
STRATIFIED_DERANGEMENT_V1_20260719,medclipseg_brisc,medclipseg_brisc:brisc2025_test_00621_no_co_t1,medclipseg_brisc:brisc2025_test_00680_no_sa_t1,absent,no_tumor,Imaging reveals normal brain structure without any lesions.,No detectable tumors or lesions found in this brain MRI.,d8fb74d51083833f38cc3df2e9a60b87bff557d08035a96e1d3c2d061acbdb39,d32a46a6c03e8cbe531f0cf089a96cd88affe22f895b2183d0d1413d69310371,0,1
STRATIFIED_DERANGEMENT_V1_20260719,medclipseg_brisc,medclipseg_brisc:brisc2025_test_00622_no_co_t1,medclipseg_brisc:brisc2025_test_00687_no_sa_t1,absent,no_tumor,No visible abnormalities detected in the brain scan.,Normal brain anatomy with no detectable tumors.,3f988451855bb988c84d4ad61e7172481ca72fe490cddec42424c1807270f9e2,f894da8429f792269388c71edebce0f2dab1cf6bcf7183ca92f423ce6aeebf28,0,1
STRATIFIED_DERANGEMENT_V1_20260719,medclipseg_brisc,medclipseg_brisc:brisc2025_test_00623_no_co_t1,medclipseg_brisc:brisc2025_test_00688_no_sa_t1,absent,no_tumor,The brain shows no evidence of tumors or abnormalities.,The brain tissue appears consistent and within normal limits.,7592627457980d57eaf4f11b29c44a7add1fc915593232af6387a3276a106dfd,f5e1c66a0cc61f6b0ca1e3c03d3bc0f81a8c723e4053b35c2428a0fb985d46d4,0,1
STRATIFIED_DERANGEMENT_V1_20260719,medclipseg_brisc,medclipseg_brisc:brisc2025_test_00624_no_co_t1,medclipseg_brisc:brisc2025_test_00595_no_ax_t1,absent,no_tumor,Brain MRI shows clear ventricles and normal sulcal patterns.,Brain structures are well-defined and appear healthy.,3d0eff499740b503c35a2797125847b21b3d90120eff2b6628dbaf9ed56c0c86,aa9ccf33ec30df0c224e5db8690ab1cf6eca4ea8f4756168878b984f050c9841,0,1
STRATIFIED_DERANGEMENT_V1_20260719,medclipseg_brisc,medclipseg_brisc:brisc2025_test_00625_no_co_t1,medclipseg_brisc:brisc2025_test_00601_no_ax_t1,absent,no_tumor,The MRI reveals intact brain anatomy with no pathology.,The brain shows no evidence of tumors or abnormalities.,c4bfba9dfaebb618822102ffdfeac3058c52d17dfb799c17ab83120718cdb44b,7592627457980d57eaf4f11b29c44a7add1fc915593232af6387a3276a106dfd,0,1
STRATIFIED_DERANGEMENT_V1_20260719,medclipseg_brisc,medclipseg_brisc:brisc2025_test_00626_no_co_t1,medclipseg_brisc:brisc2025_test_00597_no_ax_t1,absent,no_tumor,No visible abnormalities detected in the brain scan.,Normal brain imaging without signs of disease or injury.,3f988451855bb988c84d4ad61e7172481ca72fe490cddec42424c1807270f9e2,6824b063a2ce20b01c68ca5ecaeb2a323a1900b9c1b2ccb565d66a346799f2ad,0,1
STRATIFIED_DERANGEMENT_V1_20260719,medclipseg_brisc,medclipseg_brisc:brisc2025_test_00627_no_co_t1,medclipseg_brisc:brisc2025_test_00678_no_sa_t1,absent,no_tumor,No focal abnormalities or lesions detected on MRI scans.,No pathological features or irregularities detected.,41a8f7029e2270d1ebf7ccbf81092d0d0a87c81919cee1623fc0af5644047332,010d90afe74e8a4303cc0081e47b47d13d68f1a49708aeebdb27c9d595b1f72e,0,1
STRATIFIED_DERANGEMENT_V1_20260719,medclipseg_brisc,medclipseg_brisc:brisc2025_test_00628_no_co_t1,medclipseg_brisc:brisc2025_test_00693_no_sa_t1,absent,no_tumor,The scan displays typical brain features without abnormalities.,Brain MRI shows clear ventricles and normal sulcal patterns.,359272348a505169ad4c704b8306a9cb62a13ee46932827418c20e06ad2debd0,3d0eff499740b503c35a2797125847b21b3d90120eff2b6628dbaf9ed56c0c86,0,1
STRATIFIED_DERANGEMENT_V1_20260719,medclipseg_brisc,medclipseg_brisc:brisc2025_test_00629_no_co_t1,medclipseg_brisc:brisc2025_test_00563_no_ax_t1,absent,no_tumor,The scan displays typical brain features without abnormalities.,Brain MRI shows no abnormal findings or lesions.,359272348a505169ad4c704b8306a9cb62a13ee46932827418c20e06ad2debd0,31d35a51f7fe03cc3275a081b2606fa7762d04e626b70ceff0379f3ab3c994d6,0,1
STRATIFIED_DERANGEMENT_V1_20260719,medclipseg_brisc,medclipseg_brisc:brisc2025_test_00630_no_co_t1,medclipseg_brisc:brisc2025_test_00568_no_ax_t1,absent,no_tumor,No structural brain abnormalities identified in the imaging.,Normal brain anatomy with no detectable tumors.,50d8aa419340aa8d82176d60402c1844b5efb8e91e9c1177c2603d51eb6f6cf9,f894da8429f792269388c71edebce0f2dab1cf6bcf7183ca92f423ce6aeebf28,0,1
STRATIFIED_DERANGEMENT_V1_20260719,medclipseg_brisc,medclipseg_brisc:brisc2025_test_00631_no_co_t1,medclipseg_brisc:brisc2025_test_00638_no_co_t1,absent,no_tumor,Brain MRI shows no abnormal findings or lesions.,Brain tissue shows normal morphology and signal intensity.,31d35a51f7fe03cc3275a081b2606fa7762d04e626b70ceff0379f3ab3c994d6,76b876ff34e012dc47bc6875e2afb15e92afca042bf21bf745234de252899b63,0,1
STRATIFIED_DERANGEMENT_V1_20260719,medclipseg_brisc,medclipseg_brisc:brisc2025_test_00632_no_co_t1,medclipseg_brisc:brisc2025_test_00633_no_co_t1,absent,no_tumor,No abnormal signals or mass effects observed in the scan.,No disruptions or lesions detected in white or gray matter.,c131dbf2955199f307927e93e9da6a12f711ca34700a8beec6e490dec1eabab5,2cd402b3c050f7d24f6f1c3ce1c6aec271ad286992413e5906ff41825bd31737,0,1
STRATIFIED_DERANGEMENT_V1_20260719,medclipseg_brisc,medclipseg_brisc:brisc2025_test_00633_no_co_t1,medclipseg_brisc:brisc2025_test_00692_no_sa_t1,absent,no_tumor,No disruptions or lesions detected in white or gray matter.,No evidence of masses or lesions in the brain scan.,2cd402b3c050f7d24f6f1c3ce1c6aec271ad286992413e5906ff41825bd31737,a35ef186a978d21cfe43dd650840480743e3c2a5a329776fbab789e673b8bd78,0,1
STRATIFIED_DERANGEMENT_V1_20260719,medclipseg_brisc,medclipseg_brisc:brisc2025_test_00634_no_co_t1,medclipseg_brisc:brisc2025_test_00635_no_co_t1,absent,no_tumor,The brain appears normal with no signs of tumors.,The brain shows no evidence of tumors or abnormalities.,161d7a647014bcbbe2cd96fef9a053d20c59ee39fc40eaed5e349735f7a83005,7592627457980d57eaf4f11b29c44a7add1fc915593232af6387a3276a106dfd,0,1
STRATIFIED_DERANGEMENT_V1_20260719,medclipseg_brisc,medclipseg_brisc:brisc2025_test_00635_no_co_t1,medclipseg_brisc:brisc2025_test_00570_no_ax_t1,absent,no_tumor,The brain shows no evidence of tumors or abnormalities.,The scan displays typical brain features without abnormalities.,7592627457980d57eaf4f11b29c44a7add1fc915593232af6387a3276a106dfd,359272348a505169ad4c704b8306a9cb62a13ee46932827418c20e06ad2debd0,0,1
STRATIFIED_DERANGEMENT_V1_20260719,medclipseg_brisc,medclipseg_brisc:brisc2025_test_00636_no_co_t1,medclipseg_brisc:brisc2025_test_00640_no_co_t1,absent,no_tumor,No evidence of abnormal growth or lesions in brain tissue.,No focal abnormalities or lesions detected on MRI scans.,e38bd77212b814d076165dd3f42982fba39c3b13d83c446dcac06f4bbf436844,41a8f7029e2270d1ebf7ccbf81092d0d0a87c81919cee1623fc0af5644047332,0,1
STRATIFIED_DERANGEMENT_V1_20260719,medclipseg_brisc,medclipseg_brisc:brisc2025_test_00637_no_co_t1,medclipseg_brisc:brisc2025_test_00686_no_sa_t1,absent,no_tumor,Brain structures are well-defined and appear healthy.,Healthy brain tissue with no suspicious findings.,aa9ccf33ec30df0c224e5db8690ab1cf6eca4ea8f4756168878b984f050c9841,49addae504026cdf88f07e8715d3d4b9ee161811ead21e1e6995b63adbe6408d,0,1
STRATIFIED_DERANGEMENT_V1_20260719,medclipseg_brisc,medclipseg_brisc:brisc2025_test_00638_no_co_t1,medclipseg_brisc:brisc2025_test_00657_no_co_t1,absent,no_tumor,Brain tissue shows normal morphology and signal intensity.,Imaging results are unremarkable for any tumor presence.,76b876ff34e012dc47bc6875e2afb15e92afca042bf21bf745234de252899b63,8663a0de33a444014130b45efea10f65f8cebbfd5dbc44a0ebe17a26af07be48,0,1
STRATIFIED_DERANGEMENT_V1_20260719,medclipseg_brisc,medclipseg_brisc:brisc2025_test_00639_no_co_t1,medclipseg_brisc:brisc2025_test_00659_no_co_t1,absent,no_tumor,Brain tissue shows normal morphology and signal intensity.,Imaging results are unremarkable for any tumor presence.,76b876ff34e012dc47bc6875e2afb15e92afca042bf21bf745234de252899b63,8663a0de33a444014130b45efea10f65f8cebbfd5dbc44a0ebe17a26af07be48,0,1
STRATIFIED_DERANGEMENT_V1_20260719,medclipseg_brisc,medclipseg_brisc:brisc2025_test_00640_no_co_t1,medclipseg_brisc:brisc2025_test_00679_no_sa_t1,absent,no_tumor,No focal abnormalities or lesions detected on MRI scans.,No pathological features or irregularities detected.,41a8f7029e2270d1ebf7ccbf81092d0d0a87c81919cee1623fc0af5644047332,010d90afe74e8a4303cc0081e47b47d13d68f1a49708aeebdb27c9d595b1f72e,0,1
STRATIFIED_DERANGEMENT_V1_20260719,medclipseg_brisc,medclipseg_brisc:brisc2025_test_00641_no_co_t1,medclipseg_brisc:brisc2025_test_00578_no_ax_t1,absent,no_tumor,The scan displays typical brain features without abnormalities.,Brain MRI shows no abnormal findings or lesions.,359272348a505169ad4c704b8306a9cb62a13ee46932827418c20e06ad2debd0,31d35a51f7fe03cc3275a081b2606fa7762d04e626b70ceff0379f3ab3c994d6,0,1
STRATIFIED_DERANGEMENT_V1_20260719,medclipseg_brisc,medclipseg_brisc:brisc2025_test_00642_no_co_t1,medclipseg_brisc:brisc2025_test_00567_no_ax_t1,absent,no_tumor,Brain structures are well-defined and appear healthy.,Imaging results are unremarkable for any tumor presence.,aa9ccf33ec30df0c224e5db8690ab1cf6eca4ea8f4756168878b984f050c9841,8663a0de33a444014130b45efea10f65f8cebbfd5dbc44a0ebe17a26af07be48,0,1
STRATIFIED_DERANGEMENT_V1_20260719,medclipseg_brisc,medclipseg_brisc:brisc2025_test_00643_no_co_t1,medclipseg_brisc:brisc2025_test_00697_no_sa_t1,absent,no_tumor,No focal abnormalities or lesions detected on MRI scans.,No pathological features or irregularities detected.,41a8f7029e2270d1ebf7ccbf81092d0d0a87c81919cee1623fc0af5644047332,010d90afe74e8a4303cc0081e47b47d13d68f1a49708aeebdb27c9d595b1f72e,0,1
STRATIFIED_DERANGEMENT_V1_20260719,medclipseg_brisc,medclipseg_brisc:brisc2025_test_00644_no_co_t1,medclipseg_brisc:brisc2025_test_00700_no_sa_t1,absent,no_tumor,Normal brain anatomy with no detectable tumors.,Normal brain imaging without signs of disease or injury.,f894da8429f792269388c71edebce0f2dab1cf6bcf7183ca92f423ce6aeebf28,6824b063a2ce20b01c68ca5ecaeb2a323a1900b9c1b2ccb565d66a346799f2ad,0,1
STRATIFIED_DERANGEMENT_V1_20260719,medclipseg_brisc,medclipseg_brisc:brisc2025_test_00645_no_co_t1,medclipseg_brisc:brisc2025_test_00562_no_ax_t1,absent,no_tumor,No focal abnormalities or lesions detected on MRI scans.,"No signs of edema, hemorrhage, or abnormal enhancement found.",41a8f7029e2270d1ebf7ccbf81092d0d0a87c81919cee1623fc0af5644047332,3463cf7e541376c5a679a6970f736fbc04f66db8ee47956e4d194b28e2f69e55,0,1
STRATIFIED_DERANGEMENT_V1_20260719,medclipseg_brisc,medclipseg_brisc:brisc2025_test_00646_no_co_t1,medclipseg_brisc:brisc2025_test_00643_no_co_t1,absent,no_tumor,No evidence of abnormal growth or lesions in brain tissue.,No focal abnormalities or lesions detected on MRI scans.,e38bd77212b814d076165dd3f42982fba39c3b13d83c446dcac06f4bbf436844,41a8f7029e2270d1ebf7ccbf81092d0d0a87c81919cee1623fc0af5644047332,0,1
STRATIFIED_DERANGEMENT_V1_20260719,medclipseg_brisc,medclipseg_brisc:brisc2025_test_00647_no_co_t1,medclipseg_brisc:brisc2025_test_00668_no_sa_t1,absent,no_tumor,The brain tissue appears consistent and within normal limits.,The scan displays typical brain features without abnormalities.,f5e1c66a0cc61f6b0ca1e3c03d3bc0f81a8c723e4053b35c2428a0fb985d46d4,359272348a505169ad4c704b8306a9cb62a13ee46932827418c20e06ad2debd0,0,1
STRATIFIED_DERANGEMENT_V1_20260719,medclipseg_brisc,medclipseg_brisc:brisc2025_test_00648_no_co_t1,medclipseg_brisc:brisc2025_test_00588_no_ax_t1,absent,no_tumor,The brain shows no evidence of tumors or abnormalities.,The scan displays typical brain features without abnormalities.,7592627457980d57eaf4f11b29c44a7add1fc915593232af6387a3276a106dfd,359272348a505169ad4c704b8306a9cb62a13ee46932827418c20e06ad2debd0,0,1
STRATIFIED_DERANGEMENT_V1_20260719,medclipseg_brisc,medclipseg_brisc:brisc2025_test_00649_no_co_t1,medclipseg_brisc:brisc2025_test_00569_no_ax_t1,absent,no_tumor,Imaging reveals normal brain structure without any lesions.,No disruptions or lesions detected in white or gray matter.,d8fb74d51083833f38cc3df2e9a60b87bff557d08035a96e1d3c2d061acbdb39,2cd402b3c050f7d24f6f1c3ce1c6aec271ad286992413e5906ff41825bd31737,0,1
STRATIFIED_DERANGEMENT_V1_20260719,medclipseg_brisc,medclipseg_brisc:brisc2025_test_00650_no_co_t1,medclipseg_brisc:brisc2025_test_00618_no_co_t1,absent,no_tumor,The MRI reveals intact brain anatomy with no pathology.,The brain shows no evidence of tumors or abnormalities.,c4bfba9dfaebb618822102ffdfeac3058c52d17dfb799c17ab83120718cdb44b,7592627457980d57eaf4f11b29c44a7add1fc915593232af6387a3276a106dfd,0,1
STRATIFIED_DERANGEMENT_V1_20260719,medclipseg_brisc,medclipseg_brisc:brisc2025_test_00651_no_co_t1,medclipseg_brisc:brisc2025_test_00649_no_co_t1,absent,no_tumor,Imaging results are unremarkable for any tumor presence.,Imaging reveals normal brain structure without any lesions.,8663a0de33a444014130b45efea10f65f8cebbfd5dbc44a0ebe17a26af07be48,d8fb74d51083833f38cc3df2e9a60b87bff557d08035a96e1d3c2d061acbdb39,0,1
STRATIFIED_DERANGEMENT_V1_20260719,medclipseg_brisc,medclipseg_brisc:brisc2025_test_00652_no_co_t1,medclipseg_brisc:brisc2025_test_00664_no_sa_t1,absent,no_tumor,Imaging results are unremarkable for any tumor presence.,Imaging reveals normal brain structure without any lesions.,8663a0de33a444014130b45efea10f65f8cebbfd5dbc44a0ebe17a26af07be48,d8fb74d51083833f38cc3df2e9a60b87bff557d08035a96e1d3c2d061acbdb39,0,1
STRATIFIED_DERANGEMENT_V1_20260719,medclipseg_brisc,medclipseg_brisc:brisc2025_test_00653_no_co_t1,medclipseg_brisc:brisc2025_test_00613_no_co_t1,absent,no_tumor,No signs of pathological changes observed in the brain.,No visible abnormalities detected in the brain scan.,90bff8bf223d15d37a5c6f1a67ad9ada6b7ffea34a0dbb48b96b4503e6c3e66c,3f988451855bb988c84d4ad61e7172481ca72fe490cddec42424c1807270f9e2,0,1
STRATIFIED_DERANGEMENT_V1_20260719,medclipseg_brisc,medclipseg_brisc:brisc2025_test_00654_no_co_t1,medclipseg_brisc:brisc2025_test_00566_no_ax_t1,absent,no_tumor,Normal brain anatomy with no detectable tumors.,Scan indicates healthy brain tissue without anomalies.,f894da8429f792269388c71edebce0f2dab1cf6bcf7183ca92f423ce6aeebf28,7e25fbcb67e8af5fc497d97503caafe2a3e9ff4e32c13893fb25961224dff270,0,1
STRATIFIED_DERANGEMENT_V1_20260719,medclipseg_brisc,medclipseg_brisc:brisc2025_test_00655_no_co_t1,medclipseg_brisc:brisc2025_test_00694_no_sa_t1,absent,no_tumor,No indications of abnormal masses or growths in the scan.,"No signs of edema, hemorrhage, or abnormal enhancement found.",3ae2003ac0a682a5a923570318cf04d4be6d0d3dabd93bdd7f79ba32f2f76020,3463cf7e541376c5a679a6970f736fbc04f66db8ee47956e4d194b28e2f69e55,0,1
STRATIFIED_DERANGEMENT_V1_20260719,medclipseg_brisc,medclipseg_brisc:brisc2025_test_00656_no_co_t1,medclipseg_brisc:brisc2025_test_00623_no_co_t1,absent,no_tumor,The MRI reveals intact brain anatomy with no pathology.,The brain shows no evidence of tumors or abnormalities.,c4bfba9dfaebb618822102ffdfeac3058c52d17dfb799c17ab83120718cdb44b,7592627457980d57eaf4f11b29c44a7add1fc915593232af6387a3276a106dfd,0,1
STRATIFIED_DERANGEMENT_V1_20260719,medclipseg_brisc,medclipseg_brisc:brisc2025_test_00657_no_co_t1,medclipseg_brisc:brisc2025_test_00604_no_ax_t1,absent,no_tumor,Imaging results are unremarkable for any tumor presence.,No abnormal signals or mass effects observed in the scan.,8663a0de33a444014130b45efea10f65f8cebbfd5dbc44a0ebe17a26af07be48,c131dbf2955199f307927e93e9da6a12f711ca34700a8beec6e490dec1eabab5,0,1
STRATIFIED_DERANGEMENT_V1_20260719,medclipseg_brisc,medclipseg_brisc:brisc2025_test_00658_no_co_t1,medclipseg_brisc:brisc2025_test_00589_no_ax_t1,absent,no_tumor,Brain structures are well-defined and appear healthy.,Imaging results are unremarkable for any tumor presence.,aa9ccf33ec30df0c224e5db8690ab1cf6eca4ea8f4756168878b984f050c9841,8663a0de33a444014130b45efea10f65f8cebbfd5dbc44a0ebe17a26af07be48,0,1
STRATIFIED_DERANGEMENT_V1_20260719,medclipseg_brisc,medclipseg_brisc:brisc2025_test_00659_no_co_t1,medclipseg_brisc:brisc2025_test_00632_no_co_t1,absent,no_tumor,Imaging results are unremarkable for any tumor presence.,No abnormal signals or mass effects observed in the scan.,8663a0de33a444014130b45efea10f65f8cebbfd5dbc44a0ebe17a26af07be48,c131dbf2955199f307927e93e9da6a12f711ca34700a8beec6e490dec1eabab5,0,1
STRATIFIED_DERANGEMENT_V1_20260719,medclipseg_brisc,medclipseg_brisc:brisc2025_test_00661_no_sa_t1,medclipseg_brisc:brisc2025_test_00662_no_sa_t1,absent,no_tumor,No focal abnormalities or lesions detected on MRI scans.,"No signs of edema, hemorrhage, or abnormal enhancement found.",41a8f7029e2270d1ebf7ccbf81092d0d0a87c81919cee1623fc0af5644047332,3463cf7e541376c5a679a6970f736fbc04f66db8ee47956e4d194b28e2f69e55,0,1
STRATIFIED_DERANGEMENT_V1_20260719,medclipseg_brisc,medclipseg_brisc:brisc2025_test_00662_no_sa_t1,medclipseg_brisc:brisc2025_test_00607_no_ax_t1,absent,no_tumor,"No signs of edema, hemorrhage, or abnormal enhancement found.",No structural brain abnormalities identified in the imaging.,3463cf7e541376c5a679a6970f736fbc04f66db8ee47956e4d194b28e2f69e55,50d8aa419340aa8d82176d60402c1844b5efb8e91e9c1177c2603d51eb6f6cf9,0,1
STRATIFIED_DERANGEMENT_V1_20260719,medclipseg_brisc,medclipseg_brisc:brisc2025_test_00663_no_sa_t1,medclipseg_brisc:brisc2025_test_00603_no_ax_t1,absent,no_tumor,The brain shows no evidence of tumors or abnormalities.,The scan displays typical brain features without abnormalities.,7592627457980d57eaf4f11b29c44a7add1fc915593232af6387a3276a106dfd,359272348a505169ad4c704b8306a9cb62a13ee46932827418c20e06ad2debd0,0,1
STRATIFIED_DERANGEMENT_V1_20260719,medclipseg_brisc,medclipseg_brisc:brisc2025_test_00664_no_sa_t1,medclipseg_brisc:brisc2025_test_00573_no_ax_t1,absent,no_tumor,Imaging reveals normal brain structure without any lesions.,No disruptions or lesions detected in white or gray matter.,d8fb74d51083833f38cc3df2e9a60b87bff557d08035a96e1d3c2d061acbdb39,2cd402b3c050f7d24f6f1c3ce1c6aec271ad286992413e5906ff41825bd31737,0,1
STRATIFIED_DERANGEMENT_V1_20260719,medclipseg_brisc,medclipseg_brisc:brisc2025_test_00665_no_sa_t1,medclipseg_brisc:brisc2025_test_00675_no_sa_t1,absent,no_tumor,The brain tissue appears consistent and within normal limits.,The scan displays typical brain features without abnormalities.,f5e1c66a0cc61f6b0ca1e3c03d3bc0f81a8c723e4053b35c2428a0fb985d46d4,359272348a505169ad4c704b8306a9cb62a13ee46932827418c20e06ad2debd0,0,1
STRATIFIED_DERANGEMENT_V1_20260719,medclipseg_brisc,medclipseg_brisc:brisc2025_test_00666_no_sa_t1,medclipseg_brisc:brisc2025_test_00650_no_co_t1,absent,no_tumor,Normal brain imaging without signs of disease or injury.,The MRI reveals intact brain anatomy with no pathology.,6824b063a2ce20b01c68ca5ecaeb2a323a1900b9c1b2ccb565d66a346799f2ad,c4bfba9dfaebb618822102ffdfeac3058c52d17dfb799c17ab83120718cdb44b,0,1
STRATIFIED_DERANGEMENT_V1_20260719,medclipseg_brisc,medclipseg_brisc:brisc2025_test_00667_no_sa_t1,medclipseg_brisc:brisc2025_test_00656_no_co_t1,absent,no_tumor,Normal brain imaging without signs of disease or injury.,The MRI reveals intact brain anatomy with no pathology.,6824b063a2ce20b01c68ca5ecaeb2a323a1900b9c1b2ccb565d66a346799f2ad,c4bfba9dfaebb618822102ffdfeac3058c52d17dfb799c17ab83120718cdb44b,0,1
STRATIFIED_DERANGEMENT_V1_20260719,medclipseg_brisc,medclipseg_brisc:brisc2025_test_00668_no_sa_t1,medclipseg_brisc:brisc2025_test_00594_no_ax_t1,absent,no_tumor,The scan displays typical brain features without abnormalities.,Brain MRI shows no abnormal findings or lesions.,359272348a505169ad4c704b8306a9cb62a13ee46932827418c20e06ad2debd0,31d35a51f7fe03cc3275a081b2606fa7762d04e626b70ceff0379f3ab3c994d6,0,1
STRATIFIED_DERANGEMENT_V1_20260719,medclipseg_brisc,medclipseg_brisc:brisc2025_test_00669_no_sa_t1,medclipseg_brisc:brisc2025_test_00648_no_co_t1,absent,no_tumor,The brain appears normal with no signs of tumors.,The brain shows no evidence of tumors or abnormalities.,161d7a647014bcbbe2cd96fef9a053d20c59ee39fc40eaed5e349735f7a83005,7592627457980d57eaf4f11b29c44a7add1fc915593232af6387a3276a106dfd,0,1
STRATIFIED_DERANGEMENT_V1_20260719,medclipseg_brisc,medclipseg_brisc:brisc2025_test_00670_no_sa_t1,medclipseg_brisc:brisc2025_test_00661_no_sa_t1,absent,no_tumor,No evidence of masses or lesions in the brain scan.,No focal abnormalities or lesions detected on MRI scans.,a35ef186a978d21cfe43dd650840480743e3c2a5a329776fbab789e673b8bd78,41a8f7029e2270d1ebf7ccbf81092d0d0a87c81919cee1623fc0af5644047332,0,1
STRATIFIED_DERANGEMENT_V1_20260719,medclipseg_brisc,medclipseg_brisc:brisc2025_test_00671_no_sa_t1,medclipseg_brisc:brisc2025_test_00620_no_co_t1,absent,no_tumor,No signs of pathological changes observed in the brain.,No visible abnormalities detected in the brain scan.,90bff8bf223d15d37a5c6f1a67ad9ada6b7ffea34a0dbb48b96b4503e6c3e66c,3f988451855bb988c84d4ad61e7172481ca72fe490cddec42424c1807270f9e2,0,1
STRATIFIED_DERANGEMENT_V1_20260719,medclipseg_brisc,medclipseg_brisc:brisc2025_test_00672_no_sa_t1,medclipseg_brisc:brisc2025_test_00651_no_co_t1,absent,no_tumor,Brain structures are well-defined and appear healthy.,Imaging results are unremarkable for any tumor presence.,aa9ccf33ec30df0c224e5db8690ab1cf6eca4ea8f4756168878b984f050c9841,8663a0de33a444014130b45efea10f65f8cebbfd5dbc44a0ebe17a26af07be48,0,1
STRATIFIED_DERANGEMENT_V1_20260719,medclipseg_brisc,medclipseg_brisc:brisc2025_test_00673_no_sa_t1,medclipseg_brisc:brisc2025_test_00663_no_sa_t1,absent,no_tumor,The brain scan appears clear with no abnormal structures.,The brain shows no evidence of tumors or abnormalities.,1cc48fd8339f0dcdb08b3dd2a8fa896b714b3eb102470452d389579e359fb424,7592627457980d57eaf4f11b29c44a7add1fc915593232af6387a3276a106dfd,0,1
STRATIFIED_DERANGEMENT_V1_20260719,medclipseg_brisc,medclipseg_brisc:brisc2025_test_00674_no_sa_t1,medclipseg_brisc:brisc2025_test_00579_no_ax_t1,absent,no_tumor,No disruptions or lesions detected in white or gray matter.,No focal abnormalities or lesions detected on MRI scans.,2cd402b3c050f7d24f6f1c3ce1c6aec271ad286992413e5906ff41825bd31737,41a8f7029e2270d1ebf7ccbf81092d0d0a87c81919cee1623fc0af5644047332,0,1
STRATIFIED_DERANGEMENT_V1_20260719,medclipseg_brisc,medclipseg_brisc:brisc2025_test_00675_no_sa_t1,medclipseg_brisc:brisc2025_test_00598_no_ax_t1,absent,no_tumor,The scan displays typical brain features without abnormalities.,Brain MRI shows no abnormal findings or lesions.,359272348a505169ad4c704b8306a9cb62a13ee46932827418c20e06ad2debd0,31d35a51f7fe03cc3275a081b2606fa7762d04e626b70ceff0379f3ab3c994d6,0,1
STRATIFIED_DERANGEMENT_V1_20260719,medclipseg_brisc,medclipseg_brisc:brisc2025_test_00676_no_sa_t1,medclipseg_brisc:brisc2025_test_00691_no_sa_t1,absent,no_tumor,No focal abnormalities or lesions detected on MRI scans.,"No signs of edema, hemorrhage, or abnormal enhancement found.",41a8f7029e2270d1ebf7ccbf81092d0d0a87c81919cee1623fc0af5644047332,3463cf7e541376c5a679a6970f736fbc04f66db8ee47956e4d194b28e2f69e55,0,1
STRATIFIED_DERANGEMENT_V1_20260719,medclipseg_brisc,medclipseg_brisc:brisc2025_test_00677_no_sa_t1,medclipseg_brisc:brisc2025_test_00605_no_ax_t1,absent,no_tumor,No visible abnormalities detected in the brain scan.,Normal brain imaging without signs of disease or injury.,3f988451855bb988c84d4ad61e7172481ca72fe490cddec42424c1807270f9e2,6824b063a2ce20b01c68ca5ecaeb2a323a1900b9c1b2ccb565d66a346799f2ad,0,1
STRATIFIED_DERANGEMENT_V1_20260719,medclipseg_brisc,medclipseg_brisc:brisc2025_test_00678_no_sa_t1,medclipseg_brisc:brisc2025_test_00653_no_co_t1,absent,no_tumor,No pathological features or irregularities detected.,No signs of pathological changes observed in the brain.,010d90afe74e8a4303cc0081e47b47d13d68f1a49708aeebdb27c9d595b1f72e,90bff8bf223d15d37a5c6f1a67ad9ada6b7ffea34a0dbb48b96b4503e6c3e66c,0,1
STRATIFIED_DERANGEMENT_V1_20260719,medclipseg_brisc,medclipseg_brisc:brisc2025_test_00679_no_sa_t1,medclipseg_brisc:brisc2025_test_00671_no_sa_t1,absent,no_tumor,No pathological features or irregularities detected.,No signs of pathological changes observed in the brain.,010d90afe74e8a4303cc0081e47b47d13d68f1a49708aeebdb27c9d595b1f72e,90bff8bf223d15d37a5c6f1a67ad9ada6b7ffea34a0dbb48b96b4503e6c3e66c,0,1
STRATIFIED_DERANGEMENT_V1_20260719,medclipseg_brisc,medclipseg_brisc:brisc2025_test_00680_no_sa_t1,medclipseg_brisc:brisc2025_test_00636_no_co_t1,absent,no_tumor,No detectable tumors or lesions found in this brain MRI.,No evidence of abnormal growth or lesions in brain tissue.,d32a46a6c03e8cbe531f0cf089a96cd88affe22f895b2183d0d1413d69310371,e38bd77212b814d076165dd3f42982fba39c3b13d83c446dcac06f4bbf436844,0,1
STRATIFIED_DERANGEMENT_V1_20260719,medclipseg_brisc,medclipseg_brisc:brisc2025_test_00681_no_sa_t1,medclipseg_brisc:brisc2025_test_00591_no_ax_t1,absent,no_tumor,Scan indicates healthy brain tissue without anomalies.,The brain shows no evidence of tumors or abnormalities.,7e25fbcb67e8af5fc497d97503caafe2a3e9ff4e32c13893fb25961224dff270,7592627457980d57eaf4f11b29c44a7add1fc915593232af6387a3276a106dfd,0,1
STRATIFIED_DERANGEMENT_V1_20260719,medclipseg_brisc,medclipseg_brisc:brisc2025_test_00682_no_sa_t1,medclipseg_brisc:brisc2025_test_00695_no_sa_t1,absent,no_tumor,The brain scan appears clear with no abnormal structures.,The brain shows no evidence of tumors or abnormalities.,1cc48fd8339f0dcdb08b3dd2a8fa896b714b3eb102470452d389579e359fb424,7592627457980d57eaf4f11b29c44a7add1fc915593232af6387a3276a106dfd,0,1
STRATIFIED_DERANGEMENT_V1_20260719,medclipseg_brisc,medclipseg_brisc:brisc2025_test_00683_no_sa_t1,medclipseg_brisc:brisc2025_test_00689_no_sa_t1,absent,no_tumor,Imaging results are unremarkable for any tumor presence.,No abnormal signals or mass effects observed in the scan.,8663a0de33a444014130b45efea10f65f8cebbfd5dbc44a0ebe17a26af07be48,c131dbf2955199f307927e93e9da6a12f711ca34700a8beec6e490dec1eabab5,0,1
STRATIFIED_DERANGEMENT_V1_20260719,medclipseg_brisc,medclipseg_brisc:brisc2025_test_00684_no_sa_t1,medclipseg_brisc:brisc2025_test_00586_no_ax_t1,absent,no_tumor,No disruptions or lesions detected in white or gray matter.,No focal abnormalities or lesions detected on MRI scans.,2cd402b3c050f7d24f6f1c3ce1c6aec271ad286992413e5906ff41825bd31737,41a8f7029e2270d1ebf7ccbf81092d0d0a87c81919cee1623fc0af5644047332,0,1
STRATIFIED_DERANGEMENT_V1_20260719,medclipseg_brisc,medclipseg_brisc:brisc2025_test_00685_no_sa_t1,medclipseg_brisc:brisc2025_test_00631_no_co_t1,absent,no_tumor,The scan displays typical brain features without abnormalities.,Brain MRI shows no abnormal findings or lesions.,359272348a505169ad4c704b8306a9cb62a13ee46932827418c20e06ad2debd0,31d35a51f7fe03cc3275a081b2606fa7762d04e626b70ceff0379f3ab3c994d6,0,1
STRATIFIED_DERANGEMENT_V1_20260719,medclipseg_brisc,medclipseg_brisc:brisc2025_test_00686_no_sa_t1,medclipseg_brisc:brisc2025_test_00572_no_ax_t1,absent,no_tumor,Healthy brain tissue with no suspicious findings.,Imaging reveals normal brain structure without any lesions.,49addae504026cdf88f07e8715d3d4b9ee161811ead21e1e6995b63adbe6408d,d8fb74d51083833f38cc3df2e9a60b87bff557d08035a96e1d3c2d061acbdb39,0,1
STRATIFIED_DERANGEMENT_V1_20260719,medclipseg_brisc,medclipseg_brisc:brisc2025_test_00687_no_sa_t1,medclipseg_brisc:brisc2025_test_00585_no_ax_t1,absent,no_tumor,Normal brain anatomy with no detectable tumors.,Scan indicates healthy brain tissue without anomalies.,f894da8429f792269388c71edebce0f2dab1cf6bcf7183ca92f423ce6aeebf28,7e25fbcb67e8af5fc497d97503caafe2a3e9ff4e32c13893fb25961224dff270,0,1
STRATIFIED_DERANGEMENT_V1_20260719,medclipseg_brisc,medclipseg_brisc:brisc2025_test_00688_no_sa_t1,medclipseg_brisc:brisc2025_test_00685_no_sa_t1,absent,no_tumor,The brain tissue appears consistent and within normal limits.,The scan displays typical brain features without abnormalities.,f5e1c66a0cc61f6b0ca1e3c03d3bc0f81a8c723e4053b35c2428a0fb985d46d4,359272348a505169ad4c704b8306a9cb62a13ee46932827418c20e06ad2debd0,0,1
STRATIFIED_DERANGEMENT_V1_20260719,medclipseg_brisc,medclipseg_brisc:brisc2025_test_00689_no_sa_t1,medclipseg_brisc:brisc2025_test_00674_no_sa_t1,absent,no_tumor,No abnormal signals or mass effects observed in the scan.,No disruptions or lesions detected in white or gray matter.,c131dbf2955199f307927e93e9da6a12f711ca34700a8beec6e490dec1eabab5,2cd402b3c050f7d24f6f1c3ce1c6aec271ad286992413e5906ff41825bd31737,0,1
STRATIFIED_DERANGEMENT_V1_20260719,medclipseg_brisc,medclipseg_brisc:brisc2025_test_00690_no_sa_t1,medclipseg_brisc:brisc2025_test_00684_no_sa_t1,absent,no_tumor,No abnormal signals or mass effects observed in the scan.,No disruptions or lesions detected in white or gray matter.,c131dbf2955199f307927e93e9da6a12f711ca34700a8beec6e490dec1eabab5,2cd402b3c050f7d24f6f1c3ce1c6aec271ad286992413e5906ff41825bd31737,0,1
STRATIFIED_DERANGEMENT_V1_20260719,medclipseg_brisc,medclipseg_brisc:brisc2025_test_00691_no_sa_t1,medclipseg_brisc:brisc2025_test_00630_no_co_t1,absent,no_tumor,"No signs of edema, hemorrhage, or abnormal enhancement found.",No structural brain abnormalities identified in the imaging.,3463cf7e541376c5a679a6970f736fbc04f66db8ee47956e4d194b28e2f69e55,50d8aa419340aa8d82176d60402c1844b5efb8e91e9c1177c2603d51eb6f6cf9,0,1
STRATIFIED_DERANGEMENT_V1_20260719,medclipseg_brisc,medclipseg_brisc:brisc2025_test_00692_no_sa_t1,medclipseg_brisc:brisc2025_test_00676_no_sa_t1,absent,no_tumor,No evidence of masses or lesions in the brain scan.,No focal abnormalities or lesions detected on MRI scans.,a35ef186a978d21cfe43dd650840480743e3c2a5a329776fbab789e673b8bd78,41a8f7029e2270d1ebf7ccbf81092d0d0a87c81919cee1623fc0af5644047332,0,1
STRATIFIED_DERANGEMENT_V1_20260719,medclipseg_brisc,medclipseg_brisc:brisc2025_test_00693_no_sa_t1,medclipseg_brisc:brisc2025_test_00637_no_co_t1,absent,no_tumor,Brain MRI shows clear ventricles and normal sulcal patterns.,Brain structures are well-defined and appear healthy.,3d0eff499740b503c35a2797125847b21b3d90120eff2b6628dbaf9ed56c0c86,aa9ccf33ec30df0c224e5db8690ab1cf6eca4ea8f4756168878b984f050c9841,0,1
STRATIFIED_DERANGEMENT_V1_20260719,medclipseg_brisc,medclipseg_brisc:brisc2025_test_00694_no_sa_t1,medclipseg_brisc:brisc2025_test_00576_no_ax_t1,absent,no_tumor,"No signs of edema, hemorrhage, or abnormal enhancement found.",No visible abnormalities detected in the brain scan.,3463cf7e541376c5a679a6970f736fbc04f66db8ee47956e4d194b28e2f69e55,3f988451855bb988c84d4ad61e7172481ca72fe490cddec42424c1807270f9e2,0,1
STRATIFIED_DERANGEMENT_V1_20260719,medclipseg_brisc,medclipseg_brisc:brisc2025_test_00695_no_sa_t1,medclipseg_brisc:brisc2025_test_00628_no_co_t1,absent,no_tumor,The brain shows no evidence of tumors or abnormalities.,The scan displays typical brain features without abnormalities.,7592627457980d57eaf4f11b29c44a7add1fc915593232af6387a3276a106dfd,359272348a505169ad4c704b8306a9cb62a13ee46932827418c20e06ad2debd0,0,1
STRATIFIED_DERANGEMENT_V1_20260719,medclipseg_brisc,medclipseg_brisc:brisc2025_test_00696_no_sa_t1,medclipseg_brisc:brisc2025_test_00690_no_sa_t1,absent,no_tumor,Imaging results are unremarkable for any tumor presence.,No abnormal signals or mass effects observed in the scan.,8663a0de33a444014130b45efea10f65f8cebbfd5dbc44a0ebe17a26af07be48,c131dbf2955199f307927e93e9da6a12f711ca34700a8beec6e490dec1eabab5,0,1
STRATIFIED_DERANGEMENT_V1_20260719,medclipseg_brisc,medclipseg_brisc:brisc2025_test_00697_no_sa_t1,medclipseg_brisc:brisc2025_test_00698_no_sa_t1,absent,no_tumor,No pathological features or irregularities detected.,No signs of pathological changes observed in the brain.,010d90afe74e8a4303cc0081e47b47d13d68f1a49708aeebdb27c9d595b1f72e,90bff8bf223d15d37a5c6f1a67ad9ada6b7ffea34a0dbb48b96b4503e6c3e66c,0,1
STRATIFIED_DERANGEMENT_V1_20260719,medclipseg_brisc,medclipseg_brisc:brisc2025_test_00698_no_sa_t1,medclipseg_brisc:brisc2025_test_00622_no_co_t1,absent,no_tumor,No signs of pathological changes observed in the brain.,No visible abnormalities detected in the brain scan.,90bff8bf223d15d37a5c6f1a67ad9ada6b7ffea34a0dbb48b96b4503e6c3e66c,3f988451855bb988c84d4ad61e7172481ca72fe490cddec42424c1807270f9e2,0,1
STRATIFIED_DERANGEMENT_V1_20260719,medclipseg_brisc,medclipseg_brisc:brisc2025_test_00699_no_sa_t1,medclipseg_brisc:brisc2025_test_00599_no_ax_t1,absent,no_tumor,No disruptions or lesions detected in white or gray matter.,No focal abnormalities or lesions detected on MRI scans.,2cd402b3c050f7d24f6f1c3ce1c6aec271ad286992413e5906ff41825bd31737,41a8f7029e2270d1ebf7ccbf81092d0d0a87c81919cee1623fc0af5644047332,0,1
STRATIFIED_DERANGEMENT_V1_20260719,medclipseg_brisc,medclipseg_brisc:brisc2025_test_00700_no_sa_t1,medclipseg_brisc:brisc2025_test_00634_no_co_t1,absent,no_tumor,Normal brain imaging without signs of disease or injury.,The brain appears normal with no signs of tumors.,6824b063a2ce20b01c68ca5ecaeb2a323a1900b9c1b2ccb565d66a346799f2ad,161d7a647014bcbbe2cd96fef9a053d20c59ee39fc40eaed5e349735f7a83005,0,1
STRATIFIED_DERANGEMENT_V1_20260719,medclipseg_brisc,medclipseg_brisc:brisc2025_test_00701_pi_ax_t1,medclipseg_brisc:brisc2025_test_00949_pi_sa_t1,present,pituitary,Imaging demonstrates a pituitary tumor occupying the center region.,Imaging identifies a pituitary tumor in the center quadrant.,dd17b898414b8eac0eb8591ff91c635a716bfdfeb650874a0a28b6451248541c,7f658901b51958c12f12c30f8096652ffb4b4972300e5de6512ae9aaed83b518,0,1
STRATIFIED_DERANGEMENT_V1_20260719,medclipseg_brisc,medclipseg_brisc:brisc2025_test_00702_pi_ax_t1,medclipseg_brisc:brisc2025_test_00914_pi_co_t1,present,pituitary,A focal pituitary mass is identified in the center region.,A pituitary tumor can be seen in the center portion of the brain.,dfb0eac2d3a9fddccdc5e169761599eaf51ade18ee6329e5e6eb2d4781f3e86d,be8042ede32a392e37d271aeff6695d421f1e6504849d81bb3f90ad964eeff64,0,1
STRATIFIED_DERANGEMENT_V1_20260719,medclipseg_brisc,medclipseg_brisc:brisc2025_test_00703_pi_ax_t1,medclipseg_brisc:brisc2025_test_00889_pi_co_t1,present,pituitary,MRI findings reveal a pituitary tumor in the center zone.,MRI reveals a pituitary tumor located in the center region.,f2162e38771b1e223de1cce1b6418e70b3d982d03d73edb42aa1dbc7a1c549f7,7861c9bd0303c7ee227d72146b7dc78d9a1447eb38476756d00b67857a5f5e41,0,1
STRATIFIED_DERANGEMENT_V1_20260719,medclipseg_brisc,medclipseg_brisc:brisc2025_test_00704_pi_ax_t1,medclipseg_brisc:brisc2025_test_00974_pi_sa_t1,present,pituitary,Imaging demonstrates a pituitary tumor occupying the center region.,Imaging identifies a pituitary tumor in the center quadrant.,dd17b898414b8eac0eb8591ff91c635a716bfdfeb650874a0a28b6451248541c,7f658901b51958c12f12c30f8096652ffb4b4972300e5de6512ae9aaed83b518,0,1
STRATIFIED_DERANGEMENT_V1_20260719,medclipseg_brisc,medclipseg_brisc:brisc2025_test_00705_pi_ax_t1,medclipseg_brisc:brisc2025_test_00869_pi_co_t1,present,pituitary,MRI reveals a pituitary tumor located in the center region.,MRI shows a pituitary lesion occupying the center area.,7861c9bd0303c7ee227d72146b7dc78d9a1447eb38476756d00b67857a5f5e41,4113332ab51931403e581ff8b103346479489ef335a0b6a4335ec5164e5797b0,0,1
STRATIFIED_DERANGEMENT_V1_20260719,medclipseg_brisc,medclipseg_brisc:brisc2025_test_00706_pi_ax_t1,medclipseg_brisc:brisc2025_test_00945_pi_sa_t1,present,pituitary,There is a pituitary lesion affecting the center area of the brain.,There is evidence of a pituitary lesion in the center part of the brain.,2d14d69b9b7d48bceac9a0b8327d63be604970667bba6dc2cf182dd869910989,3e01ba5d4f6c3500b5cb930c73e73cb852947d86768ff938b1b5f187ebed6931,0,1
STRATIFIED_DERANGEMENT_V1_20260719,medclipseg_brisc,medclipseg_brisc:brisc2025_test_00707_pi_ax_t1,medclipseg_brisc:brisc2025_test_00976_pi_sa_t1,present,pituitary,Imaging reveals a pituitary abnormality located in the center.,MRI findings reveal a pituitary tumor in the center zone.,ff6d29fd6b0090bffe9cd4fefeec17754a04e3524946483e4426b7aeb977df17,f2162e38771b1e223de1cce1b6418e70b3d982d03d73edb42aa1dbc7a1c549f7,0,1
STRATIFIED_DERANGEMENT_V1_20260719,medclipseg_brisc,medclipseg_brisc:brisc2025_test_00708_pi_ax_t1,medclipseg_brisc:brisc2025_test_00952_pi_sa_t1,present,pituitary,The center brain region contains a detected pituitary tumor.,The center part of the brain exhibits a pituitary abnormality.,6c82f537d9b0375491754383ad528bdbea07c07cfa44736d717cd9f03c43fce0,451e1a3d8ebd42c65b8856e89640c0b0af22d6c90db2f8f55d4bf4bee6236520,0,1
STRATIFIED_DERANGEMENT_V1_20260719,medclipseg_brisc,medclipseg_brisc:brisc2025_test_00709_pi_ax_t1,medclipseg_brisc:brisc2025_test_00913_pi_co_t1,present,pituitary,Detected a pituitary neoplasm in the center region of the brain.,Detected abnormal growth of pituitary tumor in the center part.,c43c5824952fa9e3f749a6cacb82fa54d67549dddc1f1d1467f53e735c985b07,872081f9cdc84f2c5f2bbcc26adc6310948b6b03331dc63cea77af44857c0b8d,0,1
STRATIFIED_DERANGEMENT_V1_20260719,medclipseg_brisc,medclipseg_brisc:brisc2025_test_00710_pi_ax_t1,medclipseg_brisc:brisc2025_test_00757_pi_ax_t1,present,pituitary,An abnormal pituitary mass is found in the center section.,Detected a pituitary neoplasm in the center region of the brain.,0f012455a26a2082cb5d94ef5f63b3179a27ac8f74ad829d0c6fc0f64fa58116,c43c5824952fa9e3f749a6cacb82fa54d67549dddc1f1d1467f53e735c985b07,0,1
STRATIFIED_DERANGEMENT_V1_20260719,medclipseg_brisc,medclipseg_brisc:brisc2025_test_00711_pi_ax_t1,medclipseg_brisc:brisc2025_test_00905_pi_co_t1,present,pituitary,MRI reveals a pituitary tumor located in the center region.,MRI shows a pituitary lesion occupying the center area.,7861c9bd0303c7ee227d72146b7dc78d9a1447eb38476756d00b67857a5f5e41,4113332ab51931403e581ff8b103346479489ef335a0b6a4335ec5164e5797b0,0,1
STRATIFIED_DERANGEMENT_V1_20260719,medclipseg_brisc,medclipseg_brisc:brisc2025_test_00712_pi_ax_t1,medclipseg_brisc:brisc2025_test_00959_pi_sa_t1,present,pituitary,The center brain region contains a detected pituitary tumor.,The center part of the brain exhibits a pituitary abnormality.,6c82f537d9b0375491754383ad528bdbea07c07cfa44736d717cd9f03c43fce0,451e1a3d8ebd42c65b8856e89640c0b0af22d6c90db2f8f55d4bf4bee6236520,0,1
STRATIFIED_DERANGEMENT_V1_20260719,medclipseg_brisc,medclipseg_brisc:brisc2025_test_00713_pi_ax_t1,medclipseg_brisc:brisc2025_test_00931_pi_sa_t1,present,pituitary,The center section of the brain contains a pituitary lesion.,The scan shows a pituitary tumor positioned in the center.,b5aecae68c062d25a6589b40421884e34c9d7567d7d38447a87d27b02da6b2a6,22e25b89bb9b4da1267749f8189f06ce57fc17e46ef716cff0aa232f4ba64456,0,1
STRATIFIED_DERANGEMENT_V1_20260719,medclipseg_brisc,medclipseg_brisc:brisc2025_test_00714_pi_ax_t1,medclipseg_brisc:brisc2025_test_00802_pi_ax_t1,present,pituitary,A pituitary tumor is present in the center region of the brain.,A pituitary tumor is visible in the center region on the scan.,615f1bd96a0ce798bf1a57e5c084343fa9159297ea1bdfaf08f046fb17cf99f8,aebe880454cafd8af96d7c008d227712462f70288968bf1a1a5c652fcf41cff1,0,1
STRATIFIED_DERANGEMENT_V1_20260719,medclipseg_brisc,medclipseg_brisc:brisc2025_test_00715_pi_ax_t1,medclipseg_brisc:brisc2025_test_00842_pi_co_t1,present,pituitary,A pituitary tumor is visible in the center region on the scan.,A pituitary tumor is visible in the lower region on the scan.,aebe880454cafd8af96d7c008d227712462f70288968bf1a1a5c652fcf41cff1,bf7569094e9299caae7092f71cddfb4829c45b09112bb732468d672080097736,0,1
STRATIFIED_DERANGEMENT_V1_20260719,medclipseg_brisc,medclipseg_brisc:brisc2025_test_00716_pi_ax_t1,medclipseg_brisc:brisc2025_test_00975_pi_sa_t1,present,pituitary,A focal pituitary mass is identified in the center region.,A pituitary tumor can be seen in the center portion of the brain.,dfb0eac2d3a9fddccdc5e169761599eaf51ade18ee6329e5e6eb2d4781f3e86d,be8042ede32a392e37d271aeff6695d421f1e6504849d81bb3f90ad964eeff64,0,1
STRATIFIED_DERANGEMENT_V1_20260719,medclipseg_brisc,medclipseg_brisc:brisc2025_test_00717_pi_ax_t1,medclipseg_brisc:brisc2025_test_00917_pi_sa_t1,present,pituitary,The scan shows a pituitary tumor positioned in the center.,There is a pituitary lesion affecting the center area of the brain.,22e25b89bb9b4da1267749f8189f06ce57fc17e46ef716cff0aa232f4ba64456,2d14d69b9b7d48bceac9a0b8327d63be604970667bba6dc2cf182dd869910989,0,1
STRATIFIED_DERANGEMENT_V1_20260719,medclipseg_brisc,medclipseg_brisc:brisc2025_test_00718_pi_ax_t1,medclipseg_brisc:brisc2025_test_00970_pi_sa_t1,present,pituitary,The center brain region contains a detected pituitary tumor.,The center part of the brain exhibits a pituitary abnormality.,6c82f537d9b0375491754383ad528bdbea07c07cfa44736d717cd9f03c43fce0,451e1a3d8ebd42c65b8856e89640c0b0af22d6c90db2f8f55d4bf4bee6236520,0,1
STRATIFIED_DERANGEMENT_V1_20260719,medclipseg_brisc,medclipseg_brisc:brisc2025_test_00719_pi_ax_t1,medclipseg_brisc:brisc2025_test_00705_pi_ax_t1,present,pituitary,Imaging reveals a pituitary abnormality located in the center.,MRI reveals a pituitary tumor located in the center region.,ff6d29fd6b0090bffe9cd4fefeec17754a04e3524946483e4426b7aeb977df17,7861c9bd0303c7ee227d72146b7dc78d9a1447eb38476756d00b67857a5f5e41,0,1
STRATIFIED_DERANGEMENT_V1_20260719,medclipseg_brisc,medclipseg_brisc:brisc2025_test_00720_pi_ax_t1,medclipseg_brisc:brisc2025_test_00980_pi_sa_t1,present,pituitary,A focal pituitary mass is identified in the center region.,A pituitary tumor can be seen in the center portion of the brain.,dfb0eac2d3a9fddccdc5e169761599eaf51ade18ee6329e5e6eb2d4781f3e86d,be8042ede32a392e37d271aeff6695d421f1e6504849d81bb3f90ad964eeff64,0,1
STRATIFIED_DERANGEMENT_V1_20260719,medclipseg_brisc,medclipseg_brisc:brisc2025_test_00721_pi_ax_t1,medclipseg_brisc:brisc2025_test_00878_pi_co_t1,present,pituitary,The center region shows signs of a pituitary tumor.,The center section of the brain contains a pituitary lesion.,4e52dd02dd3eeedef264b8d029f415985fde06cabccd612f3f43fbf0421dedfb,b5aecae68c062d25a6589b40421884e34c9d7567d7d38447a87d27b02da6b2a6,0,1
STRATIFIED_DERANGEMENT_V1_20260719,medclipseg_brisc,medclipseg_brisc:brisc2025_test_00722_pi_ax_t1,medclipseg_brisc:brisc2025_test_00891_pi_co_t1,present,pituitary,The center region shows signs of a pituitary tumor.,The center section of the brain contains a pituitary lesion.,4e52dd02dd3eeedef264b8d029f415985fde06cabccd612f3f43fbf0421dedfb,b5aecae68c062d25a6589b40421884e34c9d7567d7d38447a87d27b02da6b2a6,0,1
STRATIFIED_DERANGEMENT_V1_20260719,medclipseg_brisc,medclipseg_brisc:brisc2025_test_00723_pi_ax_t1,medclipseg_brisc:brisc2025_test_00763_pi_ax_t1,present,pituitary,A suspicious pituitary lesion is located in the center section.,Abnormal pituitary growth observed in the center part of the brain.,6b32e6ea780f862e33e54d622458085944744e0d844776450d86c5610e923d06,68e25811159be31db3bf65e282735ba93f2fd3de9fabc284c62c7b05f181c250,0,1
STRATIFIED_DERANGEMENT_V1_20260719,medclipseg_brisc,medclipseg_brisc:brisc2025_test_00724_pi_ax_t1,medclipseg_brisc:brisc2025_test_00844_pi_co_t1,present,pituitary,Abnormal pituitary growth observed in the center part of the brain.,An abnormal pituitary mass is found in the center section.,68e25811159be31db3bf65e282735ba93f2fd3de9fabc284c62c7b05f181c250,0f012455a26a2082cb5d94ef5f63b3179a27ac8f74ad829d0c6fc0f64fa58116,0,1
STRATIFIED_DERANGEMENT_V1_20260719,medclipseg_brisc,medclipseg_brisc:brisc2025_test_00725_pi_ax_t1,medclipseg_brisc:brisc2025_test_00890_pi_co_t1,present,pituitary,A pituitary tumor has been identified in the center area.,A pituitary tumor is present in the center region of the brain.,cec46edb9dc29a05a25c691336a10f25c88affa223186c43cb58aaf334899dfc,615f1bd96a0ce798bf1a57e5c084343fa9159297ea1bdfaf08f046fb17cf99f8,0,1
STRATIFIED_DERANGEMENT_V1_20260719,medclipseg_brisc,medclipseg_brisc:brisc2025_test_00726_pi_ax_t1,medclipseg_brisc:brisc2025_test_00839_pi_co_t1,present,pituitary,There is evidence of a pituitary lesion in the center part of the brain.,A focal pituitary mass is identified in the center region.,3e01ba5d4f6c3500b5cb930c73e73cb852947d86768ff938b1b5f187ebed6931,dfb0eac2d3a9fddccdc5e169761599eaf51ade18ee6329e5e6eb2d4781f3e86d,0,1
STRATIFIED_DERANGEMENT_V1_20260719,medclipseg_brisc,medclipseg_brisc:brisc2025_test_00727_pi_ax_t1,medclipseg_brisc:brisc2025_test_00804_pi_ax_t1,present,pituitary,A suspicious pituitary lesion is located in the center section.,Abnormal pituitary growth observed in the center part of the brain.,6b32e6ea780f862e33e54d622458085944744e0d844776450d86c5610e923d06,68e25811159be31db3bf65e282735ba93f2fd3de9fabc284c62c7b05f181c250,0,1
STRATIFIED_DERANGEMENT_V1_20260719,medclipseg_brisc,medclipseg_brisc:brisc2025_test_00728_pi_ax_t1,medclipseg_brisc:brisc2025_test_00723_pi_ax_t1,present,pituitary,A pituitary tumor is visible in the center region on the scan.,A suspicious pituitary lesion is located in the center section.,aebe880454cafd8af96d7c008d227712462f70288968bf1a1a5c652fcf41cff1,6b32e6ea780f862e33e54d622458085944744e0d844776450d86c5610e923d06,0,1
STRATIFIED_DERANGEMENT_V1_20260719,medclipseg_brisc,medclipseg_brisc:brisc2025_test_00729_pi_ax_t1,medclipseg_brisc:brisc2025_test_00991_pi_sa_t1,present,pituitary,The center brain region contains a detected pituitary tumor.,The center part of the brain exhibits a pituitary abnormality.,6c82f537d9b0375491754383ad528bdbea07c07cfa44736d717cd9f03c43fce0,451e1a3d8ebd42c65b8856e89640c0b0af22d6c90db2f8f55d4bf4bee6236520,0,1
STRATIFIED_DERANGEMENT_V1_20260719,medclipseg_brisc,medclipseg_brisc:brisc2025_test_00730_pi_ax_t1,medclipseg_brisc:brisc2025_test_00859_pi_co_t1,present,pituitary,Presence of a pituitary mass detected in the center area.,The MRI shows a pituitary mass located within the center region.,9a7e2ed179a889505add5f4605b436ff3fe08b7f9b7730d120098a62e20c8ef1,0ebbfb56e2e410f7d010e7a3ebb8a2534bbc7a668642fe570e389dcb95dd02e5,0,1
STRATIFIED_DERANGEMENT_V1_20260719,medclipseg_brisc,medclipseg_brisc:brisc2025_test_00731_pi_ax_t1,medclipseg_brisc:brisc2025_test_00966_pi_sa_t1,present,pituitary,MRI shows a pituitary lesion occupying the center area.,Presence of a pituitary growth observed in the center brain area.,4113332ab51931403e581ff8b103346479489ef335a0b6a4335ec5164e5797b0,bf541fc32d6b9096c2bdc0e73db5e77431757db8670d312d4062ac68569da304,0,1
STRATIFIED_DERANGEMENT_V1_20260719,medclipseg_brisc,medclipseg_brisc:brisc2025_test_00732_pi_ax_t1,medclipseg_brisc:brisc2025_test_00864_pi_co_t1,present,pituitary,Findings indicate a pituitary tumor situated in the center area.,Imaging demonstrates a pituitary tumor occupying the center region.,f3dbe5519e378a07d81b13e73af3f4b2c8cba43e0a61c477b63ecb6d5870c299,dd17b898414b8eac0eb8591ff91c635a716bfdfeb650874a0a28b6451248541c,0,1
STRATIFIED_DERANGEMENT_V1_20260719,medclipseg_brisc,medclipseg_brisc:brisc2025_test_00733_pi_ax_t1,medclipseg_brisc:brisc2025_test_00938_pi_sa_t1,present,pituitary,The scan shows a pituitary tumor positioned in the center.,There is a pituitary lesion affecting the center area of the brain.,22e25b89bb9b4da1267749f8189f06ce57fc17e46ef716cff0aa232f4ba64456,2d14d69b9b7d48bceac9a0b8327d63be604970667bba6dc2cf182dd869910989,0,1
STRATIFIED_DERANGEMENT_V1_20260719,medclipseg_brisc,medclipseg_brisc:brisc2025_test_00734_pi_ax_t1,medclipseg_brisc:brisc2025_test_00831_pi_co_t1,present,pituitary,Detected pituitary lesion located at the center area.,Findings indicate a pituitary tumor situated in the center area.,fd2ddde9eaecd78450364ebc06767d7700417741c24e82ff30b42b0a036960df,f3dbe5519e378a07d81b13e73af3f4b2c8cba43e0a61c477b63ecb6d5870c299,0,1
STRATIFIED_DERANGEMENT_V1_20260719,medclipseg_brisc,medclipseg_brisc:brisc2025_test_00735_pi_ax_t1,medclipseg_brisc:brisc2025_test_00725_pi_ax_t1,present,pituitary,A pituitary tumor can be seen in the center portion of the brain.,A pituitary tumor has been identified in the center area.,be8042ede32a392e37d271aeff6695d421f1e6504849d81bb3f90ad964eeff64,cec46edb9dc29a05a25c691336a10f25c88affa223186c43cb58aaf334899dfc,0,1
STRATIFIED_DERANGEMENT_V1_20260719,medclipseg_brisc,medclipseg_brisc:brisc2025_test_00736_pi_ax_t1,medclipseg_brisc:brisc2025_test_00947_pi_sa_t1,present,pituitary,Abnormal pituitary growth observed in the center part of the brain.,An abnormal pituitary mass is found in the center section.,68e25811159be31db3bf65e282735ba93f2fd3de9fabc284c62c7b05f181c250,0f012455a26a2082cb5d94ef5f63b3179a27ac8f74ad829d0c6fc0f64fa58116,0,1
STRATIFIED_DERANGEMENT_V1_20260719,medclipseg_brisc,medclipseg_brisc:brisc2025_test_00738_pi_ax_t1,medclipseg_brisc:brisc2025_test_00870_pi_co_t1,present,pituitary,A suspicious pituitary lesion is located in the center section.,Abnormal pituitary growth observed in the center part of the brain.,6b32e6ea780f862e33e54d622458085944744e0d844776450d86c5610e923d06,68e25811159be31db3bf65e282735ba93f2fd3de9fabc284c62c7b05f181c250,0,1
STRATIFIED_DERANGEMENT_V1_20260719,medclipseg_brisc,medclipseg_brisc:brisc2025_test_00739_pi_ax_t1,medclipseg_brisc:brisc2025_test_00703_pi_ax_t1,present,pituitary,Imaging identifies a pituitary tumor in the center quadrant.,MRI findings reveal a pituitary tumor in the center zone.,7f658901b51958c12f12c30f8096652ffb4b4972300e5de6512ae9aaed83b518,f2162e38771b1e223de1cce1b6418e70b3d982d03d73edb42aa1dbc7a1c549f7,0,1
STRATIFIED_DERANGEMENT_V1_20260719,medclipseg_brisc,medclipseg_brisc:brisc2025_test_00740_pi_ax_t1,medclipseg_brisc:brisc2025_test_00884_pi_co_t1,present,pituitary,A suspicious pituitary lesion is located in the center section.,Abnormal pituitary growth observed in the center part of the brain.,6b32e6ea780f862e33e54d622458085944744e0d844776450d86c5610e923d06,68e25811159be31db3bf65e282735ba93f2fd3de9fabc284c62c7b05f181c250,0,1
STRATIFIED_DERANGEMENT_V1_20260719,medclipseg_brisc,medclipseg_brisc:brisc2025_test_00741_pi_ax_t1,medclipseg_brisc:brisc2025_test_00967_pi_sa_t1,present,pituitary,The scan shows a pituitary tumor positioned in the center.,There is a pituitary lesion affecting the center area of the brain.,22e25b89bb9b4da1267749f8189f06ce57fc17e46ef716cff0aa232f4ba64456,2d14d69b9b7d48bceac9a0b8327d63be604970667bba6dc2cf182dd869910989,0,1
STRATIFIED_DERANGEMENT_V1_20260719,medclipseg_brisc,medclipseg_brisc:brisc2025_test_00742_pi_ax_t1,medclipseg_brisc:brisc2025_test_00939_pi_sa_t1,present,pituitary,The center section of the brain contains a pituitary lesion.,The scan shows a pituitary tumor positioned in the center.,b5aecae68c062d25a6589b40421884e34c9d7567d7d38447a87d27b02da6b2a6,22e25b89bb9b4da1267749f8189f06ce57fc17e46ef716cff0aa232f4ba64456,0,1
STRATIFIED_DERANGEMENT_V1_20260719,medclipseg_brisc,medclipseg_brisc:brisc2025_test_00743_pi_ax_t1,medclipseg_brisc:brisc2025_test_00899_pi_co_t1,present,pituitary,There is evidence of a pituitary lesion in the center part of the brain.,A focal pituitary mass is identified in the center region.,3e01ba5d4f6c3500b5cb930c73e73cb852947d86768ff938b1b5f187ebed6931,dfb0eac2d3a9fddccdc5e169761599eaf51ade18ee6329e5e6eb2d4781f3e86d,0,1
STRATIFIED_DERANGEMENT_V1_20260719,medclipseg_brisc,medclipseg_brisc:brisc2025_test_00744_pi_ax_t1,medclipseg_brisc:brisc2025_test_00901_pi_co_t1,present,pituitary,Presence of a pituitary growth observed in the center brain area.,Presence of a pituitary mass detected in the center area.,bf541fc32d6b9096c2bdc0e73db5e77431757db8670d312d4062ac68569da304,9a7e2ed179a889505add5f4605b436ff3fe08b7f9b7730d120098a62e20c8ef1,0,1
STRATIFIED_DERANGEMENT_V1_20260719,medclipseg_brisc,medclipseg_brisc:brisc2025_test_00745_pi_ax_t1,medclipseg_brisc:brisc2025_test_00977_pi_sa_t1,present,pituitary,Imaging demonstrates a pituitary tumor occupying the center region.,Imaging identifies a pituitary tumor in the center quadrant.,dd17b898414b8eac0eb8591ff91c635a716bfdfeb650874a0a28b6451248541c,7f658901b51958c12f12c30f8096652ffb4b4972300e5de6512ae9aaed83b518,0,1
STRATIFIED_DERANGEMENT_V1_20260719,medclipseg_brisc,medclipseg_brisc:brisc2025_test_00746_pi_ax_t1,medclipseg_brisc:brisc2025_test_00727_pi_ax_t1,present,pituitary,A pituitary tumor is visible in the center region on the scan.,A suspicious pituitary lesion is located in the center section.,aebe880454cafd8af96d7c008d227712462f70288968bf1a1a5c652fcf41cff1,6b32e6ea780f862e33e54d622458085944744e0d844776450d86c5610e923d06,0,1
STRATIFIED_DERANGEMENT_V1_20260719,medclipseg_brisc,medclipseg_brisc:brisc2025_test_00747_pi_ax_t1,medclipseg_brisc:brisc2025_test_00711_pi_ax_t1,present,pituitary,Imaging reveals a pituitary abnormality located in the center.,MRI reveals a pituitary tumor located in the center region.,ff6d29fd6b0090bffe9cd4fefeec17754a04e3524946483e4426b7aeb977df17,7861c9bd0303c7ee227d72146b7dc78d9a1447eb38476756d00b67857a5f5e41,0,1
STRATIFIED_DERANGEMENT_V1_20260719,medclipseg_brisc,medclipseg_brisc:brisc2025_test_00748_pi_ax_t1,medclipseg_brisc:brisc2025_test_00937_pi_sa_t1,present,pituitary,MRI reveals a pituitary tumor located in the center region.,MRI shows a pituitary lesion occupying the center area.,7861c9bd0303c7ee227d72146b7dc78d9a1447eb38476756d00b67857a5f5e41,4113332ab51931403e581ff8b103346479489ef335a0b6a4335ec5164e5797b0,0,1
STRATIFIED_DERANGEMENT_V1_20260719,medclipseg_brisc,medclipseg_brisc:brisc2025_test_00749_pi_ax_t1,medclipseg_brisc:brisc2025_test_00982_pi_sa_t1,present,pituitary,A focal pituitary mass is identified in the center region.,A pituitary tumor can be seen in the center portion of the brain.,dfb0eac2d3a9fddccdc5e169761599eaf51ade18ee6329e5e6eb2d4781f3e86d,be8042ede32a392e37d271aeff6695d421f1e6504849d81bb3f90ad964eeff64,0,1
STRATIFIED_DERANGEMENT_V1_20260719,medclipseg_brisc,medclipseg_brisc:brisc2025_test_00750_pi_ax_t1,medclipseg_brisc:brisc2025_test_00954_pi_sa_t1,present,pituitary,Abnormal pituitary growth observed in the center part of the brain.,An abnormal pituitary mass is found in the center section.,68e25811159be31db3bf65e282735ba93f2fd3de9fabc284c62c7b05f181c250,0f012455a26a2082cb5d94ef5f63b3179a27ac8f74ad829d0c6fc0f64fa58116,0,1
STRATIFIED_DERANGEMENT_V1_20260719,medclipseg_brisc,medclipseg_brisc:brisc2025_test_00752_pi_ax_t1,medclipseg_brisc:brisc2025_test_00887_pi_co_t1,present,pituitary,A suspicious pituitary lesion is located in the center section.,Abnormal pituitary growth observed in the center part of the brain.,6b32e6ea780f862e33e54d622458085944744e0d844776450d86c5610e923d06,68e25811159be31db3bf65e282735ba93f2fd3de9fabc284c62c7b05f181c250,0,1
STRATIFIED_DERANGEMENT_V1_20260719,medclipseg_brisc,medclipseg_brisc:brisc2025_test_00753_pi_ax_t1,medclipseg_brisc:brisc2025_test_00909_pi_co_t1,present,pituitary,MRI findings reveal a pituitary tumor in the center zone.,MRI reveals a pituitary tumor located in the center region.,f2162e38771b1e223de1cce1b6418e70b3d982d03d73edb42aa1dbc7a1c549f7,7861c9bd0303c7ee227d72146b7dc78d9a1447eb38476756d00b67857a5f5e41,0,1
STRATIFIED_DERANGEMENT_V1_20260719,medclipseg_brisc,medclipseg_brisc:brisc2025_test_00754_pi_ax_t1,medclipseg_brisc:brisc2025_test_00707_pi_ax_t1,present,pituitary,Imaging demonstrates a pituitary tumor occupying the center region.,Imaging reveals a pituitary abnormality located in the center.,dd17b898414b8eac0eb8591ff91c635a716bfdfeb650874a0a28b6451248541c,ff6d29fd6b0090bffe9cd4fefeec17754a04e3524946483e4426b7aeb977df17,0,1
STRATIFIED_DERANGEMENT_V1_20260719,medclipseg_brisc,medclipseg_brisc:brisc2025_test_00755_pi_ax_t1,medclipseg_brisc:brisc2025_test_00983_pi_sa_t1,present,pituitary,A focal pituitary mass is identified in the center region.,A pituitary tumor can be seen in the center portion of the brain.,dfb0eac2d3a9fddccdc5e169761599eaf51ade18ee6329e5e6eb2d4781f3e86d,be8042ede32a392e37d271aeff6695d421f1e6504849d81bb3f90ad964eeff64,0,1
STRATIFIED_DERANGEMENT_V1_20260719,medclipseg_brisc,medclipseg_brisc:brisc2025_test_00756_pi_ax_t1,medclipseg_brisc:brisc2025_test_00748_pi_ax_t1,present,pituitary,Imaging reveals a pituitary abnormality located in the center.,MRI reveals a pituitary tumor located in the center region.,ff6d29fd6b0090bffe9cd4fefeec17754a04e3524946483e4426b7aeb977df17,7861c9bd0303c7ee227d72146b7dc78d9a1447eb38476756d00b67857a5f5e41,0,1
STRATIFIED_DERANGEMENT_V1_20260719,medclipseg_brisc,medclipseg_brisc:brisc2025_test_00757_pi_ax_t1,medclipseg_brisc:brisc2025_test_00915_pi_sa_t1,present,pituitary,Detected a pituitary neoplasm in the center region of the brain.,Detected abnormal growth of pituitary tumor in the center part.,c43c5824952fa9e3f749a6cacb82fa54d67549dddc1f1d1467f53e735c985b07,872081f9cdc84f2c5f2bbcc26adc6310948b6b03331dc63cea77af44857c0b8d,0,1
STRATIFIED_DERANGEMENT_V1_20260719,medclipseg_brisc,medclipseg_brisc:brisc2025_test_00758_pi_ax_t1,medclipseg_brisc:brisc2025_test_00738_pi_ax_t1,present,pituitary,A pituitary tumor is visible in the center region on the scan.,A suspicious pituitary lesion is located in the center section.,aebe880454cafd8af96d7c008d227712462f70288968bf1a1a5c652fcf41cff1,6b32e6ea780f862e33e54d622458085944744e0d844776450d86c5610e923d06,0,1
STRATIFIED_DERANGEMENT_V1_20260719,medclipseg_brisc,medclipseg_brisc:brisc2025_test_00759_pi_ax_t1,medclipseg_brisc:brisc2025_test_00721_pi_ax_t1,present,pituitary,The center brain region contains a detected pituitary tumor.,The center region shows signs of a pituitary tumor.,6c82f537d9b0375491754383ad528bdbea07c07cfa44736d717cd9f03c43fce0,4e52dd02dd3eeedef264b8d029f415985fde06cabccd612f3f43fbf0421dedfb,0,1
STRATIFIED_DERANGEMENT_V1_20260719,medclipseg_brisc,medclipseg_brisc:brisc2025_test_00760_pi_ax_t1,medclipseg_brisc:brisc2025_test_00773_pi_ax_t1,present,pituitary,The MRI shows a pituitary mass located within the center region.,The center brain region contains a detected pituitary tumor.,0ebbfb56e2e410f7d010e7a3ebb8a2534bbc7a668642fe570e389dcb95dd02e5,6c82f537d9b0375491754383ad528bdbea07c07cfa44736d717cd9f03c43fce0,0,1
STRATIFIED_DERANGEMENT_V1_20260719,medclipseg_brisc,medclipseg_brisc:brisc2025_test_00761_pi_ax_t1,medclipseg_brisc:brisc2025_test_00918_pi_sa_t1,present,pituitary,Detected a pituitary neoplasm in the center region of the brain.,Detected abnormal growth of pituitary tumor in the center part.,c43c5824952fa9e3f749a6cacb82fa54d67549dddc1f1d1467f53e735c985b07,872081f9cdc84f2c5f2bbcc26adc6310948b6b03331dc63cea77af44857c0b8d,0,1
STRATIFIED_DERANGEMENT_V1_20260719,medclipseg_brisc,medclipseg_brisc:brisc2025_test_00762_pi_ax_t1,medclipseg_brisc:brisc2025_test_00734_pi_ax_t1,present,pituitary,Detected a pituitary neoplasm in the center region of the brain.,Detected pituitary lesion located at the center area.,c43c5824952fa9e3f749a6cacb82fa54d67549dddc1f1d1467f53e735c985b07,fd2ddde9eaecd78450364ebc06767d7700417741c24e82ff30b42b0a036960df,0,1
STRATIFIED_DERANGEMENT_V1_20260719,medclipseg_brisc,medclipseg_brisc:brisc2025_test_00763_pi_ax_t1,medclipseg_brisc:brisc2025_test_00778_pi_ax_t1,present,pituitary,Abnormal pituitary growth observed in the center part of the brain.,An area of pituitary tumor is identified in the center part of the brain.,68e25811159be31db3bf65e282735ba93f2fd3de9fabc284c62c7b05f181c250,55469b9093e1705e42d0835e5b7b113e60af7b53844f7bf77966e4f989c104e9,0,1
STRATIFIED_DERANGEMENT_V1_20260719,medclipseg_brisc,medclipseg_brisc:brisc2025_test_00764_pi_ax_t1,medclipseg_brisc:brisc2025_test_00850_pi_co_t1,present,pituitary,Detected abnormal growth of pituitary tumor in the center part.,Detected pituitary lesion located at the lower area.,872081f9cdc84f2c5f2bbcc26adc6310948b6b03331dc63cea77af44857c0b8d,3bea0084df3a661ed68d68ec753cc96a57f0de725f200904253af741833046bd,0,1
STRATIFIED_DERANGEMENT_V1_20260719,medclipseg_brisc,medclipseg_brisc:brisc2025_test_00765_pi_ax_t1,medclipseg_brisc:brisc2025_test_00973_pi_sa_t1,present,pituitary,There is a pituitary lesion affecting the center area of the brain.,There is evidence of a pituitary lesion in the center part of the brain.,2d14d69b9b7d48bceac9a0b8327d63be604970667bba6dc2cf182dd869910989,3e01ba5d4f6c3500b5cb930c73e73cb852947d86768ff938b1b5f187ebed6931,0,1
STRATIFIED_DERANGEMENT_V1_20260719,medclipseg_brisc,medclipseg_brisc:brisc2025_test_00766_pi_ax_t1,medclipseg_brisc:brisc2025_test_00814_pi_ax_t1,present,pituitary,A pituitary tumor is present in the center region of the brain.,A pituitary tumor is visible in the center region on the scan.,615f1bd96a0ce798bf1a57e5c084343fa9159297ea1bdfaf08f046fb17cf99f8,aebe880454cafd8af96d7c008d227712462f70288968bf1a1a5c652fcf41cff1,0,1
STRATIFIED_DERANGEMENT_V1_20260719,medclipseg_brisc,medclipseg_brisc:brisc2025_test_00767_pi_ax_t1,medclipseg_brisc:brisc2025_test_00779_pi_ax_t1,present,pituitary,A pituitary tumor can be seen in the center portion of the brain.,A pituitary tumor has been identified in the center area.,be8042ede32a392e37d271aeff6695d421f1e6504849d81bb3f90ad964eeff64,cec46edb9dc29a05a25c691336a10f25c88affa223186c43cb58aaf334899dfc,0,1
STRATIFIED_DERANGEMENT_V1_20260719,medclipseg_brisc,medclipseg_brisc:brisc2025_test_00768_pi_ax_t1,medclipseg_brisc:brisc2025_test_00730_pi_ax_t1,present,pituitary,MRI shows a pituitary lesion occupying the center area.,Presence of a pituitary mass detected in the center area.,4113332ab51931403e581ff8b103346479489ef335a0b6a4335ec5164e5797b0,9a7e2ed179a889505add5f4605b436ff3fe08b7f9b7730d120098a62e20c8ef1,0,1
STRATIFIED_DERANGEMENT_V1_20260719,medclipseg_brisc,medclipseg_brisc:brisc2025_test_00769_pi_ax_t1,medclipseg_brisc:brisc2025_test_00740_pi_ax_t1,present,pituitary,A pituitary tumor is visible in the center region on the scan.,A suspicious pituitary lesion is located in the center section.,aebe880454cafd8af96d7c008d227712462f70288968bf1a1a5c652fcf41cff1,6b32e6ea780f862e33e54d622458085944744e0d844776450d86c5610e923d06,0,1
STRATIFIED_DERANGEMENT_V1_20260719,medclipseg_brisc,medclipseg_brisc:brisc2025_test_00770_pi_ax_t1,medclipseg_brisc:brisc2025_test_00933_pi_sa_t1,present,pituitary,A suspicious pituitary lesion is located in the center section.,Abnormal pituitary growth observed in the center part of the brain.,6b32e6ea780f862e33e54d622458085944744e0d844776450d86c5610e923d06,68e25811159be31db3bf65e282735ba93f2fd3de9fabc284c62c7b05f181c250,0,1
STRATIFIED_DERANGEMENT_V1_20260719,medclipseg_brisc,medclipseg_brisc:brisc2025_test_00771_pi_ax_t1,medclipseg_brisc:brisc2025_test_00908_pi_co_t1,present,pituitary,Presence of a pituitary mass detected in the center area.,The MRI shows a pituitary mass located within the center region.,9a7e2ed179a889505add5f4605b436ff3fe08b7f9b7730d120098a62e20c8ef1,0ebbfb56e2e410f7d010e7a3ebb8a2534bbc7a668642fe570e389dcb95dd02e5,0,1
STRATIFIED_DERANGEMENT_V1_20260719,medclipseg_brisc,medclipseg_brisc:brisc2025_test_00772_pi_ax_t1,medclipseg_brisc:brisc2025_test_00761_pi_ax_t1,present,pituitary,An abnormal pituitary mass is found in the center section.,Detected a pituitary neoplasm in the center region of the brain.,0f012455a26a2082cb5d94ef5f63b3179a27ac8f74ad829d0c6fc0f64fa58116,c43c5824952fa9e3f749a6cacb82fa54d67549dddc1f1d1467f53e735c985b07,0,1
STRATIFIED_DERANGEMENT_V1_20260719,medclipseg_brisc,medclipseg_brisc:brisc2025_test_00773_pi_ax_t1,medclipseg_brisc:brisc2025_test_00722_pi_ax_t1,present,pituitary,The center brain region contains a detected pituitary tumor.,The center region shows signs of a pituitary tumor.,6c82f537d9b0375491754383ad528bdbea07c07cfa44736d717cd9f03c43fce0,4e52dd02dd3eeedef264b8d029f415985fde06cabccd612f3f43fbf0421dedfb,0,1
STRATIFIED_DERANGEMENT_V1_20260719,medclipseg_brisc,medclipseg_brisc:brisc2025_test_00774_pi_ax_t1,medclipseg_brisc:brisc2025_test_00752_pi_ax_t1,present,pituitary,A pituitary tumor is visible in the center region on the scan.,A suspicious pituitary lesion is located in the center section.,aebe880454cafd8af96d7c008d227712462f70288968bf1a1a5c652fcf41cff1,6b32e6ea780f862e33e54d622458085944744e0d844776450d86c5610e923d06,0,1
STRATIFIED_DERANGEMENT_V1_20260719,medclipseg_brisc,medclipseg_brisc:brisc2025_test_00775_pi_ax_t1,medclipseg_brisc:brisc2025_test_00882_pi_co_t1,present,pituitary,Findings indicate a pituitary tumor situated in the center area.,Imaging demonstrates a pituitary tumor occupying the center region.,f3dbe5519e378a07d81b13e73af3f4b2c8cba43e0a61c477b63ecb6d5870c299,dd17b898414b8eac0eb8591ff91c635a716bfdfeb650874a0a28b6451248541c,0,1
STRATIFIED_DERANGEMENT_V1_20260719,medclipseg_brisc,medclipseg_brisc:brisc2025_test_00776_pi_ax_t1,medclipseg_brisc:brisc2025_test_00785_pi_ax_t1,present,pituitary,Presence of a pituitary mass detected in the center area.,The center area contains a confirmed pituitary tumor.,9a7e2ed179a889505add5f4605b436ff3fe08b7f9b7730d120098a62e20c8ef1,ffeb8f89dad5292bb3fd8e82979c352cf5ac8d845829db7ddeec43a9a342582a,0,1
STRATIFIED_DERANGEMENT_V1_20260719,medclipseg_brisc,medclipseg_brisc:brisc2025_test_00777_pi_ax_t1,medclipseg_brisc:brisc2025_test_00828_pi_co_t1,present,pituitary,The MRI shows a pituitary mass located within the center region.,The center brain region contains a detected pituitary tumor.,0ebbfb56e2e410f7d010e7a3ebb8a2534bbc7a668642fe570e389dcb95dd02e5,6c82f537d9b0375491754383ad528bdbea07c07cfa44736d717cd9f03c43fce0,0,1
STRATIFIED_DERANGEMENT_V1_20260719,medclipseg_brisc,medclipseg_brisc:brisc2025_test_00778_pi_ax_t1,medclipseg_brisc:brisc2025_test_00943_pi_sa_t1,present,pituitary,An area of pituitary tumor is identified in the center part of the brain.,Detected a pituitary neoplasm in the center region of the brain.,55469b9093e1705e42d0835e5b7b113e60af7b53844f7bf77966e4f989c104e9,c43c5824952fa9e3f749a6cacb82fa54d67549dddc1f1d1467f53e735c985b07,0,1
STRATIFIED_DERANGEMENT_V1_20260719,medclipseg_brisc,medclipseg_brisc:brisc2025_test_00779_pi_ax_t1,medclipseg_brisc:brisc2025_test_00924_pi_sa_t1,present,pituitary,A pituitary tumor has been identified in the center area.,A pituitary tumor is present in the center region of the brain.,cec46edb9dc29a05a25c691336a10f25c88affa223186c43cb58aaf334899dfc,615f1bd96a0ce798bf1a57e5c084343fa9159297ea1bdfaf08f046fb17cf99f8,0,1
STRATIFIED_DERANGEMENT_V1_20260719,medclipseg_brisc,medclipseg_brisc:brisc2025_test_00780_pi_ax_t1,medclipseg_brisc:brisc2025_test_00771_pi_ax_t1,present,pituitary,MRI shows a pituitary lesion occupying the center area.,Presence of a pituitary mass detected in the center area.,4113332ab51931403e581ff8b103346479489ef335a0b6a4335ec5164e5797b0,9a7e2ed179a889505add5f4605b436ff3fe08b7f9b7730d120098a62e20c8ef1,0,1
STRATIFIED_DERANGEMENT_V1_20260719,medclipseg_brisc,medclipseg_brisc:brisc2025_test_00781_pi_ax_t1,medclipseg_brisc:brisc2025_test_00925_pi_sa_t1,present,pituitary,There is evidence of a pituitary lesion in the center part of the brain.,A focal pituitary mass is identified in the center region.,3e01ba5d4f6c3500b5cb930c73e73cb852947d86768ff938b1b5f187ebed6931,dfb0eac2d3a9fddccdc5e169761599eaf51ade18ee6329e5e6eb2d4781f3e86d,0,1
STRATIFIED_DERANGEMENT_V1_20260719,medclipseg_brisc,medclipseg_brisc:brisc2025_test_00782_pi_ax_t1,medclipseg_brisc:brisc2025_test_00799_pi_ax_t1,present,pituitary,A pituitary tumor can be seen in the center portion of the brain.,A pituitary tumor has been identified in the center area.,be8042ede32a392e37d271aeff6695d421f1e6504849d81bb3f90ad964eeff64,cec46edb9dc29a05a25c691336a10f25c88affa223186c43cb58aaf334899dfc,0,1
STRATIFIED_DERANGEMENT_V1_20260719,medclipseg_brisc,medclipseg_brisc:brisc2025_test_00783_pi_ax_t1,medclipseg_brisc:brisc2025_test_00719_pi_ax_t1,present,pituitary,Imaging demonstrates a pituitary tumor occupying the center region.,Imaging reveals a pituitary abnormality located in the center.,dd17b898414b8eac0eb8591ff91c635a716bfdfeb650874a0a28b6451248541c,ff6d29fd6b0090bffe9cd4fefeec17754a04e3524946483e4426b7aeb977df17,0,1
STRATIFIED_DERANGEMENT_V1_20260719,medclipseg_brisc,medclipseg_brisc:brisc2025_test_00784_pi_ax_t1,medclipseg_brisc:brisc2025_test_00892_pi_co_t1,present,pituitary,Findings indicate a pituitary tumor situated in the center area.,Imaging demonstrates a pituitary tumor occupying the center region.,f3dbe5519e378a07d81b13e73af3f4b2c8cba43e0a61c477b63ecb6d5870c299,dd17b898414b8eac0eb8591ff91c635a716bfdfeb650874a0a28b6451248541c,0,1
STRATIFIED_DERANGEMENT_V1_20260719,medclipseg_brisc,medclipseg_brisc:brisc2025_test_00785_pi_ax_t1,medclipseg_brisc:brisc2025_test_00960_pi_sa_t1,present,pituitary,The center area contains a confirmed pituitary tumor.,The center brain region contains a detected pituitary tumor.,ffeb8f89dad5292bb3fd8e82979c352cf5ac8d845829db7ddeec43a9a342582a,6c82f537d9b0375491754383ad528bdbea07c07cfa44736d717cd9f03c43fce0,0,1
STRATIFIED_DERANGEMENT_V1_20260719,medclipseg_brisc,medclipseg_brisc:brisc2025_test_00786_pi_ax_t1,medclipseg_brisc:brisc2025_test_00876_pi_co_t1,present,pituitary,Detected pituitary lesion located at the center area.,Findings indicate a pituitary tumor situated in the center area.,fd2ddde9eaecd78450364ebc06767d7700417741c24e82ff30b42b0a036960df,f3dbe5519e378a07d81b13e73af3f4b2c8cba43e0a61c477b63ecb6d5870c299,0,1
STRATIFIED_DERANGEMENT_V1_20260719,medclipseg_brisc,medclipseg_brisc:brisc2025_test_00787_pi_ax_t1,medclipseg_brisc:brisc2025_test_00803_pi_ax_t1,present,pituitary,Presence of a pituitary mass detected in the center area.,The center area contains a confirmed pituitary tumor.,9a7e2ed179a889505add5f4605b436ff3fe08b7f9b7730d120098a62e20c8ef1,ffeb8f89dad5292bb3fd8e82979c352cf5ac8d845829db7ddeec43a9a342582a,0,1
STRATIFIED_DERANGEMENT_V1_20260719,medclipseg_brisc,medclipseg_brisc:brisc2025_test_00788_pi_ax_t1,medclipseg_brisc:brisc2025_test_00958_pi_sa_t1,present,pituitary,Detected pituitary lesion located at the center area.,Findings indicate a pituitary tumor situated in the center area.,fd2ddde9eaecd78450364ebc06767d7700417741c24e82ff30b42b0a036960df,f3dbe5519e378a07d81b13e73af3f4b2c8cba43e0a61c477b63ecb6d5870c299,0,1
STRATIFIED_DERANGEMENT_V1_20260719,medclipseg_brisc,medclipseg_brisc:brisc2025_test_00789_pi_ax_t1,medclipseg_brisc:brisc2025_test_00987_pi_sa_t1,present,pituitary,MRI findings reveal a pituitary tumor in the center zone.,MRI reveals a pituitary tumor located in the center region.,f2162e38771b1e223de1cce1b6418e70b3d982d03d73edb42aa1dbc7a1c549f7,7861c9bd0303c7ee227d72146b7dc78d9a1447eb38476756d00b67857a5f5e41,0,1
STRATIFIED_DERANGEMENT_V1_20260719,medclipseg_brisc,medclipseg_brisc:brisc2025_test_00790_pi_ax_t1,medclipseg_brisc:brisc2025_test_00999_pi_sa_t1,present,pituitary,Detected pituitary lesion located at the center area.,Findings indicate a pituitary tumor situated in the center area.,fd2ddde9eaecd78450364ebc06767d7700417741c24e82ff30b42b0a036960df,f3dbe5519e378a07d81b13e73af3f4b2c8cba43e0a61c477b63ecb6d5870c299,0,1
STRATIFIED_DERANGEMENT_V1_20260719,medclipseg_brisc,medclipseg_brisc:brisc2025_test_00791_pi_ax_t1,medclipseg_brisc:brisc2025_test_00984_pi_sa_t1,present,pituitary,A focal pituitary mass is identified in the center region.,A pituitary tumor can be seen in the center portion of the brain.,dfb0eac2d3a9fddccdc5e169761599eaf51ade18ee6329e5e6eb2d4781f3e86d,be8042ede32a392e37d271aeff6695d421f1e6504849d81bb3f90ad964eeff64,0,1
STRATIFIED_DERANGEMENT_V1_20260719,medclipseg_brisc,medclipseg_brisc:brisc2025_test_00792_pi_ax_t1,medclipseg_brisc:brisc2025_test_00961_pi_sa_t1,present,pituitary,MRI reveals a pituitary tumor located in the center region.,MRI shows a pituitary lesion occupying the center area.,7861c9bd0303c7ee227d72146b7dc78d9a1447eb38476756d00b67857a5f5e41,4113332ab51931403e581ff8b103346479489ef335a0b6a4335ec5164e5797b0,0,1
STRATIFIED_DERANGEMENT_V1_20260719,medclipseg_brisc,medclipseg_brisc:brisc2025_test_00793_pi_ax_t1,medclipseg_brisc:brisc2025_test_00951_pi_sa_t1,present,pituitary,Findings indicate a pituitary tumor situated in the center area.,Imaging demonstrates a pituitary tumor occupying the center region.,f3dbe5519e378a07d81b13e73af3f4b2c8cba43e0a61c477b63ecb6d5870c299,dd17b898414b8eac0eb8591ff91c635a716bfdfeb650874a0a28b6451248541c,0,1
STRATIFIED_DERANGEMENT_V1_20260719,medclipseg_brisc,medclipseg_brisc:brisc2025_test_00794_pi_ax_t1,medclipseg_brisc:brisc2025_test_00744_pi_ax_t1,present,pituitary,MRI reveals a pituitary tumor located in the center region.,Presence of a pituitary growth observed in the center brain area.,7861c9bd0303c7ee227d72146b7dc78d9a1447eb38476756d00b67857a5f5e41,bf541fc32d6b9096c2bdc0e73db5e77431757db8670d312d4062ac68569da304,0,1
STRATIFIED_DERANGEMENT_V1_20260719,medclipseg_brisc,medclipseg_brisc:brisc2025_test_00795_pi_ax_t1,medclipseg_brisc:brisc2025_test_00731_pi_ax_t1,present,pituitary,MRI findings reveal a pituitary tumor in the center zone.,MRI shows a pituitary lesion occupying the center area.,f2162e38771b1e223de1cce1b6418e70b3d982d03d73edb42aa1dbc7a1c549f7,4113332ab51931403e581ff8b103346479489ef335a0b6a4335ec5164e5797b0,0,1
STRATIFIED_DERANGEMENT_V1_20260719,medclipseg_brisc,medclipseg_brisc:brisc2025_test_00796_pi_ax_t1,medclipseg_brisc:brisc2025_test_00968_pi_sa_t1,present,pituitary,The center region shows signs of a pituitary tumor.,The center section of the brain contains a pituitary lesion.,4e52dd02dd3eeedef264b8d029f415985fde06cabccd612f3f43fbf0421dedfb,b5aecae68c062d25a6589b40421884e34c9d7567d7d38447a87d27b02da6b2a6,0,1
STRATIFIED_DERANGEMENT_V1_20260719,medclipseg_brisc,medclipseg_brisc:brisc2025_test_00797_pi_ax_t1,medclipseg_brisc:brisc2025_test_00762_pi_ax_t1,present,pituitary,An abnormal pituitary mass is found in the center section.,Detected a pituitary neoplasm in the center region of the brain.,0f012455a26a2082cb5d94ef5f63b3179a27ac8f74ad829d0c6fc0f64fa58116,c43c5824952fa9e3f749a6cacb82fa54d67549dddc1f1d1467f53e735c985b07,0,1
STRATIFIED_DERANGEMENT_V1_20260719,medclipseg_brisc,medclipseg_brisc:brisc2025_test_00798_pi_ax_t1,medclipseg_brisc:brisc2025_test_00838_pi_co_t1,present,pituitary,A pituitary tumor is present in the center region of the brain.,A pituitary tumor is visible in the center region on the scan.,615f1bd96a0ce798bf1a57e5c084343fa9159297ea1bdfaf08f046fb17cf99f8,aebe880454cafd8af96d7c008d227712462f70288968bf1a1a5c652fcf41cff1,0,1
STRATIFIED_DERANGEMENT_V1_20260719,medclipseg_brisc,medclipseg_brisc:brisc2025_test_00799_pi_ax_t1,medclipseg_brisc:brisc2025_test_00930_pi_sa_t1,present,pituitary,A pituitary tumor has been identified in the center area.,A pituitary tumor is present in the center region of the brain.,cec46edb9dc29a05a25c691336a10f25c88affa223186c43cb58aaf334899dfc,615f1bd96a0ce798bf1a57e5c084343fa9159297ea1bdfaf08f046fb17cf99f8,0,1
STRATIFIED_DERANGEMENT_V1_20260719,medclipseg_brisc,medclipseg_brisc:brisc2025_test_00800_pi_ax_t1,medclipseg_brisc:brisc2025_test_00770_pi_ax_t1,present,pituitary,A pituitary tumor is visible in the center region on the scan.,A suspicious pituitary lesion is located in the center section.,aebe880454cafd8af96d7c008d227712462f70288968bf1a1a5c652fcf41cff1,6b32e6ea780f862e33e54d622458085944744e0d844776450d86c5610e923d06,0,1
STRATIFIED_DERANGEMENT_V1_20260719,medclipseg_brisc,medclipseg_brisc:brisc2025_test_00801_pi_ax_t1,medclipseg_brisc:brisc2025_test_00972_pi_sa_t1,present,pituitary,The center region shows signs of a pituitary tumor.,The center section of the brain contains a pituitary lesion.,4e52dd02dd3eeedef264b8d029f415985fde06cabccd612f3f43fbf0421dedfb,b5aecae68c062d25a6589b40421884e34c9d7567d7d38447a87d27b02da6b2a6,0,1
STRATIFIED_DERANGEMENT_V1_20260719,medclipseg_brisc,medclipseg_brisc:brisc2025_test_00802_pi_ax_t1,medclipseg_brisc:brisc2025_test_00820_pi_ax_t1,present,pituitary,A pituitary tumor is visible in the center region on the scan.,A suspicious pituitary lesion is located in the center section.,aebe880454cafd8af96d7c008d227712462f70288968bf1a1a5c652fcf41cff1,6b32e6ea780f862e33e54d622458085944744e0d844776450d86c5610e923d06,0,1
STRATIFIED_DERANGEMENT_V1_20260719,medclipseg_brisc,medclipseg_brisc:brisc2025_test_00803_pi_ax_t1,medclipseg_brisc:brisc2025_test_00979_pi_sa_t1,present,pituitary,The center area contains a confirmed pituitary tumor.,The center brain region contains a detected pituitary tumor.,ffeb8f89dad5292bb3fd8e82979c352cf5ac8d845829db7ddeec43a9a342582a,6c82f537d9b0375491754383ad528bdbea07c07cfa44736d717cd9f03c43fce0,0,1
STRATIFIED_DERANGEMENT_V1_20260719,medclipseg_brisc,medclipseg_brisc:brisc2025_test_00804_pi_ax_t1,medclipseg_brisc:brisc2025_test_00822_pi_ax_t1,present,pituitary,Abnormal pituitary growth observed in the center part of the brain.,An area of pituitary tumor is identified in the center part of the brain.,68e25811159be31db3bf65e282735ba93f2fd3de9fabc284c62c7b05f181c250,55469b9093e1705e42d0835e5b7b113e60af7b53844f7bf77966e4f989c104e9,0,1
STRATIFIED_DERANGEMENT_V1_20260719,medclipseg_brisc,medclipseg_brisc:brisc2025_test_00805_pi_ax_t1,medclipseg_brisc:brisc2025_test_00910_pi_co_t1,present,pituitary,Presence of a pituitary growth observed in the center brain area.,Presence of a pituitary mass detected in the center area.,bf541fc32d6b9096c2bdc0e73db5e77431757db8670d312d4062ac68569da304,9a7e2ed179a889505add5f4605b436ff3fe08b7f9b7730d120098a62e20c8ef1,0,1
STRATIFIED_DERANGEMENT_V1_20260719,medclipseg_brisc,medclipseg_brisc:brisc2025_test_00806_pi_ax_t1,medclipseg_brisc:brisc2025_test_00786_pi_ax_t1,present,pituitary,Detected a pituitary neoplasm in the center region of the brain.,Detected pituitary lesion located at the center area.,c43c5824952fa9e3f749a6cacb82fa54d67549dddc1f1d1467f53e735c985b07,fd2ddde9eaecd78450364ebc06767d7700417741c24e82ff30b42b0a036960df,0,1
STRATIFIED_DERANGEMENT_V1_20260719,medclipseg_brisc,medclipseg_brisc:brisc2025_test_00807_pi_ax_t1,medclipseg_brisc:brisc2025_test_00806_pi_ax_t1,present,pituitary,An abnormal pituitary mass is found in the center section.,Detected a pituitary neoplasm in the center region of the brain.,0f012455a26a2082cb5d94ef5f63b3179a27ac8f74ad829d0c6fc0f64fa58116,c43c5824952fa9e3f749a6cacb82fa54d67549dddc1f1d1467f53e735c985b07,0,1
STRATIFIED_DERANGEMENT_V1_20260719,medclipseg_brisc,medclipseg_brisc:brisc2025_test_00808_pi_ax_t1,medclipseg_brisc:brisc2025_test_00715_pi_ax_t1,present,pituitary,A pituitary tumor has been identified in the center area.,A pituitary tumor is visible in the center region on the scan.,cec46edb9dc29a05a25c691336a10f25c88affa223186c43cb58aaf334899dfc,aebe880454cafd8af96d7c008d227712462f70288968bf1a1a5c652fcf41cff1,0,1
STRATIFIED_DERANGEMENT_V1_20260719,medclipseg_brisc,medclipseg_brisc:brisc2025_test_00809_pi_ax_t1,medclipseg_brisc:brisc2025_test_00768_pi_ax_t1,present,pituitary,MRI findings reveal a pituitary tumor in the center zone.,MRI shows a pituitary lesion occupying the center area.,f2162e38771b1e223de1cce1b6418e70b3d982d03d73edb42aa1dbc7a1c549f7,4113332ab51931403e581ff8b103346479489ef335a0b6a4335ec5164e5797b0,0,1
STRATIFIED_DERANGEMENT_V1_20260719,medclipseg_brisc,medclipseg_brisc:brisc2025_test_00810_pi_ax_t1,medclipseg_brisc:brisc2025_test_00776_pi_ax_t1,present,pituitary,MRI shows a pituitary lesion occupying the center area.,Presence of a pituitary mass detected in the center area.,4113332ab51931403e581ff8b103346479489ef335a0b6a4335ec5164e5797b0,9a7e2ed179a889505add5f4605b436ff3fe08b7f9b7730d120098a62e20c8ef1,0,1
STRATIFIED_DERANGEMENT_V1_20260719,medclipseg_brisc,medclipseg_brisc:brisc2025_test_00811_pi_ax_t1,medclipseg_brisc:brisc2025_test_00929_pi_sa_t1,present,pituitary,The center part of the brain exhibits a pituitary abnormality.,The center region shows signs of a pituitary tumor.,451e1a3d8ebd42c65b8856e89640c0b0af22d6c90db2f8f55d4bf4bee6236520,4e52dd02dd3eeedef264b8d029f415985fde06cabccd612f3f43fbf0421dedfb,0,1
STRATIFIED_DERANGEMENT_V1_20260719,medclipseg_brisc,medclipseg_brisc:brisc2025_test_00812_pi_ax_t1,medclipseg_brisc:brisc2025_test_00788_pi_ax_t1,present,pituitary,Detected a pituitary neoplasm in the center region of the brain.,Detected pituitary lesion located at the center area.,c43c5824952fa9e3f749a6cacb82fa54d67549dddc1f1d1467f53e735c985b07,fd2ddde9eaecd78450364ebc06767d7700417741c24e82ff30b42b0a036960df,0,1
STRATIFIED_DERANGEMENT_V1_20260719,medclipseg_brisc,medclipseg_brisc:brisc2025_test_00813_pi_ax_t1,medclipseg_brisc:brisc2025_test_00790_pi_ax_t1,present,pituitary,Detected a pituitary neoplasm in the center region of the brain.,Detected pituitary lesion located at the center area.,c43c5824952fa9e3f749a6cacb82fa54d67549dddc1f1d1467f53e735c985b07,fd2ddde9eaecd78450364ebc06767d7700417741c24e82ff30b42b0a036960df,0,1
STRATIFIED_DERANGEMENT_V1_20260719,medclipseg_brisc,medclipseg_brisc:brisc2025_test_00814_pi_ax_t1,medclipseg_brisc:brisc2025_test_00860_pi_co_t1,present,pituitary,A pituitary tumor is visible in the center region on the scan.,A suspicious pituitary lesion is located in the center section.,aebe880454cafd8af96d7c008d227712462f70288968bf1a1a5c652fcf41cff1,6b32e6ea780f862e33e54d622458085944744e0d844776450d86c5610e923d06,0,1
STRATIFIED_DERANGEMENT_V1_20260719,medclipseg_brisc,medclipseg_brisc:brisc2025_test_00815_pi_ax_t1,medclipseg_brisc:brisc2025_test_00808_pi_ax_t1,present,pituitary,A pituitary tumor can be seen in the center portion of the brain.,A pituitary tumor has been identified in the center area.,be8042ede32a392e37d271aeff6695d421f1e6504849d81bb3f90ad964eeff64,cec46edb9dc29a05a25c691336a10f25c88affa223186c43cb58aaf334899dfc,0,1
STRATIFIED_DERANGEMENT_V1_20260719,medclipseg_brisc,medclipseg_brisc:brisc2025_test_00816_pi_ax_t1,medclipseg_brisc:brisc2025_test_00787_pi_ax_t1,present,pituitary,MRI shows a pituitary lesion occupying the center area.,Presence of a pituitary mass detected in the center area.,4113332ab51931403e581ff8b103346479489ef335a0b6a4335ec5164e5797b0,9a7e2ed179a889505add5f4605b436ff3fe08b7f9b7730d120098a62e20c8ef1,0,1
STRATIFIED_DERANGEMENT_V1_20260719,medclipseg_brisc,medclipseg_brisc:brisc2025_test_00817_pi_ax_t1,medclipseg_brisc:brisc2025_test_00739_pi_ax_t1,present,pituitary,Findings indicate a pituitary tumor situated in the center area.,Imaging identifies a pituitary tumor in the center quadrant.,f3dbe5519e378a07d81b13e73af3f4b2c8cba43e0a61c477b63ecb6d5870c299,7f658901b51958c12f12c30f8096652ffb4b4972300e5de6512ae9aaed83b518,0,1
STRATIFIED_DERANGEMENT_V1_20260719,medclipseg_brisc,medclipseg_brisc:brisc2025_test_00818_pi_ax_t1,medclipseg_brisc:brisc2025_test_00851_pi_co_t1,present,pituitary,Detected a pituitary neoplasm in the center region of the brain.,Detected pituitary lesion located at the center area.,c43c5824952fa9e3f749a6cacb82fa54d67549dddc1f1d1467f53e735c985b07,fd2ddde9eaecd78450364ebc06767d7700417741c24e82ff30b42b0a036960df,0,1
STRATIFIED_DERANGEMENT_V1_20260719,medclipseg_brisc,medclipseg_brisc:brisc2025_test_00819_pi_ax_t1,medclipseg_brisc:brisc2025_test_00866_pi_co_t1,present,pituitary,A pituitary tumor is present in the center region of the brain.,A pituitary tumor is visible in the center region on the scan.,615f1bd96a0ce798bf1a57e5c084343fa9159297ea1bdfaf08f046fb17cf99f8,aebe880454cafd8af96d7c008d227712462f70288968bf1a1a5c652fcf41cff1,0,1
STRATIFIED_DERANGEMENT_V1_20260719,medclipseg_brisc,medclipseg_brisc:brisc2025_test_00820_pi_ax_t1,medclipseg_brisc:brisc2025_test_00969_pi_sa_t1,present,pituitary,A suspicious pituitary lesion is located in the center section.,Abnormal pituitary growth observed in the center part of the brain.,6b32e6ea780f862e33e54d622458085944744e0d844776450d86c5610e923d06,68e25811159be31db3bf65e282735ba93f2fd3de9fabc284c62c7b05f181c250,0,1
STRATIFIED_DERANGEMENT_V1_20260719,medclipseg_brisc,medclipseg_brisc:brisc2025_test_00821_pi_ax_t1,medclipseg_brisc:brisc2025_test_00728_pi_ax_t1,present,pituitary,A pituitary tumor has been identified in the center area.,A pituitary tumor is visible in the center region on the scan.,cec46edb9dc29a05a25c691336a10f25c88affa223186c43cb58aaf334899dfc,aebe880454cafd8af96d7c008d227712462f70288968bf1a1a5c652fcf41cff1,0,1
STRATIFIED_DERANGEMENT_V1_20260719,medclipseg_brisc,medclipseg_brisc:brisc2025_test_00822_pi_ax_t1,medclipseg_brisc:brisc2025_test_00956_pi_sa_t1,present,pituitary,An area of pituitary tumor is identified in the center part of the brain.,Detected a pituitary neoplasm in the center region of the brain.,55469b9093e1705e42d0835e5b7b113e60af7b53844f7bf77966e4f989c104e9,c43c5824952fa9e3f749a6cacb82fa54d67549dddc1f1d1467f53e735c985b07,0,1
STRATIFIED_DERANGEMENT_V1_20260719,medclipseg_brisc,medclipseg_brisc:brisc2025_test_00823_pi_ax_t1,medclipseg_brisc:brisc2025_test_00885_pi_co_t1,present,pituitary,Presence of a pituitary mass detected in the center area.,The center area contains a confirmed pituitary tumor.,9a7e2ed179a889505add5f4605b436ff3fe08b7f9b7730d120098a62e20c8ef1,ffeb8f89dad5292bb3fd8e82979c352cf5ac8d845829db7ddeec43a9a342582a,0,1
STRATIFIED_DERANGEMENT_V1_20260719,medclipseg_brisc,medclipseg_brisc:brisc2025_test_00824_pi_ax_t1,medclipseg_brisc:brisc2025_test_00805_pi_ax_t1,present,pituitary,MRI reveals a pituitary tumor located in the center region.,Presence of a pituitary growth observed in the center brain area.,7861c9bd0303c7ee227d72146b7dc78d9a1447eb38476756d00b67857a5f5e41,bf541fc32d6b9096c2bdc0e73db5e77431757db8670d312d4062ac68569da304,0,1
STRATIFIED_DERANGEMENT_V1_20260719,medclipseg_brisc,medclipseg_brisc:brisc2025_test_00826_pi_co_t1,medclipseg_brisc:brisc2025_test_00955_pi_sa_t1,present,pituitary,A pituitary tumor is present in the center region of the brain.,A pituitary tumor is visible in the center region on the scan.,615f1bd96a0ce798bf1a57e5c084343fa9159297ea1bdfaf08f046fb17cf99f8,aebe880454cafd8af96d7c008d227712462f70288968bf1a1a5c652fcf41cff1,0,1
STRATIFIED_DERANGEMENT_V1_20260719,medclipseg_brisc,medclipseg_brisc:brisc2025_test_00828_pi_co_t1,medclipseg_brisc:brisc2025_test_00796_pi_ax_t1,present,pituitary,The center brain region contains a detected pituitary tumor.,The center region shows signs of a pituitary tumor.,6c82f537d9b0375491754383ad528bdbea07c07cfa44736d717cd9f03c43fce0,4e52dd02dd3eeedef264b8d029f415985fde06cabccd612f3f43fbf0421dedfb,0,1
STRATIFIED_DERANGEMENT_V1_20260719,medclipseg_brisc,medclipseg_brisc:brisc2025_test_00829_pi_co_t1,medclipseg_brisc:brisc2025_test_00735_pi_ax_t1,present,pituitary,There is evidence of a pituitary lesion in the center part of the brain.,A pituitary tumor can be seen in the center portion of the brain.,3e01ba5d4f6c3500b5cb930c73e73cb852947d86768ff938b1b5f187ebed6931,be8042ede32a392e37d271aeff6695d421f1e6504849d81bb3f90ad964eeff64,0,1
STRATIFIED_DERANGEMENT_V1_20260719,medclipseg_brisc,medclipseg_brisc:brisc2025_test_00830_pi_co_t1,medclipseg_brisc:brisc2025_test_00950_pi_sa_t1,present,pituitary,Presence of a pituitary mass detected in the center area.,The center area contains a confirmed pituitary tumor.,9a7e2ed179a889505add5f4605b436ff3fe08b7f9b7730d120098a62e20c8ef1,ffeb8f89dad5292bb3fd8e82979c352cf5ac8d845829db7ddeec43a9a342582a,0,1
STRATIFIED_DERANGEMENT_V1_20260719,medclipseg_brisc,medclipseg_brisc:brisc2025_test_00831_pi_co_t1,medclipseg_brisc:brisc2025_test_00879_pi_co_t1,present,pituitary,Findings indicate a pituitary tumor situated in the center area.,Imaging identifies a pituitary tumor in the center quadrant.,f3dbe5519e378a07d81b13e73af3f4b2c8cba43e0a61c477b63ecb6d5870c299,7f658901b51958c12f12c30f8096652ffb4b4972300e5de6512ae9aaed83b518,0,1
STRATIFIED_DERANGEMENT_V1_20260719,medclipseg_brisc,medclipseg_brisc:brisc2025_test_00832_pi_co_t1,medclipseg_brisc:brisc2025_test_00981_pi_sa_t1,present,pituitary,The center region shows signs of a pituitary tumor.,The center section of the brain contains a pituitary lesion.,4e52dd02dd3eeedef264b8d029f415985fde06cabccd612f3f43fbf0421dedfb,b5aecae68c062d25a6589b40421884e34c9d7567d7d38447a87d27b02da6b2a6,0,1
STRATIFIED_DERANGEMENT_V1_20260719,medclipseg_brisc,medclipseg_brisc:brisc2025_test_00833_pi_co_t1,medclipseg_brisc:brisc2025_test_00846_pi_co_t1,present,pituitary,The MRI shows a pituitary mass located within the center region.,The center brain region contains a detected pituitary tumor.,0ebbfb56e2e410f7d010e7a3ebb8a2534bbc7a668642fe570e389dcb95dd02e5,6c82f537d9b0375491754383ad528bdbea07c07cfa44736d717cd9f03c43fce0,0,1
STRATIFIED_DERANGEMENT_V1_20260719,medclipseg_brisc,medclipseg_brisc:brisc2025_test_00835_pi_co_t1,medclipseg_brisc:brisc2025_test_00746_pi_ax_t1,present,pituitary,A pituitary tumor has been identified in the center area.,A pituitary tumor is visible in the center region on the scan.,cec46edb9dc29a05a25c691336a10f25c88affa223186c43cb58aaf334899dfc,aebe880454cafd8af96d7c008d227712462f70288968bf1a1a5c652fcf41cff1,0,1
STRATIFIED_DERANGEMENT_V1_20260719,medclipseg_brisc,medclipseg_brisc:brisc2025_test_00836_pi_co_t1,medclipseg_brisc:brisc2025_test_00896_pi_co_t1,present,pituitary,The MRI shows a pituitary mass located within the center region.,The center brain region contains a detected pituitary tumor.,0ebbfb56e2e410f7d010e7a3ebb8a2534bbc7a668642fe570e389dcb95dd02e5,6c82f537d9b0375491754383ad528bdbea07c07cfa44736d717cd9f03c43fce0,0,1
STRATIFIED_DERANGEMENT_V1_20260719,medclipseg_brisc,medclipseg_brisc:brisc2025_test_00837_pi_co_t1,medclipseg_brisc:brisc2025_test_00992_pi_sa_t1,present,pituitary,An area of pituitary tumor is identified in the center part of the brain.,Detected a pituitary neoplasm in the center region of the brain.,55469b9093e1705e42d0835e5b7b113e60af7b53844f7bf77966e4f989c104e9,c43c5824952fa9e3f749a6cacb82fa54d67549dddc1f1d1467f53e735c985b07,0,1
STRATIFIED_DERANGEMENT_V1_20260719,medclipseg_brisc,medclipseg_brisc:brisc2025_test_00838_pi_co_t1,medclipseg_brisc:brisc2025_test_00898_pi_co_t1,present,pituitary,A pituitary tumor is visible in the center region on the scan.,A suspicious pituitary lesion is located in the center section.,aebe880454cafd8af96d7c008d227712462f70288968bf1a1a5c652fcf41cff1,6b32e6ea780f862e33e54d622458085944744e0d844776450d86c5610e923d06,0,1
STRATIFIED_DERANGEMENT_V1_20260719,medclipseg_brisc,medclipseg_brisc:brisc2025_test_00839_pi_co_t1,medclipseg_brisc:brisc2025_test_00985_pi_sa_t1,present,pituitary,A focal pituitary mass is identified in the center region.,A pituitary tumor can be seen in the center portion of the brain.,dfb0eac2d3a9fddccdc5e169761599eaf51ade18ee6329e5e6eb2d4781f3e86d,be8042ede32a392e37d271aeff6695d421f1e6504849d81bb3f90ad964eeff64,0,1
STRATIFIED_DERANGEMENT_V1_20260719,medclipseg_brisc,medclipseg_brisc:brisc2025_test_00840_pi_co_t1,medclipseg_brisc:brisc2025_test_00767_pi_ax_t1,present,pituitary,There is evidence of a pituitary lesion in the center part of the brain.,A pituitary tumor can be seen in the center portion of the brain.,3e01ba5d4f6c3500b5cb930c73e73cb852947d86768ff938b1b5f187ebed6931,be8042ede32a392e37d271aeff6695d421f1e6504849d81bb3f90ad964eeff64,0,1
STRATIFIED_DERANGEMENT_V1_20260719,medclipseg_brisc,medclipseg_brisc:brisc2025_test_00841_pi_co_t1,medclipseg_brisc:brisc2025_test_00812_pi_ax_t1,present,pituitary,An abnormal pituitary mass is found in the center section.,Detected a pituitary neoplasm in the center region of the brain.,0f012455a26a2082cb5d94ef5f63b3179a27ac8f74ad829d0c6fc0f64fa58116,c43c5824952fa9e3f749a6cacb82fa54d67549dddc1f1d1467f53e735c985b07,0,1
STRATIFIED_DERANGEMENT_V1_20260719,medclipseg_brisc,medclipseg_brisc:brisc2025_test_00842_pi_co_t1,medclipseg_brisc:brisc2025_test_00750_pi_ax_t1,present,pituitary,A pituitary tumor is visible in the lower region on the scan.,Abnormal pituitary growth observed in the center part of the brain.,bf7569094e9299caae7092f71cddfb4829c45b09112bb732468d672080097736,68e25811159be31db3bf65e282735ba93f2fd3de9fabc284c62c7b05f181c250,0,1
STRATIFIED_DERANGEMENT_V1_20260719,medclipseg_brisc,medclipseg_brisc:brisc2025_test_00843_pi_co_t1,medclipseg_brisc:brisc2025_test_00792_pi_ax_t1,present,pituitary,Imaging reveals a pituitary abnormality located in the center.,MRI reveals a pituitary tumor located in the center region.,ff6d29fd6b0090bffe9cd4fefeec17754a04e3524946483e4426b7aeb977df17,7861c9bd0303c7ee227d72146b7dc78d9a1447eb38476756d00b67857a5f5e41,0,1
STRATIFIED_DERANGEMENT_V1_20260719,medclipseg_brisc,medclipseg_brisc:brisc2025_test_00844_pi_co_t1,medclipseg_brisc:brisc2025_test_00813_pi_ax_t1,present,pituitary,An abnormal pituitary mass is found in the center section.,Detected a pituitary neoplasm in the center region of the brain.,0f012455a26a2082cb5d94ef5f63b3179a27ac8f74ad829d0c6fc0f64fa58116,c43c5824952fa9e3f749a6cacb82fa54d67549dddc1f1d1467f53e735c985b07,0,1
STRATIFIED_DERANGEMENT_V1_20260719,medclipseg_brisc,medclipseg_brisc:brisc2025_test_00845_pi_co_t1,medclipseg_brisc:brisc2025_test_00888_pi_co_t1,present,pituitary,MRI reveals a pituitary tumor located in the center region.,Presence of a pituitary growth observed in the center brain area.,7861c9bd0303c7ee227d72146b7dc78d9a1447eb38476756d00b67857a5f5e41,bf541fc32d6b9096c2bdc0e73db5e77431757db8670d312d4062ac68569da304,0,1
STRATIFIED_DERANGEMENT_V1_20260719,medclipseg_brisc,medclipseg_brisc:brisc2025_test_00846_pi_co_t1,medclipseg_brisc:brisc2025_test_00801_pi_ax_t1,present,pituitary,The center brain region contains a detected pituitary tumor.,The center region shows signs of a pituitary tumor.,6c82f537d9b0375491754383ad528bdbea07c07cfa44736d717cd9f03c43fce0,4e52dd02dd3eeedef264b8d029f415985fde06cabccd612f3f43fbf0421dedfb,0,1
STRATIFIED_DERANGEMENT_V1_20260719,medclipseg_brisc,medclipseg_brisc:brisc2025_test_00847_pi_co_t1,medclipseg_brisc:brisc2025_test_00963_pi_sa_t1,present,pituitary,The center section of the brain contains a pituitary lesion.,The scan shows a pituitary tumor positioned in the center.,b5aecae68c062d25a6589b40421884e34c9d7567d7d38447a87d27b02da6b2a6,22e25b89bb9b4da1267749f8189f06ce57fc17e46ef716cff0aa232f4ba64456,0,1
STRATIFIED_DERANGEMENT_V1_20260719,medclipseg_brisc,medclipseg_brisc:brisc2025_test_00848_pi_co_t1,medclipseg_brisc:brisc2025_test_00747_pi_ax_t1,present,pituitary,Imaging demonstrates a pituitary tumor occupying the center region.,Imaging reveals a pituitary abnormality located in the center.,dd17b898414b8eac0eb8591ff91c635a716bfdfeb650874a0a28b6451248541c,ff6d29fd6b0090bffe9cd4fefeec17754a04e3524946483e4426b7aeb977df17,0,1
STRATIFIED_DERANGEMENT_V1_20260719,medclipseg_brisc,medclipseg_brisc:brisc2025_test_00849_pi_co_t1,medclipseg_brisc:brisc2025_test_00758_pi_ax_t1,present,pituitary,A pituitary tumor has been identified in the center area.,A pituitary tumor is visible in the center region on the scan.,cec46edb9dc29a05a25c691336a10f25c88affa223186c43cb58aaf334899dfc,aebe880454cafd8af96d7c008d227712462f70288968bf1a1a5c652fcf41cff1,0,1
STRATIFIED_DERANGEMENT_V1_20260719,medclipseg_brisc,medclipseg_brisc:brisc2025_test_00850_pi_co_t1,medclipseg_brisc:brisc2025_test_00856_pi_co_t1,present,pituitary,Detected pituitary lesion located at the lower area.,Imaging demonstrates a pituitary tumor occupying the center region.,3bea0084df3a661ed68d68ec753cc96a57f0de725f200904253af741833046bd,dd17b898414b8eac0eb8591ff91c635a716bfdfeb650874a0a28b6451248541c,0,1
STRATIFIED_DERANGEMENT_V1_20260719,medclipseg_brisc,medclipseg_brisc:brisc2025_test_00851_pi_co_t1,medclipseg_brisc:brisc2025_test_00701_pi_ax_t1,present,pituitary,Detected pituitary lesion located at the center area.,Imaging demonstrates a pituitary tumor occupying the center region.,fd2ddde9eaecd78450364ebc06767d7700417741c24e82ff30b42b0a036960df,dd17b898414b8eac0eb8591ff91c635a716bfdfeb650874a0a28b6451248541c,0,1
STRATIFIED_DERANGEMENT_V1_20260719,medclipseg_brisc,medclipseg_brisc:brisc2025_test_00852_pi_co_t1,medclipseg_brisc:brisc2025_test_00782_pi_ax_t1,present,pituitary,There is evidence of a pituitary lesion in the center part of the brain.,A pituitary tumor can be seen in the center portion of the brain.,3e01ba5d4f6c3500b5cb930c73e73cb852947d86768ff938b1b5f187ebed6931,be8042ede32a392e37d271aeff6695d421f1e6504849d81bb3f90ad964eeff64,0,1
STRATIFIED_DERANGEMENT_V1_20260719,medclipseg_brisc,medclipseg_brisc:brisc2025_test_00853_pi_co_t1,medclipseg_brisc:brisc2025_test_00726_pi_ax_t1,present,pituitary,The scan shows a pituitary tumor positioned in the center.,There is evidence of a pituitary lesion in the center part of the brain.,22e25b89bb9b4da1267749f8189f06ce57fc17e46ef716cff0aa232f4ba64456,3e01ba5d4f6c3500b5cb930c73e73cb852947d86768ff938b1b5f187ebed6931,0,1
STRATIFIED_DERANGEMENT_V1_20260719,medclipseg_brisc,medclipseg_brisc:brisc2025_test_00854_pi_co_t1,medclipseg_brisc:brisc2025_test_00988_pi_sa_t1,present,pituitary,The center section of the brain contains a pituitary lesion.,The scan shows a pituitary tumor positioned in the center.,b5aecae68c062d25a6589b40421884e34c9d7567d7d38447a87d27b02da6b2a6,22e25b89bb9b4da1267749f8189f06ce57fc17e46ef716cff0aa232f4ba64456,0,1
STRATIFIED_DERANGEMENT_V1_20260719,medclipseg_brisc,medclipseg_brisc:brisc2025_test_00855_pi_co_t1,medclipseg_brisc:brisc2025_test_00821_pi_ax_t1,present,pituitary,A pituitary tumor can be seen in the center portion of the brain.,A pituitary tumor has been identified in the center area.,be8042ede32a392e37d271aeff6695d421f1e6504849d81bb3f90ad964eeff64,cec46edb9dc29a05a25c691336a10f25c88affa223186c43cb58aaf334899dfc,0,1
STRATIFIED_DERANGEMENT_V1_20260719,medclipseg_brisc,medclipseg_brisc:brisc2025_test_00856_pi_co_t1,medclipseg_brisc:brisc2025_test_00756_pi_ax_t1,present,pituitary,Imaging demonstrates a pituitary tumor occupying the center region.,Imaging reveals a pituitary abnormality located in the center.,dd17b898414b8eac0eb8591ff91c635a716bfdfeb650874a0a28b6451248541c,ff6d29fd6b0090bffe9cd4fefeec17754a04e3524946483e4426b7aeb977df17,0,1
STRATIFIED_DERANGEMENT_V1_20260719,medclipseg_brisc,medclipseg_brisc:brisc2025_test_00857_pi_co_t1,medclipseg_brisc:brisc2025_test_00990_pi_sa_t1,present,pituitary,Presence of a pituitary mass detected in the center area.,The center area contains a confirmed pituitary tumor.,9a7e2ed179a889505add5f4605b436ff3fe08b7f9b7730d120098a62e20c8ef1,ffeb8f89dad5292bb3fd8e82979c352cf5ac8d845829db7ddeec43a9a342582a,0,1
STRATIFIED_DERANGEMENT_V1_20260719,medclipseg_brisc,medclipseg_brisc:brisc2025_test_00858_pi_co_t1,medclipseg_brisc:brisc2025_test_00717_pi_ax_t1,present,pituitary,The center region shows signs of a pituitary tumor.,The scan shows a pituitary tumor positioned in the center.,4e52dd02dd3eeedef264b8d029f415985fde06cabccd612f3f43fbf0421dedfb,22e25b89bb9b4da1267749f8189f06ce57fc17e46ef716cff0aa232f4ba64456,0,1
STRATIFIED_DERANGEMENT_V1_20260719,medclipseg_brisc,medclipseg_brisc:brisc2025_test_00859_pi_co_t1,medclipseg_brisc:brisc2025_test_00934_pi_sa_t1,present,pituitary,The MRI shows a pituitary mass located within the center region.,The center brain region contains a detected pituitary tumor.,0ebbfb56e2e410f7d010e7a3ebb8a2534bbc7a668642fe570e389dcb95dd02e5,6c82f537d9b0375491754383ad528bdbea07c07cfa44736d717cd9f03c43fce0,0,1
STRATIFIED_DERANGEMENT_V1_20260719,medclipseg_brisc,medclipseg_brisc:brisc2025_test_00860_pi_co_t1,medclipseg_brisc:brisc2025_test_00994_pi_sa_t1,present,pituitary,A suspicious pituitary lesion is located in the center section.,Abnormal pituitary growth observed in the center part of the brain.,6b32e6ea780f862e33e54d622458085944744e0d844776450d86c5610e923d06,68e25811159be31db3bf65e282735ba93f2fd3de9fabc284c62c7b05f181c250,0,1
STRATIFIED_DERANGEMENT_V1_20260719,medclipseg_brisc,medclipseg_brisc:brisc2025_test_00861_pi_co_t1,medclipseg_brisc:brisc2025_test_00704_pi_ax_t1,present,pituitary,Detected pituitary lesion located at the center area.,Imaging demonstrates a pituitary tumor occupying the center region.,fd2ddde9eaecd78450364ebc06767d7700417741c24e82ff30b42b0a036960df,dd17b898414b8eac0eb8591ff91c635a716bfdfeb650874a0a28b6451248541c,0,1
STRATIFIED_DERANGEMENT_V1_20260719,medclipseg_brisc,medclipseg_brisc:brisc2025_test_00862_pi_co_t1,medclipseg_brisc:brisc2025_test_00995_pi_sa_t1,present,pituitary,The center section of the brain contains a pituitary lesion.,The scan shows a pituitary tumor positioned in the center.,b5aecae68c062d25a6589b40421884e34c9d7567d7d38447a87d27b02da6b2a6,22e25b89bb9b4da1267749f8189f06ce57fc17e46ef716cff0aa232f4ba64456,0,1
STRATIFIED_DERANGEMENT_V1_20260719,medclipseg_brisc,medclipseg_brisc:brisc2025_test_00863_pi_co_t1,medclipseg_brisc:brisc2025_test_00861_pi_co_t1,present,pituitary,Detected a pituitary neoplasm in the center region of the brain.,Detected pituitary lesion located at the center area.,c43c5824952fa9e3f749a6cacb82fa54d67549dddc1f1d1467f53e735c985b07,fd2ddde9eaecd78450364ebc06767d7700417741c24e82ff30b42b0a036960df,0,1
STRATIFIED_DERANGEMENT_V1_20260719,medclipseg_brisc,medclipseg_brisc:brisc2025_test_00864_pi_co_t1,medclipseg_brisc:brisc2025_test_00843_pi_co_t1,present,pituitary,Imaging demonstrates a pituitary tumor occupying the center region.,Imaging reveals a pituitary abnormality located in the center.,dd17b898414b8eac0eb8591ff91c635a716bfdfeb650874a0a28b6451248541c,ff6d29fd6b0090bffe9cd4fefeec17754a04e3524946483e4426b7aeb977df17,0,1
STRATIFIED_DERANGEMENT_V1_20260719,medclipseg_brisc,medclipseg_brisc:brisc2025_test_00865_pi_co_t1,medclipseg_brisc:brisc2025_test_00962_pi_sa_t1,present,pituitary,A pituitary tumor is present in the center region of the brain.,A pituitary tumor is visible in the center region on the scan.,615f1bd96a0ce798bf1a57e5c084343fa9159297ea1bdfaf08f046fb17cf99f8,aebe880454cafd8af96d7c008d227712462f70288968bf1a1a5c652fcf41cff1,0,1
STRATIFIED_DERANGEMENT_V1_20260719,medclipseg_brisc,medclipseg_brisc:brisc2025_test_00866_pi_co_t1,medclipseg_brisc:brisc2025_test_00916_pi_sa_t1,present,pituitary,A pituitary tumor is visible in the center region on the scan.,A suspicious pituitary lesion is located in the center section.,aebe880454cafd8af96d7c008d227712462f70288968bf1a1a5c652fcf41cff1,6b32e6ea780f862e33e54d622458085944744e0d844776450d86c5610e923d06,0,1
STRATIFIED_DERANGEMENT_V1_20260719,medclipseg_brisc,medclipseg_brisc:brisc2025_test_00867_pi_co_t1,medclipseg_brisc:brisc2025_test_00823_pi_ax_t1,present,pituitary,MRI shows a pituitary lesion occupying the center area.,Presence of a pituitary mass detected in the center area.,4113332ab51931403e581ff8b103346479489ef335a0b6a4335ec5164e5797b0,9a7e2ed179a889505add5f4605b436ff3fe08b7f9b7730d120098a62e20c8ef1,0,1
STRATIFIED_DERANGEMENT_V1_20260719,medclipseg_brisc,medclipseg_brisc:brisc2025_test_00868_pi_co_t1,medclipseg_brisc:brisc2025_test_00702_pi_ax_t1,present,pituitary,There is a pituitary lesion affecting the center area of the brain.,A focal pituitary mass is identified in the center region.,2d14d69b9b7d48bceac9a0b8327d63be604970667bba6dc2cf182dd869910989,dfb0eac2d3a9fddccdc5e169761599eaf51ade18ee6329e5e6eb2d4781f3e86d,0,1
STRATIFIED_DERANGEMENT_V1_20260719,medclipseg_brisc,medclipseg_brisc:brisc2025_test_00869_pi_co_t1,medclipseg_brisc:brisc2025_test_00830_pi_co_t1,present,pituitary,MRI shows a pituitary lesion occupying the center area.,Presence of a pituitary mass detected in the center area.,4113332ab51931403e581ff8b103346479489ef335a0b6a4335ec5164e5797b0,9a7e2ed179a889505add5f4605b436ff3fe08b7f9b7730d120098a62e20c8ef1,0,1
STRATIFIED_DERANGEMENT_V1_20260719,medclipseg_brisc,medclipseg_brisc:brisc2025_test_00870_pi_co_t1,medclipseg_brisc:brisc2025_test_00837_pi_co_t1,present,pituitary,Abnormal pituitary growth observed in the center part of the brain.,An area of pituitary tumor is identified in the center part of the brain.,68e25811159be31db3bf65e282735ba93f2fd3de9fabc284c62c7b05f181c250,55469b9093e1705e42d0835e5b7b113e60af7b53844f7bf77966e4f989c104e9,0,1
STRATIFIED_DERANGEMENT_V1_20260719,medclipseg_brisc,medclipseg_brisc:brisc2025_test_00871_pi_co_t1,medclipseg_brisc:brisc2025_test_00716_pi_ax_t1,present,pituitary,There is a pituitary lesion affecting the center area of the brain.,A focal pituitary mass is identified in the center region.,2d14d69b9b7d48bceac9a0b8327d63be604970667bba6dc2cf182dd869910989,dfb0eac2d3a9fddccdc5e169761599eaf51ade18ee6329e5e6eb2d4781f3e86d,0,1
STRATIFIED_DERANGEMENT_V1_20260719,medclipseg_brisc,medclipseg_brisc:brisc2025_test_00872_pi_co_t1,medclipseg_brisc:brisc2025_test_00794_pi_ax_t1,present,pituitary,Imaging reveals a pituitary abnormality located in the center.,MRI reveals a pituitary tumor located in the center region.,ff6d29fd6b0090bffe9cd4fefeec17754a04e3524946483e4426b7aeb977df17,7861c9bd0303c7ee227d72146b7dc78d9a1447eb38476756d00b67857a5f5e41,0,1
STRATIFIED_DERANGEMENT_V1_20260719,medclipseg_brisc,medclipseg_brisc:brisc2025_test_00873_pi_co_t1,medclipseg_brisc:brisc2025_test_00708_pi_ax_t1,present,pituitary,Presence of a pituitary mass detected in the center area.,The center brain region contains a detected pituitary tumor.,9a7e2ed179a889505add5f4605b436ff3fe08b7f9b7730d120098a62e20c8ef1,6c82f537d9b0375491754383ad528bdbea07c07cfa44736d717cd9f03c43fce0,0,1
STRATIFIED_DERANGEMENT_V1_20260719,medclipseg_brisc,medclipseg_brisc:brisc2025_test_00874_pi_co_t1,medclipseg_brisc:brisc2025_test_00769_pi_ax_t1,present,pituitary,A pituitary tumor has been identified in the center area.,A pituitary tumor is visible in the center region on the scan.,cec46edb9dc29a05a25c691336a10f25c88affa223186c43cb58aaf334899dfc,aebe880454cafd8af96d7c008d227712462f70288968bf1a1a5c652fcf41cff1,0,1
STRATIFIED_DERANGEMENT_V1_20260719,medclipseg_brisc,medclipseg_brisc:brisc2025_test_00875_pi_co_t1,medclipseg_brisc:brisc2025_test_00835_pi_co_t1,present,pituitary,A pituitary tumor can be seen in the center portion of the brain.,A pituitary tumor has been identified in the center area.,be8042ede32a392e37d271aeff6695d421f1e6504849d81bb3f90ad964eeff64,cec46edb9dc29a05a25c691336a10f25c88affa223186c43cb58aaf334899dfc,0,1
STRATIFIED_DERANGEMENT_V1_20260719,medclipseg_brisc,medclipseg_brisc:brisc2025_test_00876_pi_co_t1,medclipseg_brisc:brisc2025_test_00897_pi_co_t1,present,pituitary,Findings indicate a pituitary tumor situated in the center area.,Imaging identifies a pituitary tumor in the center quadrant.,f3dbe5519e378a07d81b13e73af3f4b2c8cba43e0a61c477b63ecb6d5870c299,7f658901b51958c12f12c30f8096652ffb4b4972300e5de6512ae9aaed83b518,0,1
STRATIFIED_DERANGEMENT_V1_20260719,medclipseg_brisc,medclipseg_brisc:brisc2025_test_00877_pi_co_t1,medclipseg_brisc:brisc2025_test_00720_pi_ax_t1,present,pituitary,There is a pituitary lesion affecting the center area of the brain.,A focal pituitary mass is identified in the center region.,2d14d69b9b7d48bceac9a0b8327d63be604970667bba6dc2cf182dd869910989,dfb0eac2d3a9fddccdc5e169761599eaf51ade18ee6329e5e6eb2d4781f3e86d,0,1
STRATIFIED_DERANGEMENT_V1_20260719,medclipseg_brisc,medclipseg_brisc:brisc2025_test_00878_pi_co_t1,medclipseg_brisc:brisc2025_test_00706_pi_ax_t1,present,pituitary,The center section of the brain contains a pituitary lesion.,There is a pituitary lesion affecting the center area of the brain.,b5aecae68c062d25a6589b40421884e34c9d7567d7d38447a87d27b02da6b2a6,2d14d69b9b7d48bceac9a0b8327d63be604970667bba6dc2cf182dd869910989,0,1
STRATIFIED_DERANGEMENT_V1_20260719,medclipseg_brisc,medclipseg_brisc:brisc2025_test_00879_pi_co_t1,medclipseg_brisc:brisc2025_test_00753_pi_ax_t1,present,pituitary,Imaging identifies a pituitary tumor in the center quadrant.,MRI findings reveal a pituitary tumor in the center zone.,7f658901b51958c12f12c30f8096652ffb4b4972300e5de6512ae9aaed83b518,f2162e38771b1e223de1cce1b6418e70b3d982d03d73edb42aa1dbc7a1c549f7,0,1
STRATIFIED_DERANGEMENT_V1_20260719,medclipseg_brisc,medclipseg_brisc:brisc2025_test_00880_pi_co_t1,medclipseg_brisc:brisc2025_test_00712_pi_ax_t1,present,pituitary,Presence of a pituitary mass detected in the center area.,The center brain region contains a detected pituitary tumor.,9a7e2ed179a889505add5f4605b436ff3fe08b7f9b7730d120098a62e20c8ef1,6c82f537d9b0375491754383ad528bdbea07c07cfa44736d717cd9f03c43fce0,0,1
STRATIFIED_DERANGEMENT_V1_20260719,medclipseg_brisc,medclipseg_brisc:brisc2025_test_00881_pi_co_t1,medclipseg_brisc:brisc2025_test_00733_pi_ax_t1,present,pituitary,The center region shows signs of a pituitary tumor.,The scan shows a pituitary tumor positioned in the center.,4e52dd02dd3eeedef264b8d029f415985fde06cabccd612f3f43fbf0421dedfb,22e25b89bb9b4da1267749f8189f06ce57fc17e46ef716cff0aa232f4ba64456,0,1
STRATIFIED_DERANGEMENT_V1_20260719,medclipseg_brisc,medclipseg_brisc:brisc2025_test_00882_pi_co_t1,medclipseg_brisc:brisc2025_test_00872_pi_co_t1,present,pituitary,Imaging demonstrates a pituitary tumor occupying the center region.,Imaging reveals a pituitary abnormality located in the center.,dd17b898414b8eac0eb8591ff91c635a716bfdfeb650874a0a28b6451248541c,ff6d29fd6b0090bffe9cd4fefeec17754a04e3524946483e4426b7aeb977df17,0,1
STRATIFIED_DERANGEMENT_V1_20260719,medclipseg_brisc,medclipseg_brisc:brisc2025_test_00883_pi_co_t1,medclipseg_brisc:brisc2025_test_00780_pi_ax_t1,present,pituitary,MRI findings reveal a pituitary tumor in the center zone.,MRI shows a pituitary lesion occupying the center area.,f2162e38771b1e223de1cce1b6418e70b3d982d03d73edb42aa1dbc7a1c549f7,4113332ab51931403e581ff8b103346479489ef335a0b6a4335ec5164e5797b0,0,1
STRATIFIED_DERANGEMENT_V1_20260719,medclipseg_brisc,medclipseg_brisc:brisc2025_test_00884_pi_co_t1,medclipseg_brisc:brisc2025_test_00923_pi_sa_t1,present,pituitary,Abnormal pituitary growth observed in the center part of the brain.,An area of pituitary tumor is identified in the center part of the brain.,68e25811159be31db3bf65e282735ba93f2fd3de9fabc284c62c7b05f181c250,55469b9093e1705e42d0835e5b7b113e60af7b53844f7bf77966e4f989c104e9,0,1
STRATIFIED_DERANGEMENT_V1_20260719,medclipseg_brisc,medclipseg_brisc:brisc2025_test_00885_pi_co_t1,medclipseg_brisc:brisc2025_test_00811_pi_ax_t1,present,pituitary,The center area contains a confirmed pituitary tumor.,The center part of the brain exhibits a pituitary abnormality.,ffeb8f89dad5292bb3fd8e82979c352cf5ac8d845829db7ddeec43a9a342582a,451e1a3d8ebd42c65b8856e89640c0b0af22d6c90db2f8f55d4bf4bee6236520,0,1
STRATIFIED_DERANGEMENT_V1_20260719,medclipseg_brisc,medclipseg_brisc:brisc2025_test_00886_pi_co_t1,medclipseg_brisc:brisc2025_test_00732_pi_ax_t1,present,pituitary,Detected abnormal growth of pituitary tumor in the center part.,Findings indicate a pituitary tumor situated in the center area.,872081f9cdc84f2c5f2bbcc26adc6310948b6b03331dc63cea77af44857c0b8d,f3dbe5519e378a07d81b13e73af3f4b2c8cba43e0a61c477b63ecb6d5870c299,0,1
STRATIFIED_DERANGEMENT_V1_20260719,medclipseg_brisc,medclipseg_brisc:brisc2025_test_00887_pi_co_t1,medclipseg_brisc:brisc2025_test_00944_pi_sa_t1,present,pituitary,Abnormal pituitary growth observed in the center part of the brain.,An area of pituitary tumor is identified in the center part of the brain.,68e25811159be31db3bf65e282735ba93f2fd3de9fabc284c62c7b05f181c250,55469b9093e1705e42d0835e5b7b113e60af7b53844f7bf77966e4f989c104e9,0,1
STRATIFIED_DERANGEMENT_V1_20260719,medclipseg_brisc,medclipseg_brisc:brisc2025_test_00888_pi_co_t1,medclipseg_brisc:brisc2025_test_00927_pi_sa_t1,present,pituitary,Presence of a pituitary growth observed in the center brain area.,Presence of a pituitary mass detected in the center area.,bf541fc32d6b9096c2bdc0e73db5e77431757db8670d312d4062ac68569da304,9a7e2ed179a889505add5f4605b436ff3fe08b7f9b7730d120098a62e20c8ef1,0,1
STRATIFIED_DERANGEMENT_V1_20260719,medclipseg_brisc,medclipseg_brisc:brisc2025_test_00889_pi_co_t1,medclipseg_brisc:brisc2025_test_00902_pi_co_t1,present,pituitary,MRI reveals a pituitary tumor located in the center region.,Presence of a pituitary growth observed in the center brain area.,7861c9bd0303c7ee227d72146b7dc78d9a1447eb38476756d00b67857a5f5e41,bf541fc32d6b9096c2bdc0e73db5e77431757db8670d312d4062ac68569da304,0,1
STRATIFIED_DERANGEMENT_V1_20260719,medclipseg_brisc,medclipseg_brisc:brisc2025_test_00890_pi_co_t1,medclipseg_brisc:brisc2025_test_00986_pi_sa_t1,present,pituitary,A pituitary tumor is present in the center region of the brain.,A pituitary tumor is visible in the center region on the scan.,615f1bd96a0ce798bf1a57e5c084343fa9159297ea1bdfaf08f046fb17cf99f8,aebe880454cafd8af96d7c008d227712462f70288968bf1a1a5c652fcf41cff1,0,1
STRATIFIED_DERANGEMENT_V1_20260719,medclipseg_brisc,medclipseg_brisc:brisc2025_test_00891_pi_co_t1,medclipseg_brisc:brisc2025_test_00765_pi_ax_t1,present,pituitary,The center section of the brain contains a pituitary lesion.,There is a pituitary lesion affecting the center area of the brain.,b5aecae68c062d25a6589b40421884e34c9d7567d7d38447a87d27b02da6b2a6,2d14d69b9b7d48bceac9a0b8327d63be604970667bba6dc2cf182dd869910989,0,1
STRATIFIED_DERANGEMENT_V1_20260719,medclipseg_brisc,medclipseg_brisc:brisc2025_test_00892_pi_co_t1,medclipseg_brisc:brisc2025_test_00936_pi_sa_t1,present,pituitary,Imaging demonstrates a pituitary tumor occupying the center region.,Imaging reveals a pituitary abnormality located in the center.,dd17b898414b8eac0eb8591ff91c635a716bfdfeb650874a0a28b6451248541c,ff6d29fd6b0090bffe9cd4fefeec17754a04e3524946483e4426b7aeb977df17,0,1
STRATIFIED_DERANGEMENT_V1_20260719,medclipseg_brisc,medclipseg_brisc:brisc2025_test_00893_pi_co_t1,medclipseg_brisc:brisc2025_test_00815_pi_ax_t1,present,pituitary,There is evidence of a pituitary lesion in the center part of the brain.,A pituitary tumor can be seen in the center portion of the brain.,3e01ba5d4f6c3500b5cb930c73e73cb852947d86768ff938b1b5f187ebed6931,be8042ede32a392e37d271aeff6695d421f1e6504849d81bb3f90ad964eeff64,0,1
STRATIFIED_DERANGEMENT_V1_20260719,medclipseg_brisc,medclipseg_brisc:brisc2025_test_00894_pi_co_t1,medclipseg_brisc:brisc2025_test_00743_pi_ax_t1,present,pituitary,The scan shows a pituitary tumor positioned in the center.,There is evidence of a pituitary lesion in the center part of the brain.,22e25b89bb9b4da1267749f8189f06ce57fc17e46ef716cff0aa232f4ba64456,3e01ba5d4f6c3500b5cb930c73e73cb852947d86768ff938b1b5f187ebed6931,0,1
STRATIFIED_DERANGEMENT_V1_20260719,medclipseg_brisc,medclipseg_brisc:brisc2025_test_00895_pi_co_t1,medclipseg_brisc:brisc2025_test_00849_pi_co_t1,present,pituitary,A pituitary tumor can be seen in the center portion of the brain.,A pituitary tumor has been identified in the center area.,be8042ede32a392e37d271aeff6695d421f1e6504849d81bb3f90ad964eeff64,cec46edb9dc29a05a25c691336a10f25c88affa223186c43cb58aaf334899dfc,0,1
STRATIFIED_DERANGEMENT_V1_20260719,medclipseg_brisc,medclipseg_brisc:brisc2025_test_00896_pi_co_t1,medclipseg_brisc:brisc2025_test_00832_pi_co_t1,present,pituitary,The center brain region contains a detected pituitary tumor.,The center region shows signs of a pituitary tumor.,6c82f537d9b0375491754383ad528bdbea07c07cfa44736d717cd9f03c43fce0,4e52dd02dd3eeedef264b8d029f415985fde06cabccd612f3f43fbf0421dedfb,0,1
STRATIFIED_DERANGEMENT_V1_20260719,medclipseg_brisc,medclipseg_brisc:brisc2025_test_00897_pi_co_t1,medclipseg_brisc:brisc2025_test_00789_pi_ax_t1,present,pituitary,Imaging identifies a pituitary tumor in the center quadrant.,MRI findings reveal a pituitary tumor in the center zone.,7f658901b51958c12f12c30f8096652ffb4b4972300e5de6512ae9aaed83b518,f2162e38771b1e223de1cce1b6418e70b3d982d03d73edb42aa1dbc7a1c549f7,0,1
STRATIFIED_DERANGEMENT_V1_20260719,medclipseg_brisc,medclipseg_brisc:brisc2025_test_00898_pi_co_t1,medclipseg_brisc:brisc2025_test_00710_pi_ax_t1,present,pituitary,A suspicious pituitary lesion is located in the center section.,An abnormal pituitary mass is found in the center section.,6b32e6ea780f862e33e54d622458085944744e0d844776450d86c5610e923d06,0f012455a26a2082cb5d94ef5f63b3179a27ac8f74ad829d0c6fc0f64fa58116,0,1
STRATIFIED_DERANGEMENT_V1_20260719,medclipseg_brisc,medclipseg_brisc:brisc2025_test_00899_pi_co_t1,medclipseg_brisc:brisc2025_test_00989_pi_sa_t1,present,pituitary,A focal pituitary mass is identified in the center region.,A pituitary tumor can be seen in the center portion of the brain.,dfb0eac2d3a9fddccdc5e169761599eaf51ade18ee6329e5e6eb2d4781f3e86d,be8042ede32a392e37d271aeff6695d421f1e6504849d81bb3f90ad964eeff64,0,1
STRATIFIED_DERANGEMENT_V1_20260719,medclipseg_brisc,medclipseg_brisc:brisc2025_test_00900_pi_co_t1,medclipseg_brisc:brisc2025_test_00774_pi_ax_t1,present,pituitary,A pituitary tumor has been identified in the center area.,A pituitary tumor is visible in the center region on the scan.,cec46edb9dc29a05a25c691336a10f25c88affa223186c43cb58aaf334899dfc,aebe880454cafd8af96d7c008d227712462f70288968bf1a1a5c652fcf41cff1,0,1
STRATIFIED_DERANGEMENT_V1_20260719,medclipseg_brisc,medclipseg_brisc:brisc2025_test_00901_pi_co_t1,medclipseg_brisc:brisc2025_test_00718_pi_ax_t1,present,pituitary,Presence of a pituitary mass detected in the center area.,The center brain region contains a detected pituitary tumor.,9a7e2ed179a889505add5f4605b436ff3fe08b7f9b7730d120098a62e20c8ef1,6c82f537d9b0375491754383ad528bdbea07c07cfa44736d717cd9f03c43fce0,0,1
STRATIFIED_DERANGEMENT_V1_20260719,medclipseg_brisc,medclipseg_brisc:brisc2025_test_00902_pi_co_t1,medclipseg_brisc:brisc2025_test_00760_pi_ax_t1,present,pituitary,Presence of a pituitary growth observed in the center brain area.,The MRI shows a pituitary mass located within the center region.,bf541fc32d6b9096c2bdc0e73db5e77431757db8670d312d4062ac68569da304,0ebbfb56e2e410f7d010e7a3ebb8a2534bbc7a668642fe570e389dcb95dd02e5,0,1
STRATIFIED_DERANGEMENT_V1_20260719,medclipseg_brisc,medclipseg_brisc:brisc2025_test_00903_pi_co_t1,medclipseg_brisc:brisc2025_test_00775_pi_ax_t1,present,pituitary,Detected abnormal growth of pituitary tumor in the center part.,Findings indicate a pituitary tumor situated in the center area.,872081f9cdc84f2c5f2bbcc26adc6310948b6b03331dc63cea77af44857c0b8d,f3dbe5519e378a07d81b13e73af3f4b2c8cba43e0a61c477b63ecb6d5870c299,0,1
STRATIFIED_DERANGEMENT_V1_20260719,medclipseg_brisc,medclipseg_brisc:brisc2025_test_00904_pi_co_t1,medclipseg_brisc:brisc2025_test_00795_pi_ax_t1,present,pituitary,Imaging identifies a pituitary tumor in the center quadrant.,MRI findings reveal a pituitary tumor in the center zone.,7f658901b51958c12f12c30f8096652ffb4b4972300e5de6512ae9aaed83b518,f2162e38771b1e223de1cce1b6418e70b3d982d03d73edb42aa1dbc7a1c549f7,0,1
STRATIFIED_DERANGEMENT_V1_20260719,medclipseg_brisc,medclipseg_brisc:brisc2025_test_00905_pi_co_t1,medclipseg_brisc:brisc2025_test_00857_pi_co_t1,present,pituitary,MRI shows a pituitary lesion occupying the center area.,Presence of a pituitary mass detected in the center area.,4113332ab51931403e581ff8b103346479489ef335a0b6a4335ec5164e5797b0,9a7e2ed179a889505add5f4605b436ff3fe08b7f9b7730d120098a62e20c8ef1,0,1
STRATIFIED_DERANGEMENT_V1_20260719,medclipseg_brisc,medclipseg_brisc:brisc2025_test_00906_pi_co_t1,medclipseg_brisc:brisc2025_test_00809_pi_ax_t1,present,pituitary,Imaging identifies a pituitary tumor in the center quadrant.,MRI findings reveal a pituitary tumor in the center zone.,7f658901b51958c12f12c30f8096652ffb4b4972300e5de6512ae9aaed83b518,f2162e38771b1e223de1cce1b6418e70b3d982d03d73edb42aa1dbc7a1c549f7,0,1
STRATIFIED_DERANGEMENT_V1_20260719,medclipseg_brisc,medclipseg_brisc:brisc2025_test_00907_pi_co_t1,medclipseg_brisc:brisc2025_test_00777_pi_ax_t1,present,pituitary,Presence of a pituitary growth observed in the center brain area.,The MRI shows a pituitary mass located within the center region.,bf541fc32d6b9096c2bdc0e73db5e77431757db8670d312d4062ac68569da304,0ebbfb56e2e410f7d010e7a3ebb8a2534bbc7a668642fe570e389dcb95dd02e5,0,1
STRATIFIED_DERANGEMENT_V1_20260719,medclipseg_brisc,medclipseg_brisc:brisc2025_test_00908_pi_co_t1,medclipseg_brisc:brisc2025_test_00946_pi_sa_t1,present,pituitary,The MRI shows a pituitary mass located within the center region.,The center brain region contains a detected pituitary tumor.,0ebbfb56e2e410f7d010e7a3ebb8a2534bbc7a668642fe570e389dcb95dd02e5,6c82f537d9b0375491754383ad528bdbea07c07cfa44736d717cd9f03c43fce0,0,1
STRATIFIED_DERANGEMENT_V1_20260719,medclipseg_brisc,medclipseg_brisc:brisc2025_test_00909_pi_co_t1,medclipseg_brisc:brisc2025_test_00907_pi_co_t1,present,pituitary,MRI reveals a pituitary tumor located in the center region.,Presence of a pituitary growth observed in the center brain area.,7861c9bd0303c7ee227d72146b7dc78d9a1447eb38476756d00b67857a5f5e41,bf541fc32d6b9096c2bdc0e73db5e77431757db8670d312d4062ac68569da304,0,1
STRATIFIED_DERANGEMENT_V1_20260719,medclipseg_brisc,medclipseg_brisc:brisc2025_test_00910_pi_co_t1,medclipseg_brisc:brisc2025_test_00729_pi_ax_t1,present,pituitary,Presence of a pituitary mass detected in the center area.,The center brain region contains a detected pituitary tumor.,9a7e2ed179a889505add5f4605b436ff3fe08b7f9b7730d120098a62e20c8ef1,6c82f537d9b0375491754383ad528bdbea07c07cfa44736d717cd9f03c43fce0,0,1
STRATIFIED_DERANGEMENT_V1_20260719,medclipseg_brisc,medclipseg_brisc:brisc2025_test_00911_pi_co_t1,medclipseg_brisc:brisc2025_test_00781_pi_ax_t1,present,pituitary,The scan shows a pituitary tumor positioned in the center.,There is evidence of a pituitary lesion in the center part of the brain.,22e25b89bb9b4da1267749f8189f06ce57fc17e46ef716cff0aa232f4ba64456,3e01ba5d4f6c3500b5cb930c73e73cb852947d86768ff938b1b5f187ebed6931,0,1
STRATIFIED_DERANGEMENT_V1_20260719,medclipseg_brisc,medclipseg_brisc:brisc2025_test_00912_pi_co_t1,medclipseg_brisc:brisc2025_test_00745_pi_ax_t1,present,pituitary,Detected pituitary lesion located at the center area.,Imaging demonstrates a pituitary tumor occupying the center region.,fd2ddde9eaecd78450364ebc06767d7700417741c24e82ff30b42b0a036960df,dd17b898414b8eac0eb8591ff91c635a716bfdfeb650874a0a28b6451248541c,0,1
STRATIFIED_DERANGEMENT_V1_20260719,medclipseg_brisc,medclipseg_brisc:brisc2025_test_00913_pi_co_t1,medclipseg_brisc:brisc2025_test_00784_pi_ax_t1,present,pituitary,Detected abnormal growth of pituitary tumor in the center part.,Findings indicate a pituitary tumor situated in the center area.,872081f9cdc84f2c5f2bbcc26adc6310948b6b03331dc63cea77af44857c0b8d,f3dbe5519e378a07d81b13e73af3f4b2c8cba43e0a61c477b63ecb6d5870c299,0,1
STRATIFIED_DERANGEMENT_V1_20260719,medclipseg_brisc,medclipseg_brisc:brisc2025_test_00914_pi_co_t1,medclipseg_brisc:brisc2025_test_00874_pi_co_t1,present,pituitary,A pituitary tumor can be seen in the center portion of the brain.,A pituitary tumor has been identified in the center area.,be8042ede32a392e37d271aeff6695d421f1e6504849d81bb3f90ad964eeff64,cec46edb9dc29a05a25c691336a10f25c88affa223186c43cb58aaf334899dfc,0,1
STRATIFIED_DERANGEMENT_V1_20260719,medclipseg_brisc,medclipseg_brisc:brisc2025_test_00915_pi_sa_t1,medclipseg_brisc:brisc2025_test_00793_pi_ax_t1,present,pituitary,Detected abnormal growth of pituitary tumor in the center part.,Findings indicate a pituitary tumor situated in the center area.,872081f9cdc84f2c5f2bbcc26adc6310948b6b03331dc63cea77af44857c0b8d,f3dbe5519e378a07d81b13e73af3f4b2c8cba43e0a61c477b63ecb6d5870c299,0,1
STRATIFIED_DERANGEMENT_V1_20260719,medclipseg_brisc,medclipseg_brisc:brisc2025_test_00916_pi_sa_t1,medclipseg_brisc:brisc2025_test_00772_pi_ax_t1,present,pituitary,A suspicious pituitary lesion is located in the center section.,An abnormal pituitary mass is found in the center section.,6b32e6ea780f862e33e54d622458085944744e0d844776450d86c5610e923d06,0f012455a26a2082cb5d94ef5f63b3179a27ac8f74ad829d0c6fc0f64fa58116,0,1
STRATIFIED_DERANGEMENT_V1_20260719,medclipseg_brisc,medclipseg_brisc:brisc2025_test_00917_pi_sa_t1,medclipseg_brisc:brisc2025_test_00749_pi_ax_t1,present,pituitary,There is a pituitary lesion affecting the center area of the brain.,A focal pituitary mass is identified in the center region.,2d14d69b9b7d48bceac9a0b8327d63be604970667bba6dc2cf182dd869910989,dfb0eac2d3a9fddccdc5e169761599eaf51ade18ee6329e5e6eb2d4781f3e86d,0,1
STRATIFIED_DERANGEMENT_V1_20260719,medclipseg_brisc,medclipseg_brisc:brisc2025_test_00918_pi_sa_t1,medclipseg_brisc:brisc2025_test_00817_pi_ax_t1,present,pituitary,Detected abnormal growth of pituitary tumor in the center part.,Findings indicate a pituitary tumor situated in the center area.,872081f9cdc84f2c5f2bbcc26adc6310948b6b03331dc63cea77af44857c0b8d,f3dbe5519e378a07d81b13e73af3f4b2c8cba43e0a61c477b63ecb6d5870c299,0,1
STRATIFIED_DERANGEMENT_V1_20260719,medclipseg_brisc,medclipseg_brisc:brisc2025_test_00919_pi_sa_t1,medclipseg_brisc:brisc2025_test_00797_pi_ax_t1,present,pituitary,A suspicious pituitary lesion is located in the center section.,An abnormal pituitary mass is found in the center section.,6b32e6ea780f862e33e54d622458085944744e0d844776450d86c5610e923d06,0f012455a26a2082cb5d94ef5f63b3179a27ac8f74ad829d0c6fc0f64fa58116,0,1
STRATIFIED_DERANGEMENT_V1_20260719,medclipseg_brisc,medclipseg_brisc:brisc2025_test_00920_pi_sa_t1,medclipseg_brisc:brisc2025_test_00855_pi_co_t1,present,pituitary,There is evidence of a pituitary lesion in the center part of the brain.,A pituitary tumor can be seen in the center portion of the brain.,3e01ba5d4f6c3500b5cb930c73e73cb852947d86768ff938b1b5f187ebed6931,be8042ede32a392e37d271aeff6695d421f1e6504849d81bb3f90ad964eeff64,0,1
STRATIFIED_DERANGEMENT_V1_20260719,medclipseg_brisc,medclipseg_brisc:brisc2025_test_00921_pi_sa_t1,medclipseg_brisc:brisc2025_test_00741_pi_ax_t1,present,pituitary,The center region shows signs of a pituitary tumor.,The scan shows a pituitary tumor positioned in the center.,4e52dd02dd3eeedef264b8d029f415985fde06cabccd612f3f43fbf0421dedfb,22e25b89bb9b4da1267749f8189f06ce57fc17e46ef716cff0aa232f4ba64456,0,1
STRATIFIED_DERANGEMENT_V1_20260719,medclipseg_brisc,medclipseg_brisc:brisc2025_test_00922_pi_sa_t1,medclipseg_brisc:brisc2025_test_00853_pi_co_t1,present,pituitary,The center region shows signs of a pituitary tumor.,The scan shows a pituitary tumor positioned in the center.,4e52dd02dd3eeedef264b8d029f415985fde06cabccd612f3f43fbf0421dedfb,22e25b89bb9b4da1267749f8189f06ce57fc17e46ef716cff0aa232f4ba64456,0,1
STRATIFIED_DERANGEMENT_V1_20260719,medclipseg_brisc,medclipseg_brisc:brisc2025_test_00923_pi_sa_t1,medclipseg_brisc:brisc2025_test_00993_pi_sa_t1,present,pituitary,An area of pituitary tumor is identified in the center part of the brain.,Detected a pituitary neoplasm in the center region of the brain.,55469b9093e1705e42d0835e5b7b113e60af7b53844f7bf77966e4f989c104e9,c43c5824952fa9e3f749a6cacb82fa54d67549dddc1f1d1467f53e735c985b07,0,1
STRATIFIED_DERANGEMENT_V1_20260719,medclipseg_brisc,medclipseg_brisc:brisc2025_test_00924_pi_sa_t1,medclipseg_brisc:brisc2025_test_00998_pi_sa_t1,present,pituitary,A pituitary tumor is present in the center region of the brain.,A pituitary tumor is visible in the center region on the scan.,615f1bd96a0ce798bf1a57e5c084343fa9159297ea1bdfaf08f046fb17cf99f8,aebe880454cafd8af96d7c008d227712462f70288968bf1a1a5c652fcf41cff1,0,1
STRATIFIED_DERANGEMENT_V1_20260719,medclipseg_brisc,medclipseg_brisc:brisc2025_test_00925_pi_sa_t1,medclipseg_brisc:brisc2025_test_00996_pi_sa_t1,present,pituitary,A focal pituitary mass is identified in the center region.,A pituitary tumor can be seen in the center portion of the brain.,dfb0eac2d3a9fddccdc5e169761599eaf51ade18ee6329e5e6eb2d4781f3e86d,be8042ede32a392e37d271aeff6695d421f1e6504849d81bb3f90ad964eeff64,0,1
STRATIFIED_DERANGEMENT_V1_20260719,medclipseg_brisc,medclipseg_brisc:brisc2025_test_00926_pi_sa_t1,medclipseg_brisc:brisc2025_test_00964_pi_sa_t1,present,pituitary,The center part of the brain exhibits a pituitary abnormality.,The center region shows signs of a pituitary tumor.,451e1a3d8ebd42c65b8856e89640c0b0af22d6c90db2f8f55d4bf4bee6236520,4e52dd02dd3eeedef264b8d029f415985fde06cabccd612f3f43fbf0421dedfb,0,1
STRATIFIED_DERANGEMENT_V1_20260719,medclipseg_brisc,medclipseg_brisc:brisc2025_test_00927_pi_sa_t1,medclipseg_brisc:brisc2025_test_00759_pi_ax_t1,present,pituitary,Presence of a pituitary mass detected in the center area.,The center brain region contains a detected pituitary tumor.,9a7e2ed179a889505add5f4605b436ff3fe08b7f9b7730d120098a62e20c8ef1,6c82f537d9b0375491754383ad528bdbea07c07cfa44736d717cd9f03c43fce0,0,1
STRATIFIED_DERANGEMENT_V1_20260719,medclipseg_brisc,medclipseg_brisc:brisc2025_test_00928_pi_sa_t1,medclipseg_brisc:brisc2025_test_00810_pi_ax_t1,present,pituitary,MRI findings reveal a pituitary tumor in the center zone.,MRI shows a pituitary lesion occupying the center area.,f2162e38771b1e223de1cce1b6418e70b3d982d03d73edb42aa1dbc7a1c549f7,4113332ab51931403e581ff8b103346479489ef335a0b6a4335ec5164e5797b0,0,1
STRATIFIED_DERANGEMENT_V1_20260719,medclipseg_brisc,medclipseg_brisc:brisc2025_test_00929_pi_sa_t1,medclipseg_brisc:brisc2025_test_00894_pi_co_t1,present,pituitary,The center region shows signs of a pituitary tumor.,The scan shows a pituitary tumor positioned in the center.,4e52dd02dd3eeedef264b8d029f415985fde06cabccd612f3f43fbf0421dedfb,22e25b89bb9b4da1267749f8189f06ce57fc17e46ef716cff0aa232f4ba64456,0,1
STRATIFIED_DERANGEMENT_V1_20260719,medclipseg_brisc,medclipseg_brisc:brisc2025_test_00930_pi_sa_t1,medclipseg_brisc:brisc2025_test_01000_pi_sa_t1,present,pituitary,A pituitary tumor is present in the center region of the brain.,A pituitary tumor is visible in the center region on the scan.,615f1bd96a0ce798bf1a57e5c084343fa9159297ea1bdfaf08f046fb17cf99f8,aebe880454cafd8af96d7c008d227712462f70288968bf1a1a5c652fcf41cff1,0,1
STRATIFIED_DERANGEMENT_V1_20260719,medclipseg_brisc,medclipseg_brisc:brisc2025_test_00931_pi_sa_t1,medclipseg_brisc:brisc2025_test_00829_pi_co_t1,present,pituitary,The scan shows a pituitary tumor positioned in the center.,There is evidence of a pituitary lesion in the center part of the brain.,22e25b89bb9b4da1267749f8189f06ce57fc17e46ef716cff0aa232f4ba64456,3e01ba5d4f6c3500b5cb930c73e73cb852947d86768ff938b1b5f187ebed6931,0,1
STRATIFIED_DERANGEMENT_V1_20260719,medclipseg_brisc,medclipseg_brisc:brisc2025_test_00932_pi_sa_t1,medclipseg_brisc:brisc2025_test_00754_pi_ax_t1,present,pituitary,Detected pituitary lesion located at the center area.,Imaging demonstrates a pituitary tumor occupying the center region.,fd2ddde9eaecd78450364ebc06767d7700417741c24e82ff30b42b0a036960df,dd17b898414b8eac0eb8591ff91c635a716bfdfeb650874a0a28b6451248541c,0,1
STRATIFIED_DERANGEMENT_V1_20260719,medclipseg_brisc,medclipseg_brisc:brisc2025_test_00933_pi_sa_t1,medclipseg_brisc:brisc2025_test_00978_pi_sa_t1,present,pituitary,Abnormal pituitary growth observed in the center part of the brain.,An area of pituitary tumor is identified in the center part of the brain.,68e25811159be31db3bf65e282735ba93f2fd3de9fabc284c62c7b05f181c250,55469b9093e1705e42d0835e5b7b113e60af7b53844f7bf77966e4f989c104e9,0,1
STRATIFIED_DERANGEMENT_V1_20260719,medclipseg_brisc,medclipseg_brisc:brisc2025_test_00934_pi_sa_t1,medclipseg_brisc:brisc2025_test_00858_pi_co_t1,present,pituitary,The center brain region contains a detected pituitary tumor.,The center region shows signs of a pituitary tumor.,6c82f537d9b0375491754383ad528bdbea07c07cfa44736d717cd9f03c43fce0,4e52dd02dd3eeedef264b8d029f415985fde06cabccd612f3f43fbf0421dedfb,0,1
STRATIFIED_DERANGEMENT_V1_20260719,medclipseg_brisc,medclipseg_brisc:brisc2025_test_00935_pi_sa_t1,medclipseg_brisc:brisc2025_test_00783_pi_ax_t1,present,pituitary,Detected pituitary lesion located at the center area.,Imaging demonstrates a pituitary tumor occupying the center region.,fd2ddde9eaecd78450364ebc06767d7700417741c24e82ff30b42b0a036960df,dd17b898414b8eac0eb8591ff91c635a716bfdfeb650874a0a28b6451248541c,0,1
STRATIFIED_DERANGEMENT_V1_20260719,medclipseg_brisc,medclipseg_brisc:brisc2025_test_00936_pi_sa_t1,medclipseg_brisc:brisc2025_test_00824_pi_ax_t1,present,pituitary,Imaging reveals a pituitary abnormality located in the center.,MRI reveals a pituitary tumor located in the center region.,ff6d29fd6b0090bffe9cd4fefeec17754a04e3524946483e4426b7aeb977df17,7861c9bd0303c7ee227d72146b7dc78d9a1447eb38476756d00b67857a5f5e41,0,1
STRATIFIED_DERANGEMENT_V1_20260719,medclipseg_brisc,medclipseg_brisc:brisc2025_test_00937_pi_sa_t1,medclipseg_brisc:brisc2025_test_00873_pi_co_t1,present,pituitary,MRI shows a pituitary lesion occupying the center area.,Presence of a pituitary mass detected in the center area.,4113332ab51931403e581ff8b103346479489ef335a0b6a4335ec5164e5797b0,9a7e2ed179a889505add5f4605b436ff3fe08b7f9b7730d120098a62e20c8ef1,0,1
STRATIFIED_DERANGEMENT_V1_20260719,medclipseg_brisc,medclipseg_brisc:brisc2025_test_00938_pi_sa_t1,medclipseg_brisc:brisc2025_test_00755_pi_ax_t1,present,pituitary,There is a pituitary lesion affecting the center area of the brain.,A focal pituitary mass is identified in the center region.,2d14d69b9b7d48bceac9a0b8327d63be604970667bba6dc2cf182dd869910989,dfb0eac2d3a9fddccdc5e169761599eaf51ade18ee6329e5e6eb2d4781f3e86d,0,1
STRATIFIED_DERANGEMENT_V1_20260719,medclipseg_brisc,medclipseg_brisc:brisc2025_test_00939_pi_sa_t1,medclipseg_brisc:brisc2025_test_00840_pi_co_t1,present,pituitary,The scan shows a pituitary tumor positioned in the center.,There is evidence of a pituitary lesion in the center part of the brain.,22e25b89bb9b4da1267749f8189f06ce57fc17e46ef716cff0aa232f4ba64456,3e01ba5d4f6c3500b5cb930c73e73cb852947d86768ff938b1b5f187ebed6931,0,1
STRATIFIED_DERANGEMENT_V1_20260719,medclipseg_brisc,medclipseg_brisc:brisc2025_test_00940_pi_sa_t1,medclipseg_brisc:brisc2025_test_00713_pi_ax_t1,present,pituitary,The center part of the brain exhibits a pituitary abnormality.,The center section of the brain contains a pituitary lesion.,451e1a3d8ebd42c65b8856e89640c0b0af22d6c90db2f8f55d4bf4bee6236520,b5aecae68c062d25a6589b40421884e34c9d7567d7d38447a87d27b02da6b2a6,0,1
STRATIFIED_DERANGEMENT_V1_20260719,medclipseg_brisc,medclipseg_brisc:brisc2025_test_00941_pi_sa_t1,medclipseg_brisc:brisc2025_test_00833_pi_co_t1,present,pituitary,Presence of a pituitary growth observed in the center brain area.,The MRI shows a pituitary mass located within the center region.,bf541fc32d6b9096c2bdc0e73db5e77431757db8670d312d4062ac68569da304,0ebbfb56e2e410f7d010e7a3ebb8a2534bbc7a668642fe570e389dcb95dd02e5,0,1
STRATIFIED_DERANGEMENT_V1_20260719,medclipseg_brisc,medclipseg_brisc:brisc2025_test_00942_pi_sa_t1,medclipseg_brisc:brisc2025_test_00816_pi_ax_t1,present,pituitary,MRI findings reveal a pituitary tumor in the center zone.,MRI shows a pituitary lesion occupying the center area.,f2162e38771b1e223de1cce1b6418e70b3d982d03d73edb42aa1dbc7a1c549f7,4113332ab51931403e581ff8b103346479489ef335a0b6a4335ec5164e5797b0,0,1
STRATIFIED_DERANGEMENT_V1_20260719,medclipseg_brisc,medclipseg_brisc:brisc2025_test_00943_pi_sa_t1,medclipseg_brisc:brisc2025_test_00912_pi_co_t1,present,pituitary,Detected a pituitary neoplasm in the center region of the brain.,Detected pituitary lesion located at the center area.,c43c5824952fa9e3f749a6cacb82fa54d67549dddc1f1d1467f53e735c985b07,fd2ddde9eaecd78450364ebc06767d7700417741c24e82ff30b42b0a036960df,0,1
STRATIFIED_DERANGEMENT_V1_20260719,medclipseg_brisc,medclipseg_brisc:brisc2025_test_00944_pi_sa_t1,medclipseg_brisc:brisc2025_test_00764_pi_ax_t1,present,pituitary,An area of pituitary tumor is identified in the center part of the brain.,Detected abnormal growth of pituitary tumor in the center part.,55469b9093e1705e42d0835e5b7b113e60af7b53844f7bf77966e4f989c104e9,872081f9cdc84f2c5f2bbcc26adc6310948b6b03331dc63cea77af44857c0b8d,0,1
STRATIFIED_DERANGEMENT_V1_20260719,medclipseg_brisc,medclipseg_brisc:brisc2025_test_00945_pi_sa_t1,medclipseg_brisc:brisc2025_test_00875_pi_co_t1,present,pituitary,There is evidence of a pituitary lesion in the center part of the brain.,A pituitary tumor can be seen in the center portion of the brain.,3e01ba5d4f6c3500b5cb930c73e73cb852947d86768ff938b1b5f187ebed6931,be8042ede32a392e37d271aeff6695d421f1e6504849d81bb3f90ad964eeff64,0,1
STRATIFIED_DERANGEMENT_V1_20260719,medclipseg_brisc,medclipseg_brisc:brisc2025_test_00946_pi_sa_t1,medclipseg_brisc:brisc2025_test_00881_pi_co_t1,present,pituitary,The center brain region contains a detected pituitary tumor.,The center region shows signs of a pituitary tumor.,6c82f537d9b0375491754383ad528bdbea07c07cfa44736d717cd9f03c43fce0,4e52dd02dd3eeedef264b8d029f415985fde06cabccd612f3f43fbf0421dedfb,0,1
STRATIFIED_DERANGEMENT_V1_20260719,medclipseg_brisc,medclipseg_brisc:brisc2025_test_00947_pi_sa_t1,medclipseg_brisc:brisc2025_test_00818_pi_ax_t1,present,pituitary,An abnormal pituitary mass is found in the center section.,Detected a pituitary neoplasm in the center region of the brain.,0f012455a26a2082cb5d94ef5f63b3179a27ac8f74ad829d0c6fc0f64fa58116,c43c5824952fa9e3f749a6cacb82fa54d67549dddc1f1d1467f53e735c985b07,0,1
STRATIFIED_DERANGEMENT_V1_20260719,medclipseg_brisc,medclipseg_brisc:brisc2025_test_00948_pi_sa_t1,medclipseg_brisc:brisc2025_test_00800_pi_ax_t1,present,pituitary,A pituitary tumor has been identified in the center area.,A pituitary tumor is visible in the center region on the scan.,cec46edb9dc29a05a25c691336a10f25c88affa223186c43cb58aaf334899dfc,aebe880454cafd8af96d7c008d227712462f70288968bf1a1a5c652fcf41cff1,0,1
STRATIFIED_DERANGEMENT_V1_20260719,medclipseg_brisc,medclipseg_brisc:brisc2025_test_00949_pi_sa_t1,medclipseg_brisc:brisc2025_test_00883_pi_co_t1,present,pituitary,Imaging identifies a pituitary tumor in the center quadrant.,MRI findings reveal a pituitary tumor in the center zone.,7f658901b51958c12f12c30f8096652ffb4b4972300e5de6512ae9aaed83b518,f2162e38771b1e223de1cce1b6418e70b3d982d03d73edb42aa1dbc7a1c549f7,0,1
STRATIFIED_DERANGEMENT_V1_20260719,medclipseg_brisc,medclipseg_brisc:brisc2025_test_00950_pi_sa_t1,medclipseg_brisc:brisc2025_test_00926_pi_sa_t1,present,pituitary,The center area contains a confirmed pituitary tumor.,The center part of the brain exhibits a pituitary abnormality.,ffeb8f89dad5292bb3fd8e82979c352cf5ac8d845829db7ddeec43a9a342582a,451e1a3d8ebd42c65b8856e89640c0b0af22d6c90db2f8f55d4bf4bee6236520,0,1
STRATIFIED_DERANGEMENT_V1_20260719,medclipseg_brisc,medclipseg_brisc:brisc2025_test_00951_pi_sa_t1,medclipseg_brisc:brisc2025_test_00965_pi_sa_t1,present,pituitary,Imaging demonstrates a pituitary tumor occupying the center region.,Imaging reveals a pituitary abnormality located in the center.,dd17b898414b8eac0eb8591ff91c635a716bfdfeb650874a0a28b6451248541c,ff6d29fd6b0090bffe9cd4fefeec17754a04e3524946483e4426b7aeb977df17,0,1
STRATIFIED_DERANGEMENT_V1_20260719,medclipseg_brisc,medclipseg_brisc:brisc2025_test_00952_pi_sa_t1,medclipseg_brisc:brisc2025_test_00742_pi_ax_t1,present,pituitary,The center part of the brain exhibits a pituitary abnormality.,The center section of the brain contains a pituitary lesion.,451e1a3d8ebd42c65b8856e89640c0b0af22d6c90db2f8f55d4bf4bee6236520,b5aecae68c062d25a6589b40421884e34c9d7567d7d38447a87d27b02da6b2a6,0,1
STRATIFIED_DERANGEMENT_V1_20260719,medclipseg_brisc,medclipseg_brisc:brisc2025_test_00953_pi_sa_t1,medclipseg_brisc:brisc2025_test_00848_pi_co_t1,present,pituitary,Detected pituitary lesion located at the center area.,Imaging demonstrates a pituitary tumor occupying the center region.,fd2ddde9eaecd78450364ebc06767d7700417741c24e82ff30b42b0a036960df,dd17b898414b8eac0eb8591ff91c635a716bfdfeb650874a0a28b6451248541c,0,1
STRATIFIED_DERANGEMENT_V1_20260719,medclipseg_brisc,medclipseg_brisc:brisc2025_test_00954_pi_sa_t1,medclipseg_brisc:brisc2025_test_00863_pi_co_t1,present,pituitary,An abnormal pituitary mass is found in the center section.,Detected a pituitary neoplasm in the center region of the brain.,0f012455a26a2082cb5d94ef5f63b3179a27ac8f74ad829d0c6fc0f64fa58116,c43c5824952fa9e3f749a6cacb82fa54d67549dddc1f1d1467f53e735c985b07,0,1
STRATIFIED_DERANGEMENT_V1_20260719,medclipseg_brisc,medclipseg_brisc:brisc2025_test_00955_pi_sa_t1,medclipseg_brisc:brisc2025_test_00919_pi_sa_t1,present,pituitary,A pituitary tumor is visible in the center region on the scan.,A suspicious pituitary lesion is located in the center section.,aebe880454cafd8af96d7c008d227712462f70288968bf1a1a5c652fcf41cff1,6b32e6ea780f862e33e54d622458085944744e0d844776450d86c5610e923d06,0,1
STRATIFIED_DERANGEMENT_V1_20260719,medclipseg_brisc,medclipseg_brisc:brisc2025_test_00956_pi_sa_t1,medclipseg_brisc:brisc2025_test_00932_pi_sa_t1,present,pituitary,Detected a pituitary neoplasm in the center region of the brain.,Detected pituitary lesion located at the center area.,c43c5824952fa9e3f749a6cacb82fa54d67549dddc1f1d1467f53e735c985b07,fd2ddde9eaecd78450364ebc06767d7700417741c24e82ff30b42b0a036960df,0,1
STRATIFIED_DERANGEMENT_V1_20260719,medclipseg_brisc,medclipseg_brisc:brisc2025_test_00957_pi_sa_t1,medclipseg_brisc:brisc2025_test_00807_pi_ax_t1,present,pituitary,A suspicious pituitary lesion is located in the center section.,An abnormal pituitary mass is found in the center section.,6b32e6ea780f862e33e54d622458085944744e0d844776450d86c5610e923d06,0f012455a26a2082cb5d94ef5f63b3179a27ac8f74ad829d0c6fc0f64fa58116,0,1
STRATIFIED_DERANGEMENT_V1_20260719,medclipseg_brisc,medclipseg_brisc:brisc2025_test_00958_pi_sa_t1,medclipseg_brisc:brisc2025_test_00904_pi_co_t1,present,pituitary,Findings indicate a pituitary tumor situated in the center area.,Imaging identifies a pituitary tumor in the center quadrant.,f3dbe5519e378a07d81b13e73af3f4b2c8cba43e0a61c477b63ecb6d5870c299,7f658901b51958c12f12c30f8096652ffb4b4972300e5de6512ae9aaed83b518,0,1
STRATIFIED_DERANGEMENT_V1_20260719,medclipseg_brisc,medclipseg_brisc:brisc2025_test_00959_pi_sa_t1,medclipseg_brisc:brisc2025_test_00847_pi_co_t1,present,pituitary,The center part of the brain exhibits a pituitary abnormality.,The center section of the brain contains a pituitary lesion.,451e1a3d8ebd42c65b8856e89640c0b0af22d6c90db2f8f55d4bf4bee6236520,b5aecae68c062d25a6589b40421884e34c9d7567d7d38447a87d27b02da6b2a6,0,1
STRATIFIED_DERANGEMENT_V1_20260719,medclipseg_brisc,medclipseg_brisc:brisc2025_test_00960_pi_sa_t1,medclipseg_brisc:brisc2025_test_00921_pi_sa_t1,present,pituitary,The center brain region contains a detected pituitary tumor.,The center region shows signs of a pituitary tumor.,6c82f537d9b0375491754383ad528bdbea07c07cfa44736d717cd9f03c43fce0,4e52dd02dd3eeedef264b8d029f415985fde06cabccd612f3f43fbf0421dedfb,0,1
STRATIFIED_DERANGEMENT_V1_20260719,medclipseg_brisc,medclipseg_brisc:brisc2025_test_00961_pi_sa_t1,medclipseg_brisc:brisc2025_test_00880_pi_co_t1,present,pituitary,MRI shows a pituitary lesion occupying the center area.,Presence of a pituitary mass detected in the center area.,4113332ab51931403e581ff8b103346479489ef335a0b6a4335ec5164e5797b0,9a7e2ed179a889505add5f4605b436ff3fe08b7f9b7730d120098a62e20c8ef1,0,1
STRATIFIED_DERANGEMENT_V1_20260719,medclipseg_brisc,medclipseg_brisc:brisc2025_test_00962_pi_sa_t1,medclipseg_brisc:brisc2025_test_00957_pi_sa_t1,present,pituitary,A pituitary tumor is visible in the center region on the scan.,A suspicious pituitary lesion is located in the center section.,aebe880454cafd8af96d7c008d227712462f70288968bf1a1a5c652fcf41cff1,6b32e6ea780f862e33e54d622458085944744e0d844776450d86c5610e923d06,0,1
STRATIFIED_DERANGEMENT_V1_20260719,medclipseg_brisc,medclipseg_brisc:brisc2025_test_00963_pi_sa_t1,medclipseg_brisc:brisc2025_test_00852_pi_co_t1,present,pituitary,The scan shows a pituitary tumor positioned in the center.,There is evidence of a pituitary lesion in the center part of the brain.,22e25b89bb9b4da1267749f8189f06ce57fc17e46ef716cff0aa232f4ba64456,3e01ba5d4f6c3500b5cb930c73e73cb852947d86768ff938b1b5f187ebed6931,0,1
STRATIFIED_DERANGEMENT_V1_20260719,medclipseg_brisc,medclipseg_brisc:brisc2025_test_00964_pi_sa_t1,medclipseg_brisc:brisc2025_test_00911_pi_co_t1,present,pituitary,The center region shows signs of a pituitary tumor.,The scan shows a pituitary tumor positioned in the center.,4e52dd02dd3eeedef264b8d029f415985fde06cabccd612f3f43fbf0421dedfb,22e25b89bb9b4da1267749f8189f06ce57fc17e46ef716cff0aa232f4ba64456,0,1
STRATIFIED_DERANGEMENT_V1_20260719,medclipseg_brisc,medclipseg_brisc:brisc2025_test_00965_pi_sa_t1,medclipseg_brisc:brisc2025_test_00845_pi_co_t1,present,pituitary,Imaging reveals a pituitary abnormality located in the center.,MRI reveals a pituitary tumor located in the center region.,ff6d29fd6b0090bffe9cd4fefeec17754a04e3524946483e4426b7aeb977df17,7861c9bd0303c7ee227d72146b7dc78d9a1447eb38476756d00b67857a5f5e41,0,1
STRATIFIED_DERANGEMENT_V1_20260719,medclipseg_brisc,medclipseg_brisc:brisc2025_test_00966_pi_sa_t1,medclipseg_brisc:brisc2025_test_00836_pi_co_t1,present,pituitary,Presence of a pituitary growth observed in the center brain area.,The MRI shows a pituitary mass located within the center region.,bf541fc32d6b9096c2bdc0e73db5e77431757db8670d312d4062ac68569da304,0ebbfb56e2e410f7d010e7a3ebb8a2534bbc7a668642fe570e389dcb95dd02e5,0,1
STRATIFIED_DERANGEMENT_V1_20260719,medclipseg_brisc,medclipseg_brisc:brisc2025_test_00967_pi_sa_t1,medclipseg_brisc:brisc2025_test_00791_pi_ax_t1,present,pituitary,There is a pituitary lesion affecting the center area of the brain.,A focal pituitary mass is identified in the center region.,2d14d69b9b7d48bceac9a0b8327d63be604970667bba6dc2cf182dd869910989,dfb0eac2d3a9fddccdc5e169761599eaf51ade18ee6329e5e6eb2d4781f3e86d,0,1
STRATIFIED_DERANGEMENT_V1_20260719,medclipseg_brisc,medclipseg_brisc:brisc2025_test_00968_pi_sa_t1,medclipseg_brisc:brisc2025_test_00868_pi_co_t1,present,pituitary,The center section of the brain contains a pituitary lesion.,There is a pituitary lesion affecting the center area of the brain.,b5aecae68c062d25a6589b40421884e34c9d7567d7d38447a87d27b02da6b2a6,2d14d69b9b7d48bceac9a0b8327d63be604970667bba6dc2cf182dd869910989,0,1
STRATIFIED_DERANGEMENT_V1_20260719,medclipseg_brisc,medclipseg_brisc:brisc2025_test_00969_pi_sa_t1,medclipseg_brisc:brisc2025_test_00997_pi_sa_t1,present,pituitary,Abnormal pituitary growth observed in the center part of the brain.,An area of pituitary tumor is identified in the center part of the brain.,68e25811159be31db3bf65e282735ba93f2fd3de9fabc284c62c7b05f181c250,55469b9093e1705e42d0835e5b7b113e60af7b53844f7bf77966e4f989c104e9,0,1
STRATIFIED_DERANGEMENT_V1_20260719,medclipseg_brisc,medclipseg_brisc:brisc2025_test_00970_pi_sa_t1,medclipseg_brisc:brisc2025_test_00854_pi_co_t1,present,pituitary,The center part of the brain exhibits a pituitary abnormality.,The center section of the brain contains a pituitary lesion.,451e1a3d8ebd42c65b8856e89640c0b0af22d6c90db2f8f55d4bf4bee6236520,b5aecae68c062d25a6589b40421884e34c9d7567d7d38447a87d27b02da6b2a6,0,1
STRATIFIED_DERANGEMENT_V1_20260719,medclipseg_brisc,medclipseg_brisc:brisc2025_test_00971_pi_sa_t1,medclipseg_brisc:brisc2025_test_00841_pi_co_t1,present,pituitary,A suspicious pituitary lesion is located in the center section.,An abnormal pituitary mass is found in the center section.,6b32e6ea780f862e33e54d622458085944744e0d844776450d86c5610e923d06,0f012455a26a2082cb5d94ef5f63b3179a27ac8f74ad829d0c6fc0f64fa58116,0,1
STRATIFIED_DERANGEMENT_V1_20260719,medclipseg_brisc,medclipseg_brisc:brisc2025_test_00972_pi_sa_t1,medclipseg_brisc:brisc2025_test_00871_pi_co_t1,present,pituitary,The center section of the brain contains a pituitary lesion.,There is a pituitary lesion affecting the center area of the brain.,b5aecae68c062d25a6589b40421884e34c9d7567d7d38447a87d27b02da6b2a6,2d14d69b9b7d48bceac9a0b8327d63be604970667bba6dc2cf182dd869910989,0,1
STRATIFIED_DERANGEMENT_V1_20260719,medclipseg_brisc,medclipseg_brisc:brisc2025_test_00973_pi_sa_t1,medclipseg_brisc:brisc2025_test_00895_pi_co_t1,present,pituitary,There is evidence of a pituitary lesion in the center part of the brain.,A pituitary tumor can be seen in the center portion of the brain.,3e01ba5d4f6c3500b5cb930c73e73cb852947d86768ff938b1b5f187ebed6931,be8042ede32a392e37d271aeff6695d421f1e6504849d81bb3f90ad964eeff64,0,1
STRATIFIED_DERANGEMENT_V1_20260719,medclipseg_brisc,medclipseg_brisc:brisc2025_test_00974_pi_sa_t1,medclipseg_brisc:brisc2025_test_00928_pi_sa_t1,present,pituitary,Imaging identifies a pituitary tumor in the center quadrant.,MRI findings reveal a pituitary tumor in the center zone.,7f658901b51958c12f12c30f8096652ffb4b4972300e5de6512ae9aaed83b518,f2162e38771b1e223de1cce1b6418e70b3d982d03d73edb42aa1dbc7a1c549f7,0,1
STRATIFIED_DERANGEMENT_V1_20260719,medclipseg_brisc,medclipseg_brisc:brisc2025_test_00975_pi_sa_t1,medclipseg_brisc:brisc2025_test_00900_pi_co_t1,present,pituitary,A pituitary tumor can be seen in the center portion of the brain.,A pituitary tumor has been identified in the center area.,be8042ede32a392e37d271aeff6695d421f1e6504849d81bb3f90ad964eeff64,cec46edb9dc29a05a25c691336a10f25c88affa223186c43cb58aaf334899dfc,0,1
STRATIFIED_DERANGEMENT_V1_20260719,medclipseg_brisc,medclipseg_brisc:brisc2025_test_00976_pi_sa_t1,medclipseg_brisc:brisc2025_test_00867_pi_co_t1,present,pituitary,MRI findings reveal a pituitary tumor in the center zone.,MRI shows a pituitary lesion occupying the center area.,f2162e38771b1e223de1cce1b6418e70b3d982d03d73edb42aa1dbc7a1c549f7,4113332ab51931403e581ff8b103346479489ef335a0b6a4335ec5164e5797b0,0,1
STRATIFIED_DERANGEMENT_V1_20260719,medclipseg_brisc,medclipseg_brisc:brisc2025_test_00977_pi_sa_t1,medclipseg_brisc:brisc2025_test_00942_pi_sa_t1,present,pituitary,Imaging identifies a pituitary tumor in the center quadrant.,MRI findings reveal a pituitary tumor in the center zone.,7f658901b51958c12f12c30f8096652ffb4b4972300e5de6512ae9aaed83b518,f2162e38771b1e223de1cce1b6418e70b3d982d03d73edb42aa1dbc7a1c549f7,0,1
STRATIFIED_DERANGEMENT_V1_20260719,medclipseg_brisc,medclipseg_brisc:brisc2025_test_00978_pi_sa_t1,medclipseg_brisc:brisc2025_test_00886_pi_co_t1,present,pituitary,An area of pituitary tumor is identified in the center part of the brain.,Detected abnormal growth of pituitary tumor in the center part.,55469b9093e1705e42d0835e5b7b113e60af7b53844f7bf77966e4f989c104e9,872081f9cdc84f2c5f2bbcc26adc6310948b6b03331dc63cea77af44857c0b8d,0,1
STRATIFIED_DERANGEMENT_V1_20260719,medclipseg_brisc,medclipseg_brisc:brisc2025_test_00979_pi_sa_t1,medclipseg_brisc:brisc2025_test_00922_pi_sa_t1,present,pituitary,The center brain region contains a detected pituitary tumor.,The center region shows signs of a pituitary tumor.,6c82f537d9b0375491754383ad528bdbea07c07cfa44736d717cd9f03c43fce0,4e52dd02dd3eeedef264b8d029f415985fde06cabccd612f3f43fbf0421dedfb,0,1
STRATIFIED_DERANGEMENT_V1_20260719,medclipseg_brisc,medclipseg_brisc:brisc2025_test_00980_pi_sa_t1,medclipseg_brisc:brisc2025_test_00948_pi_sa_t1,present,pituitary,A pituitary tumor can be seen in the center portion of the brain.,A pituitary tumor has been identified in the center area.,be8042ede32a392e37d271aeff6695d421f1e6504849d81bb3f90ad964eeff64,cec46edb9dc29a05a25c691336a10f25c88affa223186c43cb58aaf334899dfc,0,1
STRATIFIED_DERANGEMENT_V1_20260719,medclipseg_brisc,medclipseg_brisc:brisc2025_test_00981_pi_sa_t1,medclipseg_brisc:brisc2025_test_00877_pi_co_t1,present,pituitary,The center section of the brain contains a pituitary lesion.,There is a pituitary lesion affecting the center area of the brain.,b5aecae68c062d25a6589b40421884e34c9d7567d7d38447a87d27b02da6b2a6,2d14d69b9b7d48bceac9a0b8327d63be604970667bba6dc2cf182dd869910989,0,1
STRATIFIED_DERANGEMENT_V1_20260719,medclipseg_brisc,medclipseg_brisc:brisc2025_test_00982_pi_sa_t1,medclipseg_brisc:brisc2025_test_00714_pi_ax_t1,present,pituitary,A pituitary tumor can be seen in the center portion of the brain.,A pituitary tumor is present in the center region of the brain.,be8042ede32a392e37d271aeff6695d421f1e6504849d81bb3f90ad964eeff64,615f1bd96a0ce798bf1a57e5c084343fa9159297ea1bdfaf08f046fb17cf99f8,0,1
STRATIFIED_DERANGEMENT_V1_20260719,medclipseg_brisc,medclipseg_brisc:brisc2025_test_00983_pi_sa_t1,medclipseg_brisc:brisc2025_test_00766_pi_ax_t1,present,pituitary,A pituitary tumor can be seen in the center portion of the brain.,A pituitary tumor is present in the center region of the brain.,be8042ede32a392e37d271aeff6695d421f1e6504849d81bb3f90ad964eeff64,615f1bd96a0ce798bf1a57e5c084343fa9159297ea1bdfaf08f046fb17cf99f8,0,1
STRATIFIED_DERANGEMENT_V1_20260719,medclipseg_brisc,medclipseg_brisc:brisc2025_test_00984_pi_sa_t1,medclipseg_brisc:brisc2025_test_00798_pi_ax_t1,present,pituitary,A pituitary tumor can be seen in the center portion of the brain.,A pituitary tumor is present in the center region of the brain.,be8042ede32a392e37d271aeff6695d421f1e6504849d81bb3f90ad964eeff64,615f1bd96a0ce798bf1a57e5c084343fa9159297ea1bdfaf08f046fb17cf99f8,0,1
STRATIFIED_DERANGEMENT_V1_20260719,medclipseg_brisc,medclipseg_brisc:brisc2025_test_00985_pi_sa_t1,medclipseg_brisc:brisc2025_test_00819_pi_ax_t1,present,pituitary,A pituitary tumor can be seen in the center portion of the brain.,A pituitary tumor is present in the center region of the brain.,be8042ede32a392e37d271aeff6695d421f1e6504849d81bb3f90ad964eeff64,615f1bd96a0ce798bf1a57e5c084343fa9159297ea1bdfaf08f046fb17cf99f8,0,1
STRATIFIED_DERANGEMENT_V1_20260719,medclipseg_brisc,medclipseg_brisc:brisc2025_test_00986_pi_sa_t1,medclipseg_brisc:brisc2025_test_00971_pi_sa_t1,present,pituitary,A pituitary tumor is visible in the center region on the scan.,A suspicious pituitary lesion is located in the center section.,aebe880454cafd8af96d7c008d227712462f70288968bf1a1a5c652fcf41cff1,6b32e6ea780f862e33e54d622458085944744e0d844776450d86c5610e923d06,0,1
STRATIFIED_DERANGEMENT_V1_20260719,medclipseg_brisc,medclipseg_brisc:brisc2025_test_00987_pi_sa_t1,medclipseg_brisc:brisc2025_test_00941_pi_sa_t1,present,pituitary,MRI reveals a pituitary tumor located in the center region.,Presence of a pituitary growth observed in the center brain area.,7861c9bd0303c7ee227d72146b7dc78d9a1447eb38476756d00b67857a5f5e41,bf541fc32d6b9096c2bdc0e73db5e77431757db8670d312d4062ac68569da304,0,1
STRATIFIED_DERANGEMENT_V1_20260719,medclipseg_brisc,medclipseg_brisc:brisc2025_test_00988_pi_sa_t1,medclipseg_brisc:brisc2025_test_00893_pi_co_t1,present,pituitary,The scan shows a pituitary tumor positioned in the center.,There is evidence of a pituitary lesion in the center part of the brain.,22e25b89bb9b4da1267749f8189f06ce57fc17e46ef716cff0aa232f4ba64456,3e01ba5d4f6c3500b5cb930c73e73cb852947d86768ff938b1b5f187ebed6931,0,1
STRATIFIED_DERANGEMENT_V1_20260719,medclipseg_brisc,medclipseg_brisc:brisc2025_test_00989_pi_sa_t1,medclipseg_brisc:brisc2025_test_00826_pi_co_t1,present,pituitary,A pituitary tumor can be seen in the center portion of the brain.,A pituitary tumor is present in the center region of the brain.,be8042ede32a392e37d271aeff6695d421f1e6504849d81bb3f90ad964eeff64,615f1bd96a0ce798bf1a57e5c084343fa9159297ea1bdfaf08f046fb17cf99f8,0,1
STRATIFIED_DERANGEMENT_V1_20260719,medclipseg_brisc,medclipseg_brisc:brisc2025_test_00990_pi_sa_t1,medclipseg_brisc:brisc2025_test_00940_pi_sa_t1,present,pituitary,The center area contains a confirmed pituitary tumor.,The center part of the brain exhibits a pituitary abnormality.,ffeb8f89dad5292bb3fd8e82979c352cf5ac8d845829db7ddeec43a9a342582a,451e1a3d8ebd42c65b8856e89640c0b0af22d6c90db2f8f55d4bf4bee6236520,0,1
STRATIFIED_DERANGEMENT_V1_20260719,medclipseg_brisc,medclipseg_brisc:brisc2025_test_00991_pi_sa_t1,medclipseg_brisc:brisc2025_test_00862_pi_co_t1,present,pituitary,The center part of the brain exhibits a pituitary abnormality.,The center section of the brain contains a pituitary lesion.,451e1a3d8ebd42c65b8856e89640c0b0af22d6c90db2f8f55d4bf4bee6236520,b5aecae68c062d25a6589b40421884e34c9d7567d7d38447a87d27b02da6b2a6,0,1
STRATIFIED_DERANGEMENT_V1_20260719,medclipseg_brisc,medclipseg_brisc:brisc2025_test_00992_pi_sa_t1,medclipseg_brisc:brisc2025_test_00935_pi_sa_t1,present,pituitary,Detected a pituitary neoplasm in the center region of the brain.,Detected pituitary lesion located at the center area.,c43c5824952fa9e3f749a6cacb82fa54d67549dddc1f1d1467f53e735c985b07,fd2ddde9eaecd78450364ebc06767d7700417741c24e82ff30b42b0a036960df,0,1
STRATIFIED_DERANGEMENT_V1_20260719,medclipseg_brisc,medclipseg_brisc:brisc2025_test_00993_pi_sa_t1,medclipseg_brisc:brisc2025_test_00953_pi_sa_t1,present,pituitary,Detected a pituitary neoplasm in the center region of the brain.,Detected pituitary lesion located at the center area.,c43c5824952fa9e3f749a6cacb82fa54d67549dddc1f1d1467f53e735c985b07,fd2ddde9eaecd78450364ebc06767d7700417741c24e82ff30b42b0a036960df,0,1
STRATIFIED_DERANGEMENT_V1_20260719,medclipseg_brisc,medclipseg_brisc:brisc2025_test_00994_pi_sa_t1,medclipseg_brisc:brisc2025_test_00709_pi_ax_t1,present,pituitary,Abnormal pituitary growth observed in the center part of the brain.,Detected a pituitary neoplasm in the center region of the brain.,68e25811159be31db3bf65e282735ba93f2fd3de9fabc284c62c7b05f181c250,c43c5824952fa9e3f749a6cacb82fa54d67549dddc1f1d1467f53e735c985b07,0,1
STRATIFIED_DERANGEMENT_V1_20260719,medclipseg_brisc,medclipseg_brisc:brisc2025_test_00995_pi_sa_t1,medclipseg_brisc:brisc2025_test_00920_pi_sa_t1,present,pituitary,The scan shows a pituitary tumor positioned in the center.,There is evidence of a pituitary lesion in the center part of the brain.,22e25b89bb9b4da1267749f8189f06ce57fc17e46ef716cff0aa232f4ba64456,3e01ba5d4f6c3500b5cb930c73e73cb852947d86768ff938b1b5f187ebed6931,0,1
STRATIFIED_DERANGEMENT_V1_20260719,medclipseg_brisc,medclipseg_brisc:brisc2025_test_00996_pi_sa_t1,medclipseg_brisc:brisc2025_test_00865_pi_co_t1,present,pituitary,A pituitary tumor can be seen in the center portion of the brain.,A pituitary tumor is present in the center region of the brain.,be8042ede32a392e37d271aeff6695d421f1e6504849d81bb3f90ad964eeff64,615f1bd96a0ce798bf1a57e5c084343fa9159297ea1bdfaf08f046fb17cf99f8,0,1
STRATIFIED_DERANGEMENT_V1_20260719,medclipseg_brisc,medclipseg_brisc:brisc2025_test_00997_pi_sa_t1,medclipseg_brisc:brisc2025_test_00903_pi_co_t1,present,pituitary,An area of pituitary tumor is identified in the center part of the brain.,Detected abnormal growth of pituitary tumor in the center part.,55469b9093e1705e42d0835e5b7b113e60af7b53844f7bf77966e4f989c104e9,872081f9cdc84f2c5f2bbcc26adc6310948b6b03331dc63cea77af44857c0b8d,0,1
STRATIFIED_DERANGEMENT_V1_20260719,medclipseg_brisc,medclipseg_brisc:brisc2025_test_00998_pi_sa_t1,medclipseg_brisc:brisc2025_test_00724_pi_ax_t1,present,pituitary,A pituitary tumor is visible in the center region on the scan.,Abnormal pituitary growth observed in the center part of the brain.,aebe880454cafd8af96d7c008d227712462f70288968bf1a1a5c652fcf41cff1,68e25811159be31db3bf65e282735ba93f2fd3de9fabc284c62c7b05f181c250,0,1
STRATIFIED_DERANGEMENT_V1_20260719,medclipseg_brisc,medclipseg_brisc:brisc2025_test_00999_pi_sa_t1,medclipseg_brisc:brisc2025_test_00906_pi_co_t1,present,pituitary,Findings indicate a pituitary tumor situated in the center area.,Imaging identifies a pituitary tumor in the center quadrant.,f3dbe5519e378a07d81b13e73af3f4b2c8cba43e0a61c477b63ecb6d5870c299,7f658901b51958c12f12c30f8096652ffb4b4972300e5de6512ae9aaed83b518,0,1
STRATIFIED_DERANGEMENT_V1_20260719,medclipseg_brisc,medclipseg_brisc:brisc2025_test_01000_pi_sa_t1,medclipseg_brisc:brisc2025_test_00736_pi_ax_t1,present,pituitary,A pituitary tumor is visible in the center region on the scan.,Abnormal pituitary growth observed in the center part of the brain.,aebe880454cafd8af96d7c008d227712462f70288968bf1a1a5c652fcf41cff1,68e25811159be31db3bf65e282735ba93f2fd3de9fabc284c62c7b05f181c250,0,1
